time_s,vertical,north
0.00,4.488742,3.142120
0.01,-6.690982,-4.683687
0.02,10.057320,7.040124
0.03,-6.831885,-4.782319
0.04,2.053015,1.437110
0.05,6.971743,4.880220
0.06,-6.928706,-4.850094
0.07,7.846507,5.492555
0.08,-1.075851,-0.753096
0.09,-3.327610,-2.329327
0.10,11.545996,8.082197
0.11,-5.645545,-3.951881
0.12,-1.476172,-1.033320
0.13,1.942792,1.359954
0.14,2.516073,1.761251
0.15,-5.475375,-3.832762
0.16,8.578425,6.004898
0.17,-1.748798,-1.224158
0.18,-6.373797,-4.461658
0.19,5.615943,3.931160
0.20,-5.393952,-3.775766
0.21,6.782057,4.747440
0.22,-11.312776,-7.918943
0.23,-1.697177,-1.188024
0.24,13.135703,9.194992
0.25,0.460025,0.322017
0.26,-1.407066,-0.984946
0.27,-2.991373,-2.093961
0.28,-0.566995,-0.396897
0.29,11.076215,7.753350
0.30,14.683569,10.278498
0.31,1.022203,0.715542
0.32,1.167745,0.817421
0.33,5.752860,4.027002
0.34,-4.777346,-3.344143
0.35,-3.818901,-2.673230
0.36,7.103670,4.972569
0.37,-6.523786,-4.566650
0.38,-1.383407,-0.968385
0.39,-2.926966,-2.048876
0.40,7.258114,5.080680
0.41,-5.316800,-3.721760
0.42,6.659754,4.661828
0.43,10.941574,7.659102
0.44,2.432532,1.702772
0.45,-3.008154,-2.105708
0.46,1.036402,0.725482
0.47,-3.839282,-2.687497
0.48,-2.326239,-1.628367
0.49,9.572710,6.700897
0.50,6.394319,4.476024
0.51,4.537226,3.176058
0.52,3.911202,2.737841
0.53,4.095331,2.866732
0.54,9.442807,6.609965
0.55,14.835123,10.384586
0.56,-0.837034,-0.585924
0.57,-8.273921,-5.791745
0.58,-1.255697,-0.878988
0.59,-5.481831,-3.837282
0.60,-0.615050,-0.430535
0.61,7.316602,5.121622
0.62,3.691248,2.583874
0.63,16.349820,11.444874
0.64,9.902046,6.931432
0.65,-0.377557,-0.264290
0.66,8.965420,6.275794
0.67,-7.592916,-5.315041
0.68,-3.449517,-2.414662
0.69,5.040317,3.528222
0.70,-0.848427,-0.593899
0.71,-3.870413,-2.709289
0.72,-3.180596,-2.226417
0.73,-5.881131,-4.116792
0.74,2.601506,1.821054
0.75,2.756374,1.929462
0.76,-1.418621,-0.993034
0.77,-13.231818,-9.262272
0.78,4.019957,2.813970
0.79,4.509487,3.156641
0.80,-4.552815,-3.186970
0.81,2.576696,1.803687
0.82,6.070355,4.249249
0.83,4.268953,2.988267
0.84,-0.808744,-0.566121
0.85,-5.370312,-3.759218
0.86,0.682312,0.477619
0.87,4.728784,3.310149
0.88,-3.086892,-2.160824
0.89,-2.127013,-1.488909
0.90,1.591331,1.113932
0.91,-2.407269,-1.685088
0.92,-3.074582,-2.152208
0.93,8.056304,5.639413
0.94,15.491248,10.843874
0.95,10.330272,7.231190
0.96,0.338745,0.237122
0.97,-6.821890,-4.775323
0.98,3.856470,2.699529
0.99,-5.831136,-4.081795
1.00,-5.988917,-4.192242
1.01,3.279766,2.295836
1.02,2.035145,1.424601
1.03,6.133448,4.293413
1.04,-5.383566,-3.768497
1.05,10.151189,7.105832
1.06,6.540793,4.578555
1.07,-1.464062,-1.024843
1.08,2.196104,1.537273
1.09,8.747517,6.123262
1.10,3.873502,2.711451
1.11,-4.797741,-3.358419
1.12,-6.485669,-4.539969
1.13,-5.133732,-3.593613
1.14,1.699288,1.189502
1.15,-1.631907,-1.142335
1.16,3.563586,2.494510
1.17,1.872327,1.310629
1.18,1.856116,1.299281
1.19,10.003678,7.002575
1.20,5.793406,4.055384
1.21,4.727351,3.309146
1.22,-8.054101,-5.637871
1.23,5.166310,3.616417
1.24,4.376946,3.063862
1.25,10.011591,7.008113
1.26,-6.954496,-4.868147
1.27,12.016015,8.411210
1.28,-9.581311,-6.706917
1.29,-2.646950,-1.852865
1.30,-0.081903,-0.057332
1.31,6.780812,4.746569
1.32,12.950546,9.065382
1.33,0.784136,0.548895
1.34,3.983839,2.788687
1.35,8.539953,5.977967
1.36,-0.506446,-0.354513
1.37,16.862453,11.803717
1.38,6.662573,4.663801
1.39,4.696128,3.287289
1.40,2.107440,1.475208
1.41,-4.979884,-3.485919
1.42,13.628758,9.540131
1.43,-1.672389,-1.170672
1.44,8.343633,5.840543
1.45,-5.019206,-3.513444
1.46,-5.444065,-3.810845
1.47,-1.915144,-1.340601
1.48,4.264196,2.984937
1.49,10.925312,7.647718
1.50,11.273232,7.891263
1.51,1.478445,1.034912
1.52,2.889526,2.022668
1.53,-8.123387,-5.686371
1.54,1.304296,0.913007
1.55,8.637886,6.046520
1.56,9.731777,6.812244
1.57,3.918813,2.743169
1.58,18.372408,12.860686
1.59,1.799258,1.259481
1.60,13.015738,9.111017
1.61,-0.830253,-0.581177
1.62,1.784368,1.249057
1.63,8.282844,5.797991
1.64,-1.745158,-1.221611
1.65,1.942895,1.360026
1.66,4.071412,2.849989
1.67,2.736172,1.915321
1.68,-5.764977,-4.035484
1.69,-1.554844,-1.088391
1.70,-0.186045,-0.130231
1.71,6.499225,4.549458
1.72,-0.125792,-0.088054
1.73,3.445972,2.412180
1.74,3.193261,2.235283
1.75,-3.119803,-2.183862
1.76,4.873475,3.411433
1.77,10.275078,7.192555
1.78,7.098486,4.968940
1.79,-6.095990,-4.267193
1.80,0.974714,0.682300
1.81,9.228352,6.459846
1.82,3.875899,2.713130
1.83,5.088244,3.561770
1.84,-7.074380,-4.952066
1.85,8.646057,6.052240
1.86,4.623792,3.236655
1.87,13.743995,9.620796
1.88,-2.184577,-1.529204
1.89,8.092040,5.664428
1.90,1.130410,0.791287
1.91,6.752408,4.726685
1.92,1.057961,0.740572
1.93,0.958932,0.671252
1.94,6.834312,4.784019
1.95,-2.304285,-1.613000
1.96,4.172546,2.920783
1.97,12.296953,8.607867
1.98,13.959044,9.771331
1.99,4.131239,2.891867
2.00,10.913182,7.639228
2.01,2.312685,1.618880
2.02,8.045433,5.631803
2.03,8.573008,6.001105
2.04,4.688017,3.281612
2.05,-1.579385,-1.105570
2.06,1.073329,0.751330
2.07,4.222102,2.955472
2.08,6.627713,4.639399
2.09,13.011377,9.107964
2.10,4.448587,3.114011
2.11,-2.533749,-1.773624
2.12,6.875681,4.812977
2.13,3.596650,2.517655
2.14,9.698689,6.789082
2.15,3.218926,2.253248
2.16,14.003497,9.802448
2.17,14.064795,9.845356
2.18,6.729622,4.710735
2.19,2.215349,1.550744
2.20,2.930696,2.051487
2.21,6.447043,4.512930
2.22,-4.237792,-2.966454
2.23,5.281422,3.696995
2.24,8.823332,6.176332
2.25,2.696528,1.887570
2.26,8.267584,5.787309
2.27,3.864602,2.705221
2.28,7.719897,5.403928
2.29,-5.122231,-3.585562
2.30,16.283186,11.398230
2.31,4.342286,3.039601
2.32,-2.064781,-1.445347
2.33,3.862011,2.703408
2.34,8.367099,5.856970
2.35,1.611360,1.127952
2.36,11.809581,8.266707
2.37,-5.460430,-3.822301
2.38,19.500106,13.650074
2.39,1.734305,1.214014
2.40,15.113047,10.579133
2.41,3.189669,2.232768
2.42,4.591645,3.214151
2.43,1.497950,1.048565
2.44,2.498130,1.748691
2.45,4.605307,3.223715
2.46,2.441854,1.709298
2.47,-0.630050,-0.441035
2.48,7.681595,5.377116
2.49,2.254695,1.578286
2.50,-3.005818,-2.104073
2.51,14.252565,9.976795
2.52,-4.976462,-3.483524
2.53,-2.570447,-1.799313
2.54,7.204744,5.043321
2.55,6.635284,4.644699
2.56,7.474762,5.232334
2.57,4.195920,2.937144
2.58,1.656551,1.159586
2.59,2.846592,1.992615
2.60,-12.650122,-8.855085
2.61,-6.306872,-4.414811
2.62,10.640061,7.448042
2.63,13.278834,9.295184
2.64,7.169218,5.018452
2.65,8.293091,5.805163
2.66,11.348814,7.944170
2.67,6.986963,4.890874
2.68,9.257651,6.480356
2.69,10.435710,7.304997
2.70,12.695394,8.886776
2.71,0.201382,0.140967
2.72,5.071331,3.549931
2.73,-10.737969,-7.516579
2.74,10.547357,7.383150
2.75,-0.893249,-0.625274
2.76,7.498901,5.249231
2.77,5.522941,3.866059
2.78,-0.363281,-0.254296
2.79,10.163406,7.114384
2.80,10.234241,7.163968
2.81,3.130841,2.191589
2.82,4.645108,3.251575
2.83,13.000070,9.100049
2.84,16.354672,11.448271
2.85,11.805412,8.263788
2.86,14.047257,9.833080
2.87,1.236181,0.865326
2.88,11.549387,8.084571
2.89,13.821639,9.675147
2.90,11.146850,7.802795
2.91,5.424155,3.796909
2.92,1.364537,0.955176
2.93,11.937256,8.356079
2.94,10.676893,7.473825
2.95,18.149707,12.704795
2.96,0.744462,0.521124
2.97,-7.095336,-4.966735
2.98,1.867491,1.307243
2.99,5.862703,4.103892
3.00,2.662611,1.863828
3.01,1.962652,1.373856
3.02,-0.972297,-0.680608
3.03,7.903417,5.532392
3.04,-7.086223,-4.960356
3.05,4.358045,3.050632
3.06,15.035011,10.524507
3.07,4.511011,3.157708
3.08,6.334844,4.434391
3.09,-10.070695,-7.049486
3.10,-2.828154,-1.979708
3.11,11.552348,8.086644
3.12,7.708746,5.396122
3.13,5.880919,4.116644
3.14,1.213245,0.849271
3.15,18.952895,13.267026
3.16,-4.650302,-3.255211
3.17,0.179281,0.125497
3.18,-0.542032,-0.379422
3.19,5.018148,3.512704
3.20,-4.534650,-3.174255
3.21,8.163229,5.714261
3.22,-2.764591,-1.935214
3.23,-2.009035,-1.406324
3.24,14.432940,10.103058
3.25,0.299256,0.209479
3.26,8.576185,6.003330
3.27,3.421280,2.394896
3.28,13.735112,9.614578
3.29,3.582953,2.508067
3.30,-0.882675,-0.617873
3.31,-5.040172,-3.528120
3.32,-5.107009,-3.574907
3.33,-0.819962,-0.573973
3.34,-0.209441,-0.146609
3.35,-2.895517,-2.026862
3.36,-2.885963,-2.020174
3.37,6.929546,4.850682
3.38,2.073893,1.451725
3.39,-0.068718,-0.048103
3.40,8.866150,6.206305
3.41,5.714193,3.999935
3.42,5.458924,3.821247
3.43,-11.751474,-8.226032
3.44,-1.393175,-0.975223
3.45,10.906297,7.634408
3.46,3.765302,2.635711
3.47,-3.829662,-2.680763
3.48,2.136690,1.495683
3.49,3.405611,2.383928
3.50,6.767284,4.737099
3.51,5.032321,3.522625
3.52,9.806897,6.864828
3.53,5.447151,3.813005
3.54,-5.822277,-4.075594
3.55,-4.156539,-2.909578
3.56,3.005070,2.103549
3.57,3.120236,2.184165
3.58,13.713624,9.599537
3.59,5.652701,3.956891
3.60,-1.080731,-0.756512
3.61,4.272296,2.990608
3.62,-2.581233,-1.806863
3.63,-0.401432,-0.281003
3.64,9.920231,6.944162
3.65,5.342637,3.739846
3.66,4.950403,3.465282
3.67,4.963264,3.474285
3.68,3.009661,2.106763
3.69,6.571015,4.599711
3.70,1.216839,0.851787
3.71,2.935671,2.054970
3.72,1.623462,1.136423
3.73,7.131602,4.992121
3.74,4.481762,3.137233
3.75,2.667412,1.867189
3.76,14.719249,10.303475
3.77,0.670706,0.469494
3.78,-4.202926,-2.942048
3.79,10.539003,7.377302
3.80,10.012766,7.008936
3.81,1.713461,1.199423
3.82,4.700389,3.290272
3.83,8.326980,5.828886
3.84,6.654904,4.658433
3.85,5.543712,3.880598
3.86,-2.740315,-1.918221
3.87,-0.749613,-0.524729
3.88,3.314353,2.320047
3.89,4.200535,2.940374
3.90,11.618013,8.132609
3.91,9.708621,6.796035
3.92,-1.954607,-1.368225
3.93,4.070297,2.849208
3.94,16.994913,11.896439
3.95,9.543293,6.680305
3.96,0.332843,0.232990
3.97,2.863461,2.004423
3.98,3.687699,2.581390
3.99,4.789805,3.352864
4.00,4.368527,3.057969
4.01,2.784935,1.949455
4.02,8.893834,6.225684
4.03,11.134201,7.793941
4.04,2.800775,1.960543
4.05,-3.054340,-2.138038
4.06,1.806949,1.264864
4.07,-1.336140,-0.935298
4.08,4.479205,3.135443
4.09,-1.503269,-1.052288
4.10,6.641431,4.649002
4.11,-7.464313,-5.225019
4.12,-2.891844,-2.024291
4.13,15.445740,10.812018
4.14,0.195801,0.137060
4.15,-6.238758,-4.367131
4.16,9.234744,6.464321
4.17,-1.190632,-0.833442
4.18,1.969647,1.378753
4.19,6.314419,4.420093
4.20,7.362080,5.153456
4.21,12.267187,8.587031
4.22,-8.745400,-6.121780
4.23,2.805447,1.963813
4.24,11.766514,8.236559
4.25,7.331484,5.132039
4.26,6.583189,4.608232
4.27,-6.335025,-4.434517
4.28,-6.214414,-4.350090
4.29,10.259181,7.181427
4.30,11.339105,7.937373
4.31,19.516861,13.661803
4.32,3.917977,2.742584
4.33,4.378113,3.064679
4.34,-1.056641,-0.739649
4.35,7.383835,5.168684
4.36,9.222623,6.455836
4.37,5.068773,3.548141
4.38,15.055515,10.538860
4.39,2.020416,1.414291
4.40,8.924804,6.247363
4.41,-2.867679,-2.007375
4.42,0.576193,0.403335
4.43,13.182673,9.227871
4.44,2.154996,1.508497
4.45,16.474766,11.532336
4.46,2.641345,1.848942
4.47,9.306563,6.514594
4.48,-3.003956,-2.102770
4.49,0.429918,0.300943
4.50,4.725102,3.307571
4.51,10.934878,7.654415
4.52,5.674177,3.971924
4.53,8.015977,5.611184
4.54,-2.325363,-1.627754
4.55,6.819560,4.773692
4.56,2.184375,1.529063
4.57,10.285398,7.199779
4.58,11.348126,7.943689
4.59,8.422652,5.895857
4.60,15.317895,10.722526
4.61,6.614766,4.630336
4.62,0.288703,0.202092
4.63,-3.312522,-2.318765
4.64,-9.458103,-6.620672
4.65,10.544545,7.381181
4.66,1.936361,1.355453
4.67,3.454003,2.417802
4.68,-1.986862,-1.390804
4.69,10.759798,7.531859
4.70,0.608454,0.425918
4.71,1.507189,1.055032
4.72,4.131284,2.891899
4.73,-0.480926,-0.336648
4.74,13.268638,9.288046
4.75,10.434650,7.304255
4.76,-1.269118,-0.888383
4.77,-2.598585,-1.819009
4.78,4.260084,2.982059
4.79,17.011795,11.908256
4.80,8.678680,6.075076
4.81,-4.825022,-3.377515
4.82,0.879382,0.615567
4.83,7.961507,5.573055
4.84,1.615643,1.130950
4.85,1.249345,0.874541
4.86,2.263527,1.584469
4.87,7.312751,5.118926
4.88,17.377355,12.164149
4.89,1.224121,0.856885
4.90,14.250267,9.975187
4.91,-4.263384,-2.984369
4.92,4.106482,2.874538
4.93,9.065839,6.346087
4.94,-0.464915,-0.325441
4.95,2.209244,1.546471
4.96,-2.421232,-1.694862
4.97,5.800776,4.060543
4.98,-2.156024,-1.509217
4.99,2.160599,1.512419
5.00,-6.032297,-4.222608
5.01,4.958678,3.471075
5.02,9.256875,6.479812
5.03,1.276614,0.893630
5.04,5.241044,3.668731
5.05,3.983255,2.788279
5.06,0.857570,0.600299
5.07,8.544302,5.981012
5.08,6.387021,4.470915
5.09,8.645514,6.051860
5.10,10.478889,7.335223
5.11,0.203809,0.142666
5.12,-2.846197,-1.992338
5.13,-3.181663,-2.227164
5.14,1.490534,1.043374
5.15,7.755574,5.428901
5.16,13.849333,9.694533
5.17,15.982923,11.188046
5.18,7.065408,4.945786
5.19,6.442232,4.509563
5.20,4.983550,3.488485
5.21,18.247919,12.773543
5.22,4.131825,2.892278
5.23,-10.370816,-7.259571
5.24,7.579213,5.305449
5.25,0.870336,0.609235
5.26,-2.893595,-2.025516
5.27,10.344759,7.241331
5.28,4.579832,3.205882
5.29,-2.576628,-1.803639
5.30,-2.864951,-2.005466
5.31,-4.981017,-3.486712
5.32,3.226784,2.258749
5.33,6.550705,4.585493
5.34,1.202077,0.841454
5.35,14.327948,10.029564
5.36,-0.263759,-0.184631
5.37,-2.841822,-1.989275
5.38,11.244880,7.871416
5.39,-0.301674,-0.211172
5.40,2.977214,2.084050
5.41,7.633323,5.343326
5.42,0.169593,0.118715
5.43,12.824814,8.977370
5.44,10.169958,7.118970
5.45,-4.728812,-3.310168
5.46,-0.118572,-0.083001
5.47,-1.061289,-0.742902
5.48,-3.966808,-2.776766
5.49,4.279727,2.995809
5.50,7.419751,5.193825
5.51,4.669042,3.268330
5.52,4.470756,3.129529
5.53,4.439076,3.107353
5.54,-6.842644,-4.789851
5.55,13.441231,9.408862
5.56,0.281253,0.196877
5.57,5.160077,3.612054
5.58,5.510890,3.857623
5.59,7.531074,5.271752
5.60,4.591846,3.214292
5.61,-2.463585,-1.724510
5.62,11.336568,7.935598
5.63,-6.725319,-4.707723
5.64,10.220826,7.154578
5.65,10.787291,7.551104
5.66,-1.093695,-0.765586
5.67,-4.211861,-2.948303
5.68,6.762084,4.733459
5.69,4.706788,3.294752
5.70,-4.390036,-3.073025
5.71,8.794307,6.156015
5.72,12.831154,8.981808
5.73,9.377653,6.564357
5.74,1.310690,0.917483
5.75,2.921020,2.044714
5.76,4.084685,2.859280
5.77,5.791553,4.054087
5.78,-0.247790,-0.173453
5.79,17.674469,12.372128
5.80,10.578201,7.404741
5.81,7.597384,5.318169
5.82,2.922619,2.045833
5.83,3.330265,2.331185
5.84,-14.164573,-9.915201
5.85,0.744897,0.521428
5.86,13.462694,9.423886
5.87,-6.064579,-4.245205
5.88,8.553639,5.987547
5.89,-1.682223,-1.177556
5.90,8.199294,5.739506
5.91,10.966731,7.676712
5.92,-4.976557,-3.483590
5.93,13.060378,9.142264
5.94,-9.497525,-6.648267
5.95,7.901183,5.530828
5.96,4.790070,3.353049
5.97,1.952129,1.366490
5.98,2.852714,1.996899
5.99,8.911047,6.237733
6.00,-0.178331,-0.124832
6.01,-1.197511,-0.838258
6.02,-0.460265,-0.322186
6.03,-8.084544,-5.659181
6.04,-5.471899,-3.830329
6.05,7.958665,5.571066
6.06,-10.909024,-7.636316
6.07,1.425973,0.998181
6.08,8.899405,6.229584
6.09,11.964203,8.374942
6.10,8.897164,6.228015
6.11,-4.503715,-3.152600
6.12,-4.896026,-3.427218
6.13,0.620668,0.434467
6.14,-3.111753,-2.178227
6.15,7.462508,5.223755
6.16,-10.332028,-7.232420
6.17,-0.009826,-0.006878
6.18,-6.297151,-4.408005
6.19,1.553739,1.087617
6.20,5.629365,3.940555
6.21,2.322227,1.625559
6.22,-0.180851,-0.126596
6.23,-10.553538,-7.387477
6.24,0.620618,0.434432
6.25,7.338578,5.137005
6.26,-2.329113,-1.630379
6.27,6.138517,4.296962
6.28,0.626851,0.438796
6.29,2.529001,1.770300
6.30,3.244105,2.270873
6.31,-2.464035,-1.724824
6.32,-4.406437,-3.084506
6.33,-7.470873,-5.229611
6.34,-2.633170,-1.843219
6.35,7.576907,5.303835
6.36,-0.526863,-0.368804
6.37,-1.632348,-1.142644
6.38,-3.914569,-2.740198
6.39,10.342709,7.239896
6.40,8.483037,5.938126
6.41,3.674316,2.572021
6.42,-9.543582,-6.680507
6.43,2.808732,1.966113
6.44,7.479542,5.235680
6.45,-3.719629,-2.603740
6.46,-1.101176,-0.770823
6.47,-8.449659,-5.914762
6.48,1.355375,0.948763
6.49,6.378170,4.464719
6.50,-2.279188,-1.595432
6.51,-2.065708,-1.445995
6.52,-8.575571,-6.002900
6.53,-6.211081,-4.347757
6.54,-7.312573,-5.118801
6.55,-10.513607,-7.359525
6.56,12.950017,9.065012
6.57,-13.138712,-9.197099
6.58,-4.496302,-3.147411
6.59,0.012191,0.008534
6.60,-2.993021,-2.095115
6.61,-9.272120,-6.490484
6.62,-2.876399,-2.013479
6.63,1.544417,1.081092
6.64,-11.971242,-8.379869
6.65,5.903159,4.132211
6.66,8.031766,5.622236
6.67,8.931876,6.252313
6.68,-2.641841,-1.849289
6.69,2.181701,1.527191
6.70,8.646750,6.052725
6.71,-0.207562,-0.145294
6.72,-0.168239,-0.117767
6.73,-8.612114,-6.028480
6.74,-4.520335,-3.164235
6.75,6.151953,4.306367
6.76,-0.306778,-0.214745
6.77,5.604089,3.922862
6.78,-2.223360,-1.556352
6.79,4.999337,3.499536
6.80,6.865376,4.805763
6.81,8.136300,5.695410
6.82,3.239652,2.267757
6.83,-1.390353,-0.973247
6.84,7.002962,4.902074
6.85,-0.594704,-0.416292
6.86,-1.163654,-0.814558
6.87,-2.304727,-1.613309
6.88,-8.055930,-5.639151
6.89,-7.008102,-4.905672
6.90,9.032448,6.322714
6.91,-10.631236,-7.441865
6.92,-8.370705,-5.859493
6.93,-1.117193,-0.782035
6.94,-10.044409,-7.031086
6.95,0.390299,0.273210
6.96,0.952393,0.666675
6.97,0.506405,0.354484
6.98,-0.539060,-0.377342
6.99,-1.181376,-0.826963
7.00,-6.881636,-4.817145
7.01,-8.593663,-6.015564
7.02,-7.222469,-5.055728
7.03,1.121884,0.785319
7.04,6.038394,4.226876
7.05,-6.876908,-4.813835
7.06,8.268039,5.787627
7.07,3.039342,2.127539
7.08,0.302935,0.212055
7.09,-1.973494,-1.381445
7.10,-3.455235,-2.418664
7.11,-17.898859,-12.529201
7.12,-9.496817,-6.647772
7.13,-10.796764,-7.557735
7.14,-1.788208,-1.251746
7.15,-9.214046,-6.449832
7.16,5.310627,3.717439
7.17,-4.830909,-3.381636
7.18,2.213658,1.549560
7.19,-0.646151,-0.452306
7.20,-11.483343,-8.038340
7.21,-2.710370,-1.897259
7.22,-4.543857,-3.180700
7.23,-0.383992,-0.268795
7.24,-6.136937,-4.295856
7.25,2.012930,1.409051
7.26,4.267519,2.987263
7.27,-0.939385,-0.657570
7.28,3.202826,2.241978
7.29,1.175866,0.823107
7.30,-9.008493,-6.305945
7.31,-3.839566,-2.687696
7.32,-4.863376,-3.404363
7.33,4.802450,3.361715
7.34,-9.637010,-6.745907
7.35,-4.034634,-2.824244
7.36,6.295238,4.406667
7.37,4.277826,2.994478
7.38,8.760868,6.132608
7.39,-3.011562,-2.108093
7.40,3.622437,2.535706
7.41,-5.195987,-3.637191
7.42,5.321887,3.725321
7.43,-12.662228,-8.863560
7.44,-12.210843,-8.547590
7.45,-3.766145,-2.636301
7.46,-3.951648,-2.766154
7.47,8.843791,6.190654
7.48,8.482918,5.938042
7.49,-8.814121,-6.169885
7.50,-11.165245,-7.815671
7.51,-4.556037,-3.189226
7.52,-19.338900,-13.537230
7.53,-4.400987,-3.080691
7.54,-5.454625,-3.818238
7.55,-2.640251,-1.848176
7.56,-3.904924,-2.733447
7.57,-7.118443,-4.982910
7.58,-6.318213,-4.422749
7.59,-8.617075,-6.031953
7.60,-6.783808,-4.748665
7.61,10.340938,7.238657
7.62,0.243837,0.170686
7.63,-9.112080,-6.378456
7.64,-6.913703,-4.839592
7.65,-0.417800,-0.292460
7.66,-10.540836,-7.378585
7.67,-9.182545,-6.427782
7.68,-4.575281,-3.202697
7.69,-2.378182,-1.664727
7.70,-8.031022,-5.621715
7.71,-9.136158,-6.395311
7.72,-3.715820,-2.601074
7.73,0.263688,0.184582
7.74,0.283063,0.198144
7.75,-4.047581,-2.833306
7.76,-1.430268,-1.001187
7.77,0.964351,0.675045
7.78,-8.950666,-6.265466
7.79,-12.521904,-8.765333
7.80,-11.046163,-7.732314
7.81,-5.296177,-3.707324
7.82,-5.998928,-4.199250
7.83,-7.937079,-5.555955
7.84,-3.657895,-2.560527
7.85,-13.062552,-9.143787
7.86,-6.647337,-4.653136
7.87,-0.567656,-0.397359
7.88,-9.487312,-6.641118
7.89,-1.385607,-0.969925
7.90,-1.767844,-1.237491
7.91,-4.852801,-3.396961
7.92,-1.915885,-1.341120
7.93,-14.025090,-9.817563
7.94,5.020737,3.514516
7.95,3.774522,2.642165
7.96,-10.841670,-7.589169
7.97,-6.397536,-4.478275
7.98,-3.779315,-2.645521
7.99,-1.862777,-1.303944
8.00,-9.369504,-6.558653
8.01,0.565109,0.395576
8.02,-0.237830,-0.166481
8.03,-3.439770,-2.407839
8.04,-13.969219,-9.778453
8.05,-11.697181,-8.188026
8.06,-6.138849,-4.297195
8.07,-10.282884,-7.198019
8.08,-9.506634,-6.654644
8.09,-5.691019,-3.983714
8.10,5.969408,4.178586
8.11,-11.999788,-8.399851
8.12,-2.521624,-1.765137
8.13,-14.093703,-9.865592
8.14,-0.979504,-0.685652
8.15,-8.927539,-6.249277
8.16,7.475930,5.233151
8.17,-12.138820,-8.497174
8.18,-1.645803,-1.152062
8.19,-3.784485,-2.649140
8.20,-5.288417,-3.701892
8.21,-3.612223,-2.528556
8.22,-1.560437,-1.092306
8.23,5.815063,4.070544
8.24,7.416460,5.191522
8.25,-2.213326,-1.549328
8.26,7.964364,5.575055
8.27,-8.070433,-5.649303
8.28,-9.338130,-6.536691
8.29,-13.988324,-9.791827
8.30,-2.706546,-1.894582
8.31,0.121496,0.085047
8.32,3.196861,2.237803
8.33,2.973212,2.081248
8.34,-10.570875,-7.399612
8.35,-18.249985,-12.774989
8.36,-14.093222,-9.865256
8.37,-3.547473,-2.483231
8.38,-5.893325,-4.125327
8.39,0.509278,0.356494
8.40,-4.824653,-3.377257
8.41,-5.873901,-4.111730
8.42,-2.511618,-1.758133
8.43,-13.928612,-9.750029
8.44,4.041903,2.829332
8.45,-10.601136,-7.420795
8.46,1.190140,0.833098
8.47,-11.492821,-8.044975
8.48,-13.937056,-9.755939
8.49,-14.429156,-10.100410
8.50,-5.531859,-3.872301
8.51,-19.467235,-13.627064
8.52,-9.739653,-6.817757
8.53,3.923131,2.746192
8.54,-5.951695,-4.166187
8.55,-14.178413,-9.924889
8.56,5.627727,3.939409
8.57,-2.903339,-2.032337
8.58,-12.627498,-8.839248
8.59,-4.362714,-3.053900
8.60,3.679807,2.575865
8.61,4.659577,3.261704
8.62,5.566088,3.896262
8.63,2.876505,2.013554
8.64,-6.278543,-4.394980
8.65,2.682876,1.878013
8.66,-2.526522,-1.768565
8.67,-6.692688,-4.684882
8.68,-10.215704,-7.150993
8.69,1.737388,1.216172
8.70,-5.077616,-3.554331
8.71,-12.913526,-9.039468
8.72,-1.106520,-0.774564
8.73,-9.717035,-6.801924
8.74,0.372484,0.260739
8.75,7.382104,5.167473
8.76,-0.843851,-0.590696
8.77,0.931974,0.652382
8.78,0.823486,0.576440
8.79,-11.163184,-7.814229
8.80,2.794399,1.956079
8.81,-2.384975,-1.669483
8.82,-3.902160,-2.731512
8.83,3.035403,2.124782
8.84,6.270295,4.389207
8.85,2.946814,2.062770
8.86,-2.744547,-1.921183
8.87,-9.874396,-6.912077
8.88,3.127595,2.189316
8.89,-6.380864,-4.466605
8.90,-7.329035,-5.130324
8.91,2.785392,1.949774
8.92,3.544338,2.481037
8.93,-10.172543,-7.120780
8.94,-6.203454,-4.342418
8.95,8.603937,6.022756
8.96,1.997540,1.398278
8.97,-7.273488,-5.091441
8.98,-11.017229,-7.712060
8.99,-2.081456,-1.457019
9.00,-3.206187,-2.244331
9.01,-4.114181,-2.879927
9.02,-18.821096,-13.174767
9.03,-18.525214,-12.967650
9.04,-3.481283,-2.436898
9.05,-1.326253,-0.928377
9.06,-9.122165,-6.385515
9.07,6.895724,4.827007
9.08,-0.756693,-0.529685
9.09,-5.748993,-4.024295
9.10,-10.719775,-7.503842
9.11,-17.771204,-12.439843
9.12,3.164515,2.215160
9.13,1.258558,0.880991
9.14,-1.938540,-1.356978
9.15,3.239196,2.267437
9.16,-13.477030,-9.433921
9.17,-3.835402,-2.684781
9.18,-9.394068,-6.575848
9.19,-4.747848,-3.323493
9.20,2.032026,1.422418
9.21,-4.557846,-3.190492
9.22,-4.024311,-2.817018
9.23,-10.919098,-7.643368
9.24,9.364716,6.555301
9.25,-15.891235,-11.123865
9.26,-8.728428,-6.109900
9.27,-2.426240,-1.698368
9.28,10.645145,7.451601
9.29,-3.040162,-2.128113
9.30,-13.398978,-9.379285
9.31,2.094243,1.465970
9.32,-9.854581,-6.898207
9.33,-6.652193,-4.656535
9.34,-16.187043,-11.330930
9.35,-6.131265,-4.291886
9.36,-3.889856,-2.722899
9.37,-9.698945,-6.789261
9.38,8.034430,5.624101
9.39,-7.055930,-4.939151
9.40,-16.159002,-11.311301
9.41,-0.091422,-0.063995
9.42,-1.497522,-1.048266
9.43,-8.535128,-5.974590
9.44,-5.067288,-3.547101
9.45,-2.230742,-1.561519
9.46,-8.056787,-5.639751
9.47,-4.777491,-3.344244
9.48,-14.676468,-10.273528
9.49,-10.712839,-7.498987
9.50,-13.554253,-9.487977
9.51,5.207682,3.645378
9.52,-13.980679,-9.786475
9.53,-16.834998,-11.784499
9.54,-9.709292,-6.796505
9.55,1.623425,1.136398
9.56,-12.133688,-8.493582
9.57,-4.306887,-3.014821
9.58,-5.859223,-4.101456
9.59,-11.886720,-8.320704
9.60,-2.249826,-1.574878
9.61,-2.989617,-2.092732
9.62,-10.218411,-7.152888
9.63,-18.114976,-12.680483
9.64,-8.685023,-6.079516
9.65,-9.921151,-6.944806
9.66,-0.601691,-0.421184
9.67,-13.421188,-9.394832
9.68,5.480505,3.836353
9.69,-12.295096,-8.606567
9.70,-13.905035,-9.733524
9.71,2.906123,2.034286
9.72,-6.851048,-4.795733
9.73,-8.201890,-5.741323
9.74,-6.329334,-4.430533
9.75,-12.315196,-8.620637
9.76,-1.136859,-0.795801
9.77,-9.291069,-6.503748
9.78,-18.701573,-13.091101
9.79,-7.230781,-5.061547
9.80,2.026205,1.418344
9.81,-5.597115,-3.917981
9.82,-1.497697,-1.048388
9.83,-1.365786,-0.956050
9.84,-14.636807,-10.245765
9.85,-15.920891,-11.144623
9.86,-0.519635,-0.363745
9.87,5.482854,3.837998
9.88,-12.095426,-8.466799
9.89,3.462413,2.423689
9.90,-7.417326,-5.192128
9.91,-0.407528,-0.285269
9.92,-9.583573,-6.708501
9.93,-13.784326,-9.649028
9.94,-4.185266,-2.929686
9.95,-1.002215,-0.701550
9.96,9.783994,6.848796
9.97,1.225811,0.858068
9.98,-8.633796,-6.043657
9.99,-14.056741,-9.839719
10.00,6.248562,4.373993
10.01,-12.786911,-8.950838
10.02,-1.189541,-0.832679
10.03,1.818928,1.273250
10.04,-13.123910,-9.186737
10.05,-2.554565,-1.788196
10.06,-11.184649,-7.829254
10.07,-8.376910,-5.863837
10.08,-4.251830,-2.976281
10.09,4.282579,2.997805
10.10,-1.790408,-1.253285
10.11,-1.226496,-0.858547
10.12,0.057322,0.040126
10.13,-0.413446,-0.289412
10.14,-9.593234,-6.715264
10.15,0.944314,0.661020
10.16,-15.037568,-10.526297
10.17,-11.739211,-8.217447
10.18,-0.583575,-0.408502
10.19,-17.716259,-12.401381
10.20,-8.765925,-6.136148
10.21,0.980560,0.686392
10.22,2.666167,1.866317
10.23,10.872118,7.610482
10.24,-3.748337,-2.623836
10.25,-2.303708,-1.612596
10.26,9.967279,6.977095
10.27,3.511045,2.457732
10.28,-17.191366,-12.033956
10.29,2.452673,1.716871
10.30,-5.337078,-3.735955
10.31,-5.922108,-4.145475
10.32,5.828871,4.080210
10.33,-9.120945,-6.384662
10.34,-13.239427,-9.267599
10.35,-12.251716,-8.576201
10.36,5.419314,3.793520
10.37,-7.792635,-5.454845
10.38,-11.145265,-7.801686
10.39,-9.369159,-6.558411
10.40,-3.453610,-2.417527
10.41,-6.244039,-4.370827
10.42,-14.045211,-9.831647
10.43,-2.200207,-1.540145
10.44,-3.889832,-2.722883
10.45,-9.070420,-6.349294
10.46,-5.554994,-3.888496
10.47,1.535562,1.074893
10.48,4.843417,3.390392
10.49,-15.514656,-10.860259
10.50,-5.525196,-3.867637
10.51,0.135963,0.095174
10.52,-11.150214,-7.805150
10.53,-6.315830,-4.421081
10.54,-8.899405,-6.229584
10.55,3.817009,2.671906
10.56,-10.354697,-7.248288
10.57,-4.285525,-2.999868
10.58,-9.336629,-6.535640
10.59,6.065436,4.245805
10.60,-0.062935,-0.044055
10.61,-12.065147,-8.445603
10.62,-7.973978,-5.581785
10.63,0.774324,0.542027
10.64,-11.939775,-8.357842
10.65,-7.658797,-5.361158
10.66,-9.857575,-6.900303
10.67,-7.014377,-4.910064
10.68,-11.464853,-8.025397
10.69,1.355043,0.948530
10.70,-15.398058,-10.778641
10.71,-2.629124,-1.840387
10.72,-17.366580,-12.156606
10.73,-15.158459,-10.610921
10.74,-5.534524,-3.874167
10.75,0.533386,0.373370
10.76,6.955006,4.868504
10.77,3.594829,2.516380
10.78,-2.759932,-1.931952
10.79,-7.784163,-5.448914
10.80,-14.358969,-10.051279
10.81,2.625794,1.838056
10.82,-3.137493,-2.196245
10.83,-4.427584,-3.099309
10.84,0.467822,0.327476
10.85,8.898734,6.229114
10.86,-11.271130,-7.889791
10.87,0.880536,0.616375
10.88,-7.943483,-5.560438
10.89,-6.466231,-4.526362
10.90,-3.555975,-2.489182
10.91,2.496734,1.747714
10.92,3.703729,2.592610
10.93,-7.945918,-5.562143
10.94,3.933181,2.753227
10.95,-7.153613,-5.007529
10.96,1.506314,1.054420
10.97,-9.168122,-6.417686
10.98,3.648215,2.553750
10.99,3.665252,2.565676
11.00,-8.148105,-5.703673
11.01,-2.239545,-1.567682
11.02,-6.233894,-4.363726
11.03,-3.496900,-2.447830
11.04,-14.535700,-10.174990
11.05,-10.135888,-7.095121
11.06,0.171522,0.120065
11.07,-15.298117,-10.708682
11.08,-5.856082,-4.099258
11.09,-4.535400,-3.174780
11.10,2.560537,1.792376
11.11,-8.523528,-5.966469
11.12,-8.545761,-5.982033
11.13,-2.098177,-1.468724
11.14,7.714677,5.400274
11.15,-7.738801,-5.417160
11.16,4.894955,3.426468
11.17,3.803151,2.662206
11.18,-2.953735,-2.067614
11.19,-5.237523,-3.666266
11.20,-2.435405,-1.704783
11.21,-5.008401,-3.505880
11.22,3.357212,2.350049
11.23,-12.639801,-8.847861
11.24,-0.440920,-0.308644
11.25,1.540314,1.078220
11.26,-6.030751,-4.221526
11.27,-3.726702,-2.608691
11.28,4.696016,3.287211
11.29,-1.190699,-0.833489
11.30,5.257482,3.680237
11.31,-15.833000,-11.083100
11.32,-3.112644,-2.178851
11.33,6.970916,4.879641
11.34,1.235400,0.864780
11.35,0.657429,0.460200
11.36,-10.534860,-7.374402
11.37,2.534035,1.773825
11.38,-15.748036,-11.023625
11.39,-7.642350,-5.349645
11.40,-0.365287,-0.255701
11.41,7.166859,5.016801
11.42,-8.013646,-5.609552
11.43,3.140543,2.198380
11.44,5.178832,3.625183
11.45,5.399664,3.779765
11.46,-13.753225,-9.627258
11.47,-0.802970,-0.562079
11.48,4.893787,3.425651
11.49,-7.959591,-5.571714
11.50,-3.010979,-2.107685
11.51,-5.564523,-3.895166
11.52,-9.595753,-6.717027
11.53,4.962489,3.473742
11.54,-9.379836,-6.565885
11.55,-6.260820,-4.382574
11.56,-7.169590,-5.018713
11.57,0.688466,0.481927
11.58,-7.910021,-5.537015
11.59,-7.925999,-5.548199
11.60,-15.419289,-10.793502
11.61,-5.627617,-3.939332
11.62,-3.144443,-2.201110
11.63,-5.250232,-3.675162
11.64,-7.332694,-5.132886
11.65,-2.761768,-1.933237
11.66,-13.031007,-9.121705
11.67,-0.869445,-0.608612
11.68,9.842449,6.889715
11.69,2.435154,1.704608
11.70,-6.453680,-4.517576
11.71,-3.040478,-2.128335
11.72,3.219453,2.253617
11.73,-4.806663,-3.364664
11.74,0.513422,0.359395
11.75,9.794281,6.855996
11.76,-4.576890,-3.203823
11.77,2.145406,1.501784
11.78,3.995730,2.797011
11.79,-0.981621,-0.687135
11.80,-6.370014,-4.459010
11.81,-9.883054,-6.918138
11.82,1.146720,0.802704
11.83,4.043075,2.830153
11.84,9.462607,6.623825
11.85,-1.901627,-1.331139
11.86,11.167496,7.817247
11.87,3.790218,2.653153
11.88,-5.548731,-3.884112
11.89,-7.183408,-5.028386
11.90,0.152746,0.106923
11.91,-12.086153,-8.460307
11.92,-4.170216,-2.919151
11.93,-9.764249,-6.834974
11.94,-7.326462,-5.128523
11.95,-2.780102,-1.946071
11.96,-5.440157,-3.808110
11.97,-8.060976,-5.642683
11.98,1.226189,0.858333
11.99,-6.714906,-4.700434
12.00,3.143172,2.200221
12.01,-5.386966,-3.770876
12.02,5.767383,4.037168
12.03,4.286247,3.000373
12.04,9.457174,6.620022
12.05,-6.102414,-4.271690
12.06,-0.787297,-0.551108
12.07,-2.123507,-1.486455
12.08,2.593375,1.815362
12.09,-5.542476,-3.879733
12.10,-4.997004,-3.497903
12.11,-7.548410,-5.283887
12.12,-10.433181,-7.303227
12.13,3.739461,2.617623
12.14,3.163882,2.214717
12.15,4.088089,2.861662
12.16,-1.418364,-0.992855
12.17,-9.996316,-6.997421
12.18,-8.769685,-6.138779
12.19,-4.151728,-2.906210
12.20,4.471382,3.129967
12.21,-3.184635,-2.229245
12.22,-8.158623,-5.711036
12.23,9.459586,6.621710
12.24,-4.264691,-2.985284
12.25,-4.797992,-3.358595
12.26,1.888856,1.322199
12.27,4.396807,3.077765
12.28,0.693300,0.485310
12.29,-3.283640,-2.298548
12.30,-3.906921,-2.734845
12.31,-2.312864,-1.619004
12.32,-7.019689,-4.913782
12.33,-2.873116,-2.011181
12.34,2.539504,1.777653
12.35,9.747344,6.823141
12.36,11.356793,7.949755
12.37,-4.587516,-3.211261
12.38,1.398311,0.978818
12.39,-14.635913,-10.245139
12.40,-2.648790,-1.854153
12.41,7.329666,5.130766
12.42,0.463073,0.324151
12.43,6.406977,4.484884
12.44,-4.913372,-3.439360
12.45,2.970391,2.079274
12.46,8.015679,5.610976
12.47,3.446503,2.412552
12.48,2.976550,2.083585
12.49,6.150089,4.305062
12.50,-16.238409,-11.366886
12.51,-4.215556,-2.950889
12.52,-5.800716,-4.060501
12.53,-1.188163,-0.831714
12.54,-3.856743,-2.699720
12.55,-9.439785,-6.607850
12.56,1.055319,0.738723
12.57,-10.197305,-7.138114
12.58,0.104834,0.073384
12.59,4.466206,3.126344
12.60,-7.949022,-5.564316
12.61,16.340882,11.438617
12.62,10.194034,7.135824
12.63,1.218354,0.852848
12.64,12.296529,8.607570
12.65,-4.165964,-2.916175
12.66,5.436791,3.805754
12.67,4.637170,3.246019
12.68,-4.923252,-3.446276
12.69,11.877962,8.314573
12.70,14.208877,9.946214
12.71,8.053500,5.637450
12.72,-11.338606,-7.937024
12.73,6.128729,4.290110
12.74,-8.836308,-6.185415
12.75,-1.452702,-1.016892
12.76,5.112683,3.578878
12.77,-14.425292,-10.097704
12.78,6.681310,4.676917
12.79,10.975535,7.682874
12.80,-3.156237,-2.209366
12.81,6.242118,4.369483
12.82,-2.461810,-1.723267
12.83,-0.729041,-0.510329
12.84,-7.395574,-5.176902
12.85,-6.145073,-4.301551
12.86,2.752685,1.926879
12.87,-6.813840,-4.769688
12.88,1.165418,0.815792
12.89,6.244675,4.371273
12.90,-5.003792,-3.502655
12.91,-0.901840,-0.631288
12.92,4.799671,3.359770
12.93,3.446076,2.412253
12.94,-1.446591,-1.012614
12.95,4.679002,3.275302
12.96,-7.212564,-5.048795
12.97,-8.518487,-5.962941
12.98,-5.624875,-3.937412
12.99,7.081595,4.957117
13.00,10.524479,7.367135
13.01,3.416607,2.391625
13.02,13.095130,9.166591
13.03,6.858888,4.801222
13.04,0.121702,0.085192
13.05,0.096861,0.067802
13.06,14.752477,10.326734
13.07,11.448259,8.013781
13.08,15.088446,10.561912
13.09,-7.576115,-5.303281
13.10,-1.664655,-1.165258
13.11,11.503876,8.052713
13.12,3.680405,2.576284
13.13,0.923384,0.646369
13.14,4.927894,3.449526
13.15,4.152280,2.906596
13.16,-0.912570,-0.638799
13.17,11.332384,7.932669
13.18,-5.751422,-4.025995
13.19,9.673379,6.771365
13.20,4.587420,3.211194
13.21,5.195422,3.636796
13.22,6.019853,4.213897
13.23,6.651446,4.656012
13.24,-5.177443,-3.624210
13.25,6.285083,4.399558
13.26,11.095705,7.766994
13.27,-5.810987,-4.067691
13.28,4.863850,3.404695
13.29,4.943285,3.460300
13.30,14.782854,10.347998
13.31,9.137714,6.396400
13.32,6.332557,4.432790
13.33,2.704564,1.893195
13.34,10.931034,7.651723
13.35,5.249528,3.674669
13.36,12.133294,8.493306
13.37,-3.117834,-2.182484
13.38,-2.903741,-2.032619
13.39,-0.445688,-0.311981
13.40,7.186708,5.030696
13.41,8.396540,5.877578
13.42,-11.433265,-8.003285
13.43,4.487648,3.141354
13.44,-4.760330,-3.332231
13.45,5.359549,3.751684
13.46,8.551903,5.986332
13.47,10.178030,7.124621
13.48,-2.697128,-1.887990
13.49,0.047952,0.033567
13.50,-9.556328,-6.689430
13.51,2.772252,1.940576
13.52,2.076745,1.453722
13.53,16.979855,11.885898
13.54,7.960333,5.572233
13.55,-5.363091,-3.754164
13.56,-1.116957,-0.781870
13.57,-2.759671,-1.931770
13.58,9.152931,6.407052
13.59,14.536404,10.175482
13.60,3.254703,2.278292
13.61,2.447398,1.713179
13.62,-8.997813,-6.298469
13.63,-0.615708,-0.430996
13.64,9.394802,6.576362
13.65,-0.440728,-0.308510
13.66,12.278419,8.594893
13.67,1.665511,1.165858
13.68,-6.653069,-4.657148
13.69,7.850096,5.495067
13.70,-2.023536,-1.416475
13.71,10.403175,7.282222
13.72,2.899636,2.029745
13.73,4.085639,2.859947
13.74,-0.715281,-0.500697
13.75,4.898392,3.428874
13.76,1.691625,1.184138
13.77,-5.673721,-3.971604
13.78,5.166376,3.616463
13.79,0.815378,0.570765
13.80,12.193097,8.535168
13.81,-1.629638,-1.140747
13.82,-1.287090,-0.900963
13.83,-10.378311,-7.264818
13.84,1.032371,0.722659
13.85,3.870336,2.709235
13.86,3.253429,2.277400
13.87,13.171667,9.220167
13.88,0.563755,0.394629
13.89,-7.419958,-5.193971
13.90,12.290026,8.603018
13.91,7.770441,5.439308
13.92,7.249189,5.074432
13.93,7.758846,5.431192
13.94,-6.860653,-4.802457
13.95,-4.934952,-3.454467
13.96,-6.308077,-4.415654
13.97,-4.594048,-3.215834
13.98,12.517510,8.762257
13.99,-0.826499,-0.578549
14.00,2.127457,1.489220
14.01,0.906958,0.634871
14.02,10.102352,7.071647
14.03,1.078848,0.755193
14.04,13.421409,9.394986
14.05,0.963865,0.674706
14.06,6.377739,4.464417
14.07,1.116846,0.781792
14.08,10.142835,7.099984
14.09,-1.602460,-1.121722
14.10,2.633100,1.843170
14.11,10.303073,7.212151
14.12,-7.615921,-5.331145
14.13,2.958782,2.071147
14.14,13.190529,9.233370
14.15,7.780390,5.446273
14.16,-2.364091,-1.654864
14.17,5.679350,3.975545
14.18,-2.509708,-1.756796
14.19,-0.080359,-0.056252
14.20,0.175188,0.122632
14.21,8.163544,5.714481
14.22,8.513619,5.959533
14.23,5.083721,3.558605
14.24,7.643861,5.350703
14.25,7.825652,5.477956
14.26,-3.216809,-2.251766
14.27,-0.011856,-0.008299
14.28,-1.271100,-0.889770
14.29,-4.337572,-3.036300
14.30,-9.611903,-6.728332
14.31,8.376005,5.863204
14.32,-0.365927,-0.256149
14.33,13.755808,9.629066
14.34,-2.856355,-1.999448
14.35,12.356203,8.649342
14.36,-5.152350,-3.606645
14.37,-1.343813,-0.940669
14.38,-0.538216,-0.376751
14.39,-0.676439,-0.473507
14.40,9.102262,6.371583
14.41,8.391533,5.874073
14.42,-1.313171,-0.919219
14.43,-5.756605,-4.029624
14.44,-2.806628,-1.964639
14.45,15.728872,11.010210
14.46,3.945310,2.761717
14.47,-1.671470,-1.170029
14.48,-10.620219,-7.434153
14.49,-1.778567,-1.244997
14.50,10.993462,7.695424
14.51,3.261267,2.282887
14.52,11.861974,8.303382
14.53,10.173035,7.121125
14.54,12.069057,8.448340
14.55,2.717249,1.902074
14.56,8.659482,6.061637
14.57,0.695824,0.487077
14.58,13.250560,9.275392
14.59,3.250945,2.275661
14.60,-0.617066,-0.431946
14.61,8.752955,6.127069
14.62,-1.966648,-1.376654
14.63,2.014404,1.410083
14.64,15.699188,10.989431
14.65,-1.789098,-1.252368
14.66,1.640893,1.148625
14.67,5.408872,3.786210
14.68,3.349268,2.344488
14.69,8.743330,6.120331
14.70,-2.098644,-1.469051
14.71,3.830408,2.681286
14.72,-6.147736,-4.303416
14.73,9.849559,6.894691
14.74,1.791195,1.253837
14.75,6.827278,4.779094
14.76,10.435997,7.305198
14.77,10.020026,7.014018
14.78,18.197092,12.737964
14.79,1.493412,1.045389
14.80,1.173844,0.821691
14.81,8.133287,5.693301
14.82,4.490850,3.143595
14.83,8.562556,5.993789
14.84,6.524974,4.567482
14.85,6.416764,4.491735
14.86,18.194848,12.736393
14.87,-11.082715,-7.757901
14.88,5.774122,4.041886
14.89,-0.786999,-0.550899
14.90,0.621017,0.434712
14.91,4.625177,3.237624
14.92,1.947477,1.363234
14.93,8.361130,5.852791
14.94,4.277096,2.993967
14.95,1.828449,1.279915
14.96,10.636451,7.445516
14.97,13.664783,9.565348
14.98,-3.152035,-2.206425
14.99,1.942496,1.359747
15.00,-0.638898,-0.447228
15.01,2.684209,1.878946
15.02,8.854539,6.198178
15.03,3.117888,2.182522
15.04,4.223238,2.956267
15.05,-0.193707,-0.135595
15.06,-11.857246,-8.300072
15.07,-4.362192,-3.053534
15.08,-0.482094,-0.337466
15.09,0.201946,0.141362
15.10,10.184876,7.129413
15.11,-2.515348,-1.760743
15.12,8.891422,6.223995
15.13,9.878197,6.914738
15.14,12.502036,8.751425
15.15,4.307797,3.015458
15.16,13.209039,9.246328
15.17,-6.932537,-4.852776
15.18,17.667666,12.367366
15.19,12.806059,8.964241
15.20,1.474710,1.032297
15.21,-2.060980,-1.442686
15.22,4.504566,3.153196
15.23,8.379703,5.865792
15.24,1.057527,0.740269
15.25,6.755489,4.728842
15.26,3.213140,2.249198
15.27,8.760765,6.132536
15.28,5.482901,3.838031
15.29,4.165488,2.915842
15.30,4.343747,3.040623
15.31,9.639168,6.747417
15.32,6.062907,4.244035
15.33,1.440748,1.008524
15.34,9.335056,6.534539
15.35,-7.638054,-5.346638
15.36,-1.251600,-0.876120
15.37,-3.855057,-2.698540
15.38,-8.726679,-6.108675
15.39,-5.296833,-3.707783
15.40,4.173935,2.921755
15.41,-5.823323,-4.076326
15.42,8.647245,6.053071
15.43,12.573260,8.801282
15.44,3.205964,2.244175
15.45,-1.154550,-0.808185
15.46,3.240448,2.268313
15.47,12.814172,8.969920
15.48,-3.973088,-2.781162
15.49,1.809859,1.266901
15.50,-0.593101,-0.415171
15.51,-0.695737,-0.487016
15.52,12.529533,8.770673
15.53,9.940496,6.958348
15.54,13.510144,9.457101
15.55,-0.148196,-0.103737
15.56,11.195552,7.836887
15.57,0.036877,0.025814
15.58,12.866144,9.006301
15.59,5.856613,4.099629
15.60,19.687657,13.781360
15.61,3.628609,2.540026
15.62,8.625147,6.037603
15.63,-5.408377,-3.785864
15.64,5.423119,3.796183
15.65,-2.239737,-1.567816
15.66,8.141668,5.699168
15.67,2.723712,1.906598
15.68,8.346236,5.842365
15.69,3.311749,2.318225
15.70,3.187531,2.231272
15.71,3.600586,2.520410
15.72,13.480210,9.436147
15.73,6.826639,4.778647
15.74,1.955522,1.368866
15.75,7.659966,5.361976
15.76,-0.625358,-0.437751
15.77,-0.280149,-0.196104
15.78,17.317325,12.122127
15.79,9.256673,6.479671
15.80,6.171654,4.320158
15.81,-2.774142,-1.941899
15.82,3.989884,2.792919
15.83,0.343038,0.240126
15.84,6.746702,4.722691
15.85,-0.564617,-0.395232
15.86,18.440115,12.908081
15.87,-5.058832,-3.541183
15.88,12.459237,8.721466
15.89,0.936528,0.655570
15.90,-2.638279,-1.846795
15.91,8.618476,6.032934
15.92,8.274007,5.791805
15.93,12.357180,8.650026
15.94,6.404136,4.482896
15.95,1.215620,0.850934
15.96,8.306513,5.814559
15.97,2.680422,1.876295
15.98,7.609633,5.326743
15.99,6.590144,4.613101
16.00,7.351646,5.146152
16.01,2.909680,2.036776
16.02,-1.221788,-0.855252
16.03,4.878820,3.415174
16.04,10.861497,7.603048
16.05,10.500339,7.350237
16.06,2.546712,1.782699
16.07,11.082458,7.757721
16.08,6.420214,4.494150
16.09,5.813986,4.069790
16.10,8.448248,5.913773
16.11,-2.341691,-1.639184
16.12,13.853181,9.697226
16.13,11.151819,7.806274
16.14,19.626398,13.738479
16.15,5.931030,4.151721
16.16,-3.950825,-2.765577
16.17,-5.066688,-3.546681
16.18,14.003783,9.802648
16.19,7.480403,5.236282
16.20,3.197356,2.238149
16.21,-3.032170,-2.122519
16.22,-0.093343,-0.065340
16.23,-5.180982,-3.626688
16.24,7.267184,5.087029
16.25,1.351792,0.946254
16.26,16.289661,11.402763
16.27,1.657692,1.160385
16.28,15.919784,11.143849
16.29,6.706046,4.694232
16.30,1.259401,0.881580
16.31,11.509943,8.056960
16.32,8.774593,6.142215
16.33,-2.524869,-1.767408
16.34,-5.312167,-3.718517
16.35,-2.134719,-1.494303
16.36,1.134650,0.794255
16.37,6.821427,4.774999
16.38,16.432957,11.503070
16.39,4.205781,2.944046
16.40,2.813542,1.969480
16.41,3.307915,2.315540
16.42,1.696801,1.187761
16.43,-2.421745,-1.695222
16.44,5.844635,4.091245
16.45,9.769766,6.838836
16.46,1.652437,1.156706
16.47,-4.101302,-2.870912
16.48,14.819610,10.373727
16.49,-3.513582,-2.459507
16.50,11.744829,8.221381
16.51,9.541789,6.679253
16.52,10.728983,7.510288
16.53,8.328286,5.829800
16.54,1.933384,1.353368
16.55,-3.972380,-2.780666
16.56,-0.357635,-0.250345
16.57,10.866458,7.606520
16.58,5.959054,4.171338
16.59,18.512138,12.958497
16.60,-1.443025,-1.010117
16.61,0.478377,0.334864
16.62,1.436034,1.005224
16.63,5.069693,3.548785
16.64,11.578460,8.104922
16.65,6.535703,4.574992
16.66,12.425641,8.697949
16.67,15.376625,10.763637
16.68,-2.894782,-2.026347
16.69,0.354045,0.247831
16.70,-2.272948,-1.591063
16.71,19.174655,13.422259
16.72,1.841302,1.288911
16.73,4.559639,3.191747
16.74,9.617749,6.732425
16.75,2.254693,1.578285
16.76,2.475066,1.732546
16.77,8.861900,6.203330
16.78,3.490259,2.443182
16.79,-2.619658,-1.833761
16.80,-3.502985,-2.452090
16.81,8.790011,6.153007
16.82,-2.229931,-1.560952
16.83,15.985412,11.189788
16.84,7.441392,5.208974
16.85,-0.779946,-0.545962
16.86,3.911718,2.738203
16.87,3.189858,2.232901
16.88,10.590182,7.413127
16.89,5.463001,3.824100
16.90,5.652807,3.956965
16.91,5.005567,3.503897
16.92,9.580466,6.706326
16.93,-1.590179,-1.113126
16.94,-2.131829,-1.492280
16.95,5.317641,3.722348
16.96,6.571223,4.599856
16.97,3.644192,2.550934
16.98,6.302305,4.411613
16.99,-1.219601,-0.853721
17.00,18.195216,12.736651
17.01,5.255750,3.679025
17.02,17.302010,12.111407
17.03,2.739781,1.917847
17.04,12.478124,8.734687
17.05,4.828580,3.380006
17.06,-5.867869,-4.107509
17.07,-2.000939,-1.400657
17.08,8.433641,5.903549
17.09,-0.385148,-0.269604
17.10,13.047376,9.133163
17.11,4.178395,2.924876
17.12,2.063132,1.444192
17.13,4.482886,3.138020
17.14,8.387200,5.871040
17.15,-4.854886,-3.398420
17.16,15.389872,10.772911
17.17,1.731339,1.211937
17.18,2.826600,1.978620
17.19,13.293697,9.305588
17.20,-0.894489,-0.626142
17.21,7.596469,5.317528
17.22,12.131692,8.492184
17.23,-12.001290,-8.400903
17.24,6.918211,4.842747
17.25,-1.766143,-1.236300
17.26,6.539108,4.577375
17.27,7.358537,5.150976
17.28,11.084391,7.759074
17.29,-6.003605,-4.202524
17.30,15.741410,11.018987
17.31,2.899655,2.029759
17.32,4.895685,3.426979
17.33,7.309467,5.116627
17.34,10.391239,7.273867
17.35,10.266809,7.186766
17.36,-2.060297,-1.442208
17.37,-4.799159,-3.359411
17.38,-5.692038,-3.984427
17.39,3.310102,2.317071
17.40,7.581511,5.307058
17.41,-1.473600,-1.031520
17.42,0.965144,0.675601
17.43,-7.151371,-5.005959
17.44,15.736201,11.015341
17.45,-0.739197,-0.517438
17.46,7.892100,5.524470
17.47,-12.198535,-8.538975
17.48,2.275171,1.592620
17.49,-3.837024,-2.685917
17.50,-3.035283,-2.124698
17.51,6.926174,4.848322
17.52,-2.130219,-1.491153
17.53,6.643121,4.650184
17.54,-10.872967,-7.611077
17.55,0.142380,0.099666
17.56,0.531511,0.372058
17.57,9.561885,6.693320
17.58,9.104814,6.373370
17.59,6.590979,4.613685
17.60,2.958097,2.070668
17.61,5.107706,3.575394
17.62,6.285485,4.399839
17.63,10.906297,7.634408
17.64,-0.387073,-0.270951
17.65,-3.420831,-2.394581
17.66,-5.539869,-3.877908
17.67,-3.873864,-2.711705
17.68,15.061255,10.542879
17.69,-7.929005,-5.550304
17.70,2.477148,1.734003
17.71,-2.054007,-1.437805
17.72,4.193474,2.935432
17.73,2.901717,2.031202
17.74,4.103150,2.872205
17.75,-6.966969,-4.876878
17.76,-12.487663,-8.741364
17.77,14.424633,10.097243
17.78,-4.453096,-3.117167
17.79,3.255803,2.279062
17.80,-5.765886,-4.036120
17.81,2.776372,1.943460
17.82,16.199433,11.339603
17.83,8.300384,5.810269
17.84,3.019900,2.113930
17.85,2.745632,1.921943
17.86,2.998397,2.098878
17.87,-4.914129,-3.439890
17.88,5.417263,3.792084
17.89,-8.165126,-5.715588
17.90,3.751883,2.626318
17.91,-3.575806,-2.503064
17.92,6.149422,4.304596
17.93,-8.101845,-5.671291
17.94,4.936255,3.455378
17.95,-10.645565,-7.451895
17.96,6.829553,4.780687
17.97,-1.275893,-0.893125
17.98,13.861532,9.703073
17.99,8.503980,5.952786
18.00,13.751951,9.626366
18.01,8.879343,6.215540
18.02,3.423087,2.396161
18.03,11.350866,7.945606
18.04,-5.198045,-3.638631
18.05,-10.051636,-7.036145
18.06,11.312825,7.918977
18.07,4.708921,3.296244
18.08,2.749632,1.924743
18.09,-4.171861,-2.920303
18.10,-9.355406,-6.548784
18.11,-5.844291,-4.091003
18.12,-8.481719,-5.937203
18.13,-1.529955,-1.070969
18.14,7.435802,5.205061
18.15,6.545047,4.581533
18.16,6.848492,4.793944
18.17,4.799573,3.359701
18.18,0.684813,0.479369
18.19,10.112256,7.078579
18.20,-1.516252,-1.061376
18.21,-6.234674,-4.364272
18.22,7.098182,4.968727
18.23,-1.247738,-0.873417
18.24,-5.208130,-3.645691
18.25,4.837594,3.386316
18.26,8.261001,5.782701
18.27,-6.335120,-4.434584
18.28,8.042247,5.629573
18.29,-7.937780,-5.556446
18.30,-3.205139,-2.243597
18.31,-4.707113,-3.294979
18.32,-11.800467,-8.260327
18.33,-8.048796,-5.634157
18.34,1.683762,1.178633
18.35,9.553632,6.687543
18.36,9.298265,6.508785
18.37,6.324777,4.427344
18.38,5.690902,3.983631
18.39,9.124246,6.386972
18.40,5.722835,4.005985
18.41,-5.160007,-3.612005
18.42,-1.359752,-0.951826
18.43,-4.563288,-3.194301
18.44,9.179348,6.425543
18.45,4.932087,3.452461
18.46,-8.947765,-6.263435
18.47,-2.245606,-1.571924
18.48,2.467244,1.727070
18.49,-0.293010,-0.205107
18.50,-7.896833,-5.527783
18.51,-2.327553,-1.629287
18.52,-9.673511,-6.771458
18.53,-10.042090,-7.029463
18.54,-8.927977,-6.249584
18.55,-3.085912,-2.160138
18.56,-5.408710,-3.786097
18.57,-6.273412,-4.391389
18.58,2.291522,1.604065
18.59,3.602533,2.521773
18.60,-6.611146,-4.627802
18.61,-1.012285,-0.708600
18.62,0.439221,0.307455
18.63,-6.404682,-4.483277
18.64,-5.925766,-4.148036
18.65,-2.664773,-1.865341
18.66,-0.412273,-0.288591
18.67,0.565571,0.395900
18.68,14.260978,9.982685
18.69,-3.593356,-2.515349
18.70,-3.277966,-2.294576
18.71,1.103288,0.772302
18.72,-5.663711,-3.964598
18.73,-1.143785,-0.800650
18.74,12.644727,8.851309
18.75,-4.054584,-2.838209
18.76,5.985353,4.189747
18.77,6.160198,4.312138
18.78,-0.965639,-0.675947
18.79,1.900399,1.330279
18.80,6.572630,4.600841
18.81,-5.488413,-3.841889
18.82,2.245847,1.572093
18.83,-5.552573,-3.886801
18.84,2.605768,1.824038
18.85,-11.617998,-8.132599
18.86,-3.937189,-2.756032
18.87,0.883748,0.618623
18.88,8.402776,5.881943
18.89,-4.455123,-3.118586
18.90,-1.266966,-0.886877
18.91,-1.181474,-0.827032
18.92,0.841229,0.588860
18.93,-10.424787,-7.297351
18.94,5.624796,3.937357
18.95,5.239533,3.667673
18.96,-3.732168,-2.612517
18.97,-4.502710,-3.151897
18.98,-0.694848,-0.486394
18.99,6.046719,4.232703
19.00,0.088768,0.062137
19.01,-6.222917,-4.356042
19.02,0.213166,0.149216
19.03,-3.118300,-2.182810
19.04,5.622027,3.935419
19.05,-2.357052,-1.649937
19.06,-5.957435,-4.170205
19.07,-2.321591,-1.625114
19.08,-8.333071,-5.833150
19.09,-4.361019,-3.052713
19.10,-2.990775,-2.093542
19.11,3.262646,2.283852
19.12,-4.198073,-2.938651
19.13,-3.203681,-2.242577
19.14,0.212711,0.148898
19.15,15.063285,10.544299
19.16,-2.068411,-1.447887
19.17,-10.776889,-7.543822
19.18,-13.523249,-9.466274
19.19,4.739861,3.317902
19.20,3.790490,2.653343
19.21,1.654493,1.158145
19.22,-6.247335,-4.373134
19.23,4.667712,3.267399
19.24,-19.105921,-13.374145
19.25,-7.651974,-5.356382
19.26,-1.207381,-0.845166
19.27,-7.692500,-5.384750
19.28,6.603851,4.622696
19.29,-9.420939,-6.594657
19.30,9.965329,6.975731
19.31,2.903060,2.032142
19.32,-12.270548,-8.589384
19.33,-2.826793,-1.978755
19.34,-0.059022,-0.041315
19.35,6.480584,4.536409
19.36,-10.349239,-7.244467
19.37,-0.350939,-0.245657
19.38,9.316553,6.521587
19.39,-1.509021,-1.056314
19.40,-10.701712,-7.491199
19.41,9.243666,6.470566
19.42,-8.925229,-6.247660
19.43,-10.342072,-7.239450
19.44,5.028911,3.520238
19.45,-7.633598,-5.343519
19.46,-10.067622,-7.047335
19.47,-1.982452,-1.387717
19.48,-0.609037,-0.426326
19.49,1.467150,1.027005
19.50,-14.606058,-10.224241
19.51,-0.787494,-0.551246
19.52,6.406386,4.484470
19.53,6.185048,4.329534
19.54,2.232949,1.563064
19.55,-2.270512,-1.589358
19.56,-1.627703,-1.139392
19.57,6.771508,4.740055
19.58,-3.045497,-2.131848
19.59,-7.377251,-5.164076
19.60,4.539345,3.177542
19.61,-11.132127,-7.792489
19.62,-0.366364,-0.256455
19.63,-7.824686,-5.477280
19.64,-2.631753,-1.842227
19.65,-1.311100,-0.917770
19.66,-0.816123,-0.571286
19.67,-15.092429,-10.564700
19.68,-8.091366,-5.663956
19.69,-12.748253,-8.923777
19.70,-5.459095,-3.821367
19.71,5.504359,3.853051
19.72,-0.865988,-0.606192
19.73,3.520857,2.464600
19.74,1.845793,1.292055
19.75,-4.014417,-2.810092
19.76,1.428327,0.999829
19.77,5.208392,3.645874
19.78,-2.029163,-1.420414
19.79,-13.781127,-9.646789
19.80,0.427125,0.298988
19.81,6.365919,4.456143
19.82,-0.789723,-0.552806
19.83,0.793778,0.555645
19.84,8.953413,6.267389
19.85,-7.488490,-5.241943
19.86,0.158553,0.110987
19.87,-2.342435,-1.639704
19.88,-0.644610,-0.451227
19.89,-11.004187,-7.702931
19.90,-7.903617,-5.532532
19.91,-0.910291,-0.637204
19.92,1.524732,1.067312
19.93,-1.140200,-0.798140
19.94,8.139039,5.697327
19.95,3.889437,2.722606
19.96,-4.582236,-3.207565
19.97,-6.911459,-4.838021
19.98,-3.634888,-2.544421
19.99,2.998687,2.099081
20.00,-6.649839,-4.654888
20.01,3.479716,2.435801
20.02,-5.210363,-3.647254
20.03,-4.200849,-2.940594
20.04,-8.333122,-5.833186
20.05,-6.902378,-4.831665
20.06,-4.128726,-2.890108
20.07,0.436587,0.305611
20.08,-0.495688,-0.346981
20.09,-6.802122,-4.761486
20.10,0.474507,0.332155
20.11,3.453928,2.417749
20.12,-1.723422,-1.206395
20.13,15.225407,10.657785
20.14,-4.360359,-3.052251
20.15,-11.406347,-7.984443
20.16,-7.716807,-5.401765
20.17,6.341156,4.438809
20.18,-7.120960,-4.984672
20.19,-14.703868,-10.292708
20.20,0.912335,0.638635
20.21,-17.454498,-12.218149
20.22,2.096401,1.467481
20.23,-9.851946,-6.896362
20.24,-3.801428,-2.661000
20.25,-15.789406,-11.052584
20.26,3.213936,2.249755
20.27,-5.823038,-4.076127
20.28,-10.052943,-7.037060
20.29,-7.517249,-5.262074
20.30,-1.833442,-1.283409
20.31,-14.932264,-10.452585
20.32,-5.243368,-3.670358
20.33,-0.607614,-0.425330
20.34,-8.260393,-5.782275
20.35,-6.964731,-4.875312
20.36,-10.195526,-7.136868
20.37,-0.012188,-0.008532
20.38,-10.602996,-7.422097
20.39,-2.339405,-1.637583
20.40,3.725752,2.608027
20.41,-1.458146,-1.020702
20.42,-13.194821,-9.236375
20.43,-5.826656,-4.078659
20.44,-7.738023,-5.416616
20.45,-13.042577,-9.129804
20.46,-6.425837,-4.498086
20.47,-19.833689,-13.883582
20.48,1.606161,1.124313
20.49,-2.568190,-1.797733
20.50,-3.372466,-2.360726
20.51,-7.116732,-4.981712
20.52,-0.068786,-0.048150
20.53,-9.049363,-6.334554
20.54,-0.926298,-0.648408
20.55,-1.166412,-0.816488
20.56,-3.540217,-2.478152
20.57,-8.415644,-5.890951
20.58,-5.830002,-4.081001
20.59,3.494227,2.445959
20.60,-8.608048,-6.025634
20.61,-0.810274,-0.567192
20.62,-1.075213,-0.752649
20.63,-0.979766,-0.685836
20.64,3.612056,2.528439
20.65,-12.751476,-8.926033
20.66,-2.350924,-1.645647
20.67,-8.632109,-6.042476
20.68,-7.195978,-5.037185
20.69,1.617149,1.132004
20.70,-2.449395,-1.714576
20.71,-6.868990,-4.808293
20.72,-14.277920,-9.994544
20.73,-9.092976,-6.365083
20.74,-2.347040,-1.642928
20.75,-15.514108,-10.859876
20.76,-5.580980,-3.906686
20.77,1.991057,1.393740
20.78,-7.262607,-5.083825
20.79,-13.800743,-9.660520
20.80,1.411878,0.988315
20.81,-0.007829,-0.005480
20.82,2.313377,1.619364
20.83,-11.447690,-8.013383
20.84,-1.727543,-1.209280
20.85,-3.191869,-2.234309
20.86,5.209875,3.646912
20.87,-6.477583,-4.534308
20.88,-4.885639,-3.419947
20.89,-8.651526,-6.056068
20.90,4.990949,3.493664
20.91,-5.191443,-3.634010
20.92,-3.104103,-2.172872
20.93,1.324728,0.927310
20.94,-12.410717,-8.687502
20.95,-0.370220,-0.259154
20.96,-6.829894,-4.780926
20.97,-0.569402,-0.398582
20.98,2.684584,1.879209
20.99,-14.692718,-10.284903
21.00,1.824425,1.277098
21.01,-7.355468,-5.148827
21.02,2.218301,1.552810
21.03,2.058056,1.440639
21.04,-3.354371,-2.348060
21.05,-9.453729,-6.617610
21.06,-11.838340,-8.286838
21.07,-6.756324,-4.729427
21.08,-5.029401,-3.520581
21.09,-2.833918,-1.983743
21.10,-11.186724,-7.830707
21.11,-8.223870,-5.756709
21.12,-5.485095,-3.839567
21.13,-7.613002,-5.329102
21.14,-3.753194,-2.627236
21.15,-0.767578,-0.537304
21.16,-1.003268,-0.702288
21.17,-9.560076,-6.692053
21.18,3.020226,2.114159
21.19,-18.136455,-12.695519
21.20,-2.191536,-1.534075
21.21,-13.539196,-9.477437
21.22,-7.811203,-5.467842
21.23,-6.960746,-4.872522
21.24,-6.668155,-4.667709
21.25,-6.817883,-4.772518
21.26,-2.666591,-1.866614
21.27,4.903542,3.432479
21.28,-6.075456,-4.252819
21.29,-2.342410,-1.639687
21.30,-1.914152,-1.339907
21.31,-4.952541,-3.466779
21.32,-9.540776,-6.678543
21.33,-3.471080,-2.429756
21.34,-13.047678,-9.133375
21.35,-7.507824,-5.255477
21.36,-12.566293,-8.796405
21.37,-5.470495,-3.829347
21.38,2.134896,1.494427
21.39,7.449092,5.214365
21.40,0.777762,0.544433
21.41,-10.451773,-7.316241
21.42,2.496823,1.747776
21.43,-5.512540,-3.858778
21.44,-7.437008,-5.205906
21.45,-6.377374,-4.464162
21.46,-9.257605,-6.480324
21.47,-10.877744,-7.614421
21.48,-6.512888,-4.559021
21.49,-3.220478,-2.254334
21.50,-0.381840,-0.267288
21.51,-10.164958,-7.115471
21.52,-4.065530,-2.845871
21.53,-3.953177,-2.767224
21.54,1.596672,1.117671
21.55,0.386545,0.270581
21.56,-10.749286,-7.524500
21.57,-9.323395,-6.526377
21.58,-10.392014,-7.274410
21.59,-12.210175,-8.547123
21.60,-5.236173,-3.665321
21.61,-11.784154,-8.248908
21.62,-3.242584,-2.269809
21.63,-9.726809,-6.808766
21.64,7.997912,5.598538
21.65,-8.877445,-6.214211
21.66,-1.412988,-0.989091
21.67,-5.035107,-3.524575
21.68,-10.011217,-7.007852
21.69,-10.587675,-7.411373
21.70,-8.530703,-5.971492
21.71,-4.428858,-3.100200
21.72,7.520220,5.264154
21.73,1.468914,1.028240
21.74,-7.262994,-5.084096
21.75,-6.126222,-4.288355
21.76,-6.271595,-4.390116
21.77,-6.208093,-4.345665
21.78,3.866110,2.706277
21.79,-3.076966,-2.153876
21.80,3.955659,2.768961
21.81,-15.794796,-11.056357
21.82,-4.847006,-3.392905
21.83,3.107177,2.175024
21.84,-4.851604,-3.396123
21.85,3.702752,2.591926
21.86,-12.370514,-8.659359
21.87,-3.548273,-2.483791
21.88,-0.576930,-0.403851
21.89,-0.266341,-0.186438
21.90,-12.558960,-8.791272
21.91,0.798982,0.559287
21.92,-1.909969,-1.336978
21.93,9.931518,6.952063
21.94,4.548142,3.183699
21.95,0.531482,0.372038
21.96,-10.559405,-7.391584
21.97,3.696063,2.587244
21.98,-13.572922,-9.501045
21.99,-10.583384,-7.408368
22.00,10.068853,7.048197
22.01,5.993173,4.195221
22.02,-1.538424,-1.076897
22.03,7.255716,5.079002
22.04,-15.658244,-10.960771
22.05,-6.129053,-4.290337
22.06,-11.768799,-8.238159
22.07,-9.874051,-6.911835
22.08,-7.411477,-5.188034
22.09,-10.982219,-7.687553
22.10,-1.292048,-0.904434
22.11,-12.269049,-8.588334
22.12,-10.974650,-7.682255
22.13,-20.240370,-14.168259
22.14,-6.124778,-4.287344
22.15,-7.428366,-5.199856
22.16,-6.581964,-4.607374
22.17,-17.399752,-12.179826
22.18,3.502324,2.451627
22.19,-7.512574,-5.258802
22.20,-14.178786,-9.925150
22.21,-14.386866,-10.070806
22.22,-3.223380,-2.256366
22.23,-4.476789,-3.133752
22.24,-6.563671,-4.594569
22.25,-16.522685,-11.565879
22.26,-1.564582,-1.095207
22.27,-3.438510,-2.406957
22.28,1.267426,0.887198
22.29,1.212320,0.848624
22.30,6.937804,4.856462
22.31,-4.687666,-3.281366
22.32,-12.314049,-8.619834
22.33,-0.907432,-0.635202
22.34,-8.263120,-5.784184
22.35,-14.361627,-10.053139
22.36,3.269826,2.288878
22.37,-3.370673,-2.359471
22.38,5.531354,3.871948
22.39,-2.214396,-1.550077
22.40,-9.024570,-6.317199
22.41,-13.255798,-9.279059
22.42,-2.966306,-2.076414
22.43,-6.962174,-4.873522
22.44,-7.488005,-5.241604
22.45,6.715977,4.701184
22.46,-2.435359,-1.704751
22.47,-9.057021,-6.339914
22.48,-4.085734,-2.860013
22.49,-13.947334,-9.763134
22.50,-6.920124,-4.844087
22.51,-4.497307,-3.148115
22.52,-0.729247,-0.510473
22.53,-6.275488,-4.392842
22.54,-7.489475,-5.242632
22.55,-0.766636,-0.536645
22.56,-14.593784,-10.215649
22.57,-7.612000,-5.328400
22.58,-7.437879,-5.206515
22.59,-0.959288,-0.671502
22.60,-5.200957,-3.640670
22.61,-13.861314,-9.702920
22.62,3.876008,2.713206
22.63,-7.004156,-4.902909
22.64,2.813712,1.969598
22.65,-0.476758,-0.333731
22.66,-7.486492,-5.240545
22.67,-3.180383,-2.226268
22.68,-3.405806,-2.384064
22.69,-6.545945,-4.582161
22.70,4.383702,3.068592
22.71,-17.990852,-12.593596
22.72,-2.805739,-1.964018
22.73,-5.255843,-3.679090
22.74,-7.402418,-5.181693
22.75,-0.867881,-0.607517
22.76,-18.363867,-12.854707
22.77,-0.942283,-0.659598
22.78,-0.650586,-0.455410
22.79,6.545902,4.582132
22.80,5.391334,3.773934
22.81,-14.965870,-10.476109
22.82,0.275808,0.193066
22.83,0.508499,0.355950
22.84,4.768354,3.337848
22.85,1.022639,0.715847
22.86,1.546860,1.082802
22.87,-4.738043,-3.316630
22.88,-16.943954,-11.860768
22.89,-16.104794,-11.273356
22.90,-5.306712,-3.714698
22.91,-12.383685,-8.668579
22.92,-10.339813,-7.237869
22.93,11.596825,8.117778
22.94,-6.483363,-4.538354
22.95,-13.801436,-9.661005
22.96,-5.098195,-3.568736
22.97,-8.514169,-5.959918
22.98,-9.748906,-6.824234
22.99,-13.717049,-9.601934
23.00,2.939595,2.057717
23.01,-6.590614,-4.613430
23.02,2.793895,1.955726
23.03,-6.845809,-4.792066
23.04,-6.080191,-4.256134
23.05,-6.262469,-4.383729
23.06,8.701745,6.091221
23.07,-12.828837,-8.980186
23.08,-3.272990,-2.291093
23.09,-11.106508,-7.774556
23.10,1.302709,0.911896
23.11,-15.310336,-10.717235
23.12,-3.566217,-2.496352
23.13,6.746699,4.722689
23.14,-10.032611,-7.022828
23.15,-13.260156,-9.282109
23.16,-4.165155,-2.915608
23.17,-4.308730,-3.016111
23.18,0.042340,0.029638
23.19,5.407582,3.785308
23.20,-9.655425,-6.758797
23.21,-6.478074,-4.534652
23.22,6.226053,4.358237
23.23,5.894508,4.126156
23.24,7.051956,4.936369
23.25,-1.708563,-1.195994
23.26,-12.819000,-8.973300
23.27,-1.464926,-1.025448
23.28,-13.911663,-9.738164
23.29,3.027990,2.119593
23.30,-4.225577,-2.957904
23.31,0.705053,0.493537
23.32,10.771691,7.540184
23.33,-5.689204,-3.982443
23.34,-14.405673,-10.083971
23.35,-3.292725,-2.304907
23.36,-5.651826,-3.956278
23.37,-7.969404,-5.578583
23.38,-0.318981,-0.223287
23.39,-3.737001,-2.615901
23.40,-2.359355,-1.651549
23.41,-8.829132,-6.180393
23.42,0.997620,0.698334
23.43,-16.759759,-11.731831
23.44,-7.128432,-4.989902
23.45,-5.260927,-3.682649
23.46,-8.204640,-5.743248
23.47,2.235169,1.564618
23.48,-10.082066,-7.057446
23.49,-5.764585,-4.035210
23.50,2.399005,1.679304
23.51,1.198477,0.838934
23.52,-7.877792,-5.514454
23.53,-4.084201,-2.858941
23.54,-6.924612,-4.847228
23.55,-4.576958,-3.203870
23.56,-1.632288,-1.142602
23.57,-4.622195,-3.235537
23.58,-2.250455,-1.575319
23.59,-6.025407,-4.217785
23.60,-1.512678,-1.058875
23.61,2.201365,1.540956
23.62,-10.503604,-7.352523
23.63,4.522813,3.165969
23.64,-11.615255,-8.130678
23.65,-0.214073,-0.149851
23.66,-2.698527,-1.888969
23.67,1.503287,1.052301
23.68,-1.812951,-1.269066
23.69,-0.345164,-0.241615
23.70,-13.891272,-9.723890
23.71,2.179391,1.525574
23.72,-6.977070,-4.883949
23.73,-6.216756,-4.351729
23.74,-5.558235,-3.890765
23.75,1.869672,1.308770
23.76,-10.292777,-7.204944
23.77,0.399147,0.279403
23.78,-7.437322,-5.206126
23.79,-12.669490,-8.868643
23.80,4.590782,3.213548
23.81,-1.529342,-1.070539
23.82,3.498688,2.449081
23.83,-4.401163,-3.080814
23.84,-3.692757,-2.584930
23.85,0.717780,0.502446
23.86,-2.602994,-1.822096
23.87,-7.587951,-5.311566
23.88,-6.702808,-4.691966
23.89,2.818219,1.972753
23.90,-5.519964,-3.863975
23.91,-3.317299,-2.322109
23.92,10.327615,7.229331
23.93,-11.056778,-7.739745
23.94,1.245999,0.872199
23.95,9.898938,6.929257
23.96,9.342226,6.539558
23.97,0.045935,0.032154
23.98,-9.607843,-6.725490
23.99,-0.638961,-0.447273
24.00,6.936862,4.855803
24.01,1.970802,1.379562
24.02,-2.693910,-1.885737
24.03,1.895766,1.327036
24.04,-7.483564,-5.238495
24.05,-4.004512,-2.803159
24.06,-7.044141,-4.930898
24.07,-12.986822,-9.090776
24.08,1.940047,1.358033
24.09,8.709640,6.096748
24.10,2.250195,1.575137
24.11,-2.277452,-1.594216
24.12,-2.398641,-1.679049
24.13,7.065471,4.945829
24.14,-4.212657,-2.948860
24.15,-4.186838,-2.930787
24.16,1.350354,0.945248
24.17,6.485791,4.540053
24.18,4.626349,3.238445
24.19,1.293953,0.905767
24.20,2.407734,1.685413
24.21,-9.079128,-6.355390
24.22,-13.373113,-9.361179
24.23,-7.982605,-5.587823
24.24,1.932381,1.352667
24.25,-5.637367,-3.946157
24.26,-4.553449,-3.187414
24.27,0.730024,0.511017
24.28,-14.014253,-9.809977
24.29,-0.969343,-0.678540
24.30,-4.886318,-3.420423
24.31,3.658218,2.560752
24.32,-9.595880,-6.717116
24.33,1.325602,0.927921
24.34,10.562964,7.394074
24.35,-4.238271,-2.966790
24.36,4.931452,3.452016
24.37,0.564607,0.395225
24.38,-0.806335,-0.564435
24.39,-1.016135,-0.711295
24.40,-7.570088,-5.299062
24.41,-6.958063,-4.870644
24.42,-2.439874,-1.707912
24.43,2.555123,1.788586
24.44,-4.107350,-2.875145
24.45,-8.142842,-5.699989
24.46,-4.502538,-3.151777
24.47,-10.918881,-7.643217
24.48,-10.748086,-7.523660
24.49,-14.980516,-10.486361
24.50,9.760395,6.832276
24.51,9.051477,6.336034
24.52,3.491986,2.444390
24.53,-0.903620,-0.632534
24.54,-6.321163,-4.424814
24.55,-3.240338,-2.268236
24.56,2.217253,1.552077
24.57,1.191445,0.834012
24.58,5.271184,3.689828
24.59,-1.211272,-0.847890
24.60,4.276932,2.993853
24.61,-3.668368,-2.567858
24.62,4.531687,3.172181
24.63,-6.521074,-4.564752
24.64,-8.951929,-6.266350
24.65,-9.592529,-6.714770
24.66,7.431913,5.202339
24.67,-3.039114,-2.127380
24.68,9.721510,6.805057
24.69,3.497192,2.448034
24.70,-4.413509,-3.089456
24.71,2.997094,2.097966
24.72,-7.285081,-5.099556
24.73,-13.260800,-9.282560
24.74,-5.905801,-4.134061
24.75,6.482548,4.537784
24.76,3.033643,2.123550
24.77,-5.153862,-3.607703
24.78,-7.127598,-4.989319
24.79,2.505589,1.753913
24.80,5.049273,3.534491
24.81,-1.745522,-1.221865
24.82,2.920325,2.044227
24.83,12.285549,8.599884
24.84,0.792496,0.554747
24.85,-9.277388,-6.494172
24.86,9.560131,6.692092
24.87,-0.425053,-0.297537
24.88,-9.052274,-6.336592
24.89,-4.194334,-2.936034
24.90,0.128395,0.089876
24.91,6.076375,4.253463
24.92,-9.888590,-6.922013
24.93,-9.323958,-6.526770
24.94,11.703741,8.192619
24.95,3.414533,2.390173
24.96,4.581719,3.207203
24.97,-1.560453,-1.092317
24.98,4.802845,3.361992
24.99,0.469993,0.328995
25.00,-10.631623,-7.442136
25.01,-4.949964,-3.464975
25.02,-6.280914,-4.396640
25.03,2.794939,1.956457
25.04,-4.926483,-3.448538
25.05,8.213812,5.749669
25.06,3.651177,2.555824
25.07,-1.599255,-1.119479
25.08,2.307952,1.615566
25.09,-4.163371,-2.914359
25.10,-2.775420,-1.942794
25.11,-5.083201,-3.558240
25.12,0.010031,0.007022
25.13,3.663178,2.564224
25.14,1.874102,1.311871
25.15,4.149852,2.904896
25.16,3.149015,2.204311
25.17,-2.366947,-1.656863
25.18,-2.732035,-1.912424
25.19,2.183160,1.528212
25.20,-8.332176,-5.832523
25.21,6.154421,4.308095
25.22,-0.007542,-0.005280
25.23,-2.545317,-1.781722
25.24,-0.029176,-0.020423
25.25,1.624601,1.137220
25.26,0.736649,0.515654
25.27,4.825672,3.377970
25.28,-8.931142,-6.251799
25.29,1.240660,0.868462
25.30,0.360883,0.252618
25.31,0.653580,0.457506
25.32,13.046536,9.132575
25.33,-2.254790,-1.578353
25.34,1.792361,1.254653
25.35,-9.898837,-6.929186
25.36,-1.621831,-1.135281
25.37,8.324768,5.827337
25.38,6.743477,4.720434
25.39,8.784905,6.149433
25.40,0.092396,0.064678
25.41,1.908298,1.335808
25.42,5.512768,3.858938
25.43,-1.147953,-0.803567
25.44,0.668415,0.467891
25.45,2.585682,1.809978
25.46,11.093820,7.765674
25.47,3.512888,2.459021
25.48,-1.959591,-1.371714
25.49,-1.208687,-0.846081
25.50,1.510341,1.057238
25.51,-2.143812,-1.500669
25.52,8.344322,5.841025
25.53,11.079656,7.755759
25.54,3.827479,2.679235
25.55,1.349609,0.944726
25.56,8.323021,5.826115
25.57,0.561272,0.392890
25.58,-0.864586,-0.605210
25.59,8.314427,5.820099
25.60,-3.571577,-2.500104
25.61,-3.896389,-2.727472
25.62,-10.049440,-7.034608
25.63,-3.497036,-2.447925
25.64,11.728623,8.210036
25.65,-1.162223,-0.813556
25.66,2.919493,2.043645
25.67,-6.773725,-4.741608
25.68,-1.437190,-1.006033
25.69,-0.029170,-0.020419
25.70,4.888248,3.421773
25.71,-1.061621,-0.743135
25.72,1.058977,0.741284
25.73,-7.212750,-5.048925
25.74,1.284502,0.899151
25.75,14.255199,9.978640
25.76,5.953358,4.167351
25.77,0.791029,0.553720
25.78,3.535103,2.474572
25.79,-1.464781,-1.025346
25.80,-1.244341,-0.871039
25.81,-0.105960,-0.074172
25.82,2.784843,1.949390
25.83,-3.919100,-2.743370
25.84,-3.150323,-2.205226
25.85,13.362498,9.353749
25.86,13.685580,9.579906
25.87,4.659892,3.261924
25.88,-0.031787,-0.022251
25.89,-2.647139,-1.852997
25.90,8.256418,5.779492
25.91,1.648683,1.154078
25.92,-3.367902,-2.357531
25.93,-1.095219,-0.766653
25.94,-4.463788,-3.124652
25.95,0.879208,0.615445
25.96,5.152200,3.606540
25.97,-4.510132,-3.157092
25.98,5.693725,3.985607
25.99,14.405859,10.084101
26.00,8.336104,5.835273
26.01,8.099593,5.669715
26.02,3.284078,2.298855
26.03,10.804062,7.562843
26.04,5.396332,3.777432
26.05,6.836727,4.785709
26.06,4.794930,3.356451
26.07,8.284514,5.799159
26.08,-3.579570,-2.505699
26.09,-6.796916,-4.757841
26.10,-3.672466,-2.570726
26.11,3.579670,2.505769
26.12,-6.921058,-4.844740
26.13,3.602286,2.521600
26.14,13.627920,9.539544
26.15,4.387714,3.071400
26.16,-1.308557,-0.915990
26.17,-4.462147,-3.123503
26.18,-3.492727,-2.444909
26.19,-4.081411,-2.856988
26.20,-0.529817,-0.370872
26.21,12.670594,8.869416
26.22,-1.684891,-1.179423
26.23,1.451987,1.016391
26.24,9.472670,6.630869
26.25,0.705275,0.493692
26.26,2.992292,2.094604
26.27,6.127248,4.289074
26.28,-1.089993,-0.762995
26.29,-2.703766,-1.892636
26.30,2.197548,1.538283
26.31,-7.109940,-4.976958
26.32,6.222493,4.355745
26.33,-0.803631,-0.562542
26.34,6.134726,4.294308
26.35,-1.821516,-1.275061
26.36,8.851773,6.196241
26.37,-0.497088,-0.347961
26.38,0.038793,0.027155
26.39,-0.987081,-0.690957
26.40,-4.737492,-3.316245
26.41,5.194049,3.635834
26.42,-7.956500,-5.569550
26.43,10.920906,7.644634
26.44,2.238874,1.567211
26.45,-6.731267,-4.711887
26.46,8.996283,6.297398
26.47,12.021494,8.415046
26.48,7.560939,5.292657
26.49,16.674545,11.672182
26.50,7.122526,4.985768
26.51,1.380786,0.966550
26.52,3.342666,2.339866
26.53,3.734098,2.613869
26.54,-4.200236,-2.940165
26.55,8.857755,6.200428
26.56,5.462043,3.823430
26.57,2.792705,1.954893
26.58,8.879701,6.215791
26.59,-6.591212,-4.613848
26.60,-3.088379,-2.161865
26.61,8.943243,6.260270
26.62,3.787538,2.651276
26.63,3.612754,2.528928
26.64,-3.393505,-2.375454
26.65,4.472038,3.130427
26.66,7.304458,5.113120
26.67,12.473789,8.731652
26.68,2.123522,1.486465
26.69,9.677403,6.774182
26.70,2.601434,1.821004
26.71,-1.138290,-0.796803
26.72,6.714476,4.700134
26.73,-1.186952,-0.830866
26.74,-0.544324,-0.381027
26.75,4.502002,3.151401
26.76,3.247773,2.273441
26.77,19.594022,13.715815
26.78,1.380263,0.966184
26.79,-2.891443,-2.024010
26.80,5.766739,4.036717
26.81,2.169085,1.518360
26.82,6.057450,4.240215
26.83,-0.436883,-0.305818
26.84,6.724737,4.707316
26.85,6.681275,4.676893
26.86,5.015056,3.510539
26.87,-7.981265,-5.586886
26.88,0.566504,0.396553
26.89,14.795645,10.356952
26.90,0.829680,0.580776
26.91,5.110966,3.577677
26.92,-1.489652,-1.042756
26.93,-3.480852,-2.436597
26.94,-3.195447,-2.236813
26.95,-1.033749,-0.723624
26.96,3.112685,2.178880
26.97,3.431117,2.401782
26.98,11.870324,8.309227
26.99,5.418428,3.792900
27.00,-7.860676,-5.502473
27.01,12.045161,8.431612
27.02,-3.582738,-2.507917
27.03,5.987409,4.191186
27.04,6.448705,4.514094
27.05,-12.361370,-8.652959
27.06,4.796797,3.357758
27.07,-6.629602,-4.640721
27.08,-1.868646,-1.308052
27.09,6.932127,4.852489
27.10,8.577232,6.004062
27.11,-6.451799,-4.516259
27.12,-6.499711,-4.549798
27.13,3.832771,2.682939
27.14,-1.677557,-1.174290
27.15,17.258866,12.081207
27.16,8.093284,5.665299
27.17,-4.278677,-2.995074
27.18,-4.847271,-3.393090
27.19,8.289662,5.802763
27.20,6.863488,4.804442
27.21,-3.830197,-2.681138
27.22,5.485776,3.840043
27.23,15.549706,10.884794
27.24,-4.044043,-2.830830
27.25,7.863891,5.504724
27.26,1.735927,1.215149
27.27,6.704805,4.693364
27.28,9.777348,6.844144
27.29,19.300691,13.510483
27.30,13.126861,9.188803
27.31,1.851451,1.296016
27.32,1.127444,0.789211
27.33,-4.891894,-3.424326
27.34,3.150283,2.205198
27.35,-6.348824,-4.444177
27.36,-0.765226,-0.535658
27.37,1.420475,0.994333
27.38,11.923134,8.346194
27.39,12.271491,8.590044
27.40,8.227126,5.758988
27.41,9.536648,6.675654
27.42,-0.158866,-0.111206
27.43,-2.963685,-2.074580
27.44,0.495879,0.347115
27.45,1.995962,1.397173
27.46,0.798090,0.558663
27.47,3.895051,2.726536
27.48,0.278285,0.194800
27.49,12.413041,8.689129
27.50,8.119617,5.683732
27.51,13.572669,9.500868
27.52,6.102539,4.271777
27.53,6.890453,4.823317
27.54,-5.902900,-4.132030
27.55,-3.434961,-2.404472
27.56,-1.119903,-0.783932
27.57,8.210732,5.747513
27.58,-4.669708,-3.268795
27.59,1.867545,1.307281
27.60,3.342432,2.339702
27.61,18.368485,12.857940
27.62,1.027924,0.719547
27.63,5.516671,3.861669
27.64,1.973470,1.381429
27.65,5.936704,4.155693
27.66,16.365073,11.455551
27.67,2.653801,1.857661
27.68,-1.269257,-0.888480
27.69,5.917485,4.142239
27.70,-5.506347,-3.854443
27.71,10.646830,7.452781
27.72,0.030294,0.021206
27.73,-0.671229,-0.469860
27.74,4.138768,2.897138
27.75,10.627739,7.439417
27.76,10.025503,7.017852
27.77,10.331586,7.232110
27.78,3.912708,2.738896
27.79,-2.650957,-1.855670
27.80,0.974017,0.681812
27.81,10.380113,7.266079
27.82,-1.228304,-0.859813
27.83,1.826114,1.278280
27.84,3.183361,2.228352
27.85,8.083672,5.658570
27.86,15.380302,10.766212
27.87,-3.469110,-2.428377
27.88,-0.672121,-0.470485
27.89,2.828356,1.979849
27.90,-7.002488,-4.901742
27.91,10.191588,7.134112
27.92,5.836688,4.085681
27.93,8.298134,5.808694
27.94,0.429283,0.300498
27.95,9.902666,6.931866
27.96,8.702774,6.091942
27.97,3.167672,2.217371
27.98,-6.028185,-4.219729
27.99,1.979827,1.385879
28.00,-3.030903,27.219211
28.01,20.830386,40.238500
28.02,42.508348,50.457687
28.03,65.379919,60.697984
28.04,82.610030,66.648372
28.05,81.780162,60.069607
28.06,86.749730,58.065282
28.07,87.945871,54.258996
28.08,67.522306,36.387653
28.09,54.116990,24.622598
28.10,50.233768,20.736382
28.11,23.278171,1.835769
28.12,1.630058,-12.372303
28.13,-17.424178,-24.007520
28.14,-40.482475,-37.945619
28.15,-58.615826,-48.204958
28.16,-49.803725,-39.626634
28.17,-61.719676,-45.802497
28.18,-75.422394,-53.641690
28.19,-58.838409,-40.796961
28.20,-54.188020,-36.857822
28.21,-37.475393,-24.995238
28.22,-24.529553,-16.198178
28.23,-5.092952,-3.148745
28.24,3.161066,1.948534
28.25,20.929364,13.758132
28.26,40.654618,27.156624
28.27,56.985275,38.536183
28.28,69.773041,47.887341
28.29,63.224686,44.194138
28.30,66.089905,47.559891
28.31,66.579291,49.649896
28.32,51.978191,41.427144
28.33,48.907980,41.346584
28.34,31.144940,30.844154
28.35,24.341391,27.660428
28.36,-2.538892,9.865745
28.37,-24.872290,-5.475893
28.38,-27.957111,-8.196064
28.39,-45.698776,-22.087209
28.40,-53.193834,-29.702041
28.41,-52.177377,-32.163241
28.42,-43.230485,-29.711522
28.43,-47.638647,-37.015696
28.44,-53.461612,-45.436500
28.45,-26.889842,-30.995782
28.46,-17.687864,-28.209823
28.47,-10.185304,-25.807612
28.48,4.050043,-17.626262
28.49,37.241187,5.087223
28.50,35.298699,4.585603
28.51,46.140765,14.432869
28.52,48.774696,19.855347
28.53,51.068415,26.183078
28.54,55.752810,35.060182
28.55,50.878499,37.780286
28.56,47.708363,41.832979
28.57,32.940583,37.486182
28.58,31.309531,41.635786
28.59,8.092710,29.590241
28.60,12.228919,35.281592
28.61,-14.628386,17.627646
28.62,-34.824557,2.852003
28.63,-29.546885,4.106432
28.64,-40.983551,-8.035772
28.65,-35.850901,-10.052697
28.66,-50.021737,-26.725803
28.67,-45.385866,-30.962160
28.68,-38.929898,-34.176621
28.69,-21.259050,-29.288102
28.70,-4.871172,-24.545099
28.71,-3.540062,-29.128053
28.72,9.950325,-23.595360
28.73,21.221544,-17.720230
28.74,32.806335,-9.558302
28.75,37.592524,-4.050706
28.76,43.334751,4.129235
28.77,43.234418,9.986402
28.78,44.986849,18.550481
28.79,48.749287,29.475527
28.80,34.943312,28.530595
28.81,26.348630,31.099434
28.82,20.858346,35.146078
28.83,6.562416,31.810545
28.84,4.154537,35.128833
28.85,-13.509841,25.754180
28.86,-12.956763,26.900822
28.87,-31.858785,12.124221
28.88,-31.155280,8.843160
28.89,-41.306012,-4.041367
28.90,-31.707188,-4.750775
28.91,-27.504259,-10.420152
28.92,-8.947375,-6.676904
28.93,-15.247356,-20.375332
28.94,-8.830822,-24.613855
28.95,1.158574,-25.225211
28.96,12.148942,-23.511715
28.97,22.994902,-19.879939
28.98,19.944441,-23.690304
28.99,34.534582,-12.748101
29.00,52.882106,3.191628
29.01,43.151839,1.653713
29.02,42.485880,8.305236
29.03,31.821230,9.349146
29.04,32.472588,19.161431
29.05,19.590422,19.747053
29.06,15.735019,26.280776
29.07,0.730273,24.044984
29.08,1.607423,31.428996
29.09,-8.926492,28.891643
29.10,-29.567339,17.034553
29.11,-17.726545,25.503504
29.12,-32.353919,13.023182
29.13,-25.716725,13.152388
29.14,-22.223089,9.098021
29.15,-24.711731,-0.706919
29.16,-21.202983,-7.356501
29.17,-5.717947,-6.079185
29.18,-2.698357,-13.369863
29.19,-3.309009,-22.441411
29.20,9.588552,-20.745234
29.21,5.916697,-28.870321
29.22,28.977915,-16.155696
29.23,40.018087,-9.518251
29.24,44.324832,-5.196957
29.25,32.521212,-9.850446
29.26,29.534614,-6.271935
29.27,22.621185,-3.755713
29.28,19.512744,2.630515
29.29,17.813211,10.654714
29.30,5.622569,11.393524
29.31,-5.377689,12.430596
29.32,9.540272,30.520236
29.33,-7.345124,24.775922
29.34,-2.572119,32.243741
29.35,-26.930685,17.121394
29.36,-33.100281,12.426870
29.37,-19.521590,19.293977
29.38,-23.869701,11.537197
29.39,-16.138636,10.479280
29.40,-10.434711,6.674264
29.41,-4.764771,2.027173
29.42,-6.732786,-8.227136
29.43,8.936260,-5.827020
29.44,9.174365,-13.376159
29.45,20.991529,-11.483583
29.46,16.382475,-19.359485
29.47,26.320238,-15.044084
29.48,27.088370,-14.991790
29.49,30.202351,-11.134267
29.50,22.826566,-12.587507
29.51,18.489699,-10.141089
29.52,15.255159,-5.520741
29.53,15.888102,2.753627
29.54,10.036463,6.924909
29.55,-9.543158,1.390371
29.56,-1.937873,14.269433
29.57,-24.755663,4.762847
29.58,-9.290344,20.567038
29.59,-8.897390,24.035576
29.60,-19.979161,17.507293
29.61,-20.801473,16.144614
29.62,-16.748268,16.256853
29.63,-17.034171,11.594614
29.64,-11.365111,9.672763
29.65,-0.127587,10.616570
29.66,2.242315,4.776765
29.67,15.567147,6.515178
29.68,5.751069,-7.550788
29.69,21.210774,-3.077544
29.70,11.861068,-14.733865
29.71,28.127836,-6.915914
29.72,29.048792,-8.094962
29.73,22.617796,-12.587672
29.74,36.633849,-0.965557
29.75,17.483825,-10.903148
29.76,8.475579,-12.333593
29.77,-0.407333,-12.602692
29.78,14.034091,4.131806
29.79,10.718998,8.679999
29.80,0.753629,8.375085
29.81,-3.122456,11.714108
29.82,-15.011724,8.451778
29.83,-8.554304,16.736588
29.84,-24.800381,7.618278
29.85,-0.971439,24.927092
29.86,-7.769341,19.162871
29.87,-6.216472,17.705511
29.88,2.579249,19.971322
29.89,1.566662,14.298479
29.90,6.068956,11.750186
29.91,5.115897,5.024404
29.92,5.961922,-0.408412
29.93,11.604497,-2.067892
29.94,11.653812,-6.879206
29.95,9.443506,-12.217081
29.96,21.931140,-5.992975
29.97,35.930689,2.695280
29.98,7.394742,-16.945621
29.99,17.946848,-7.832351
30.00,5.690711,-13.433073
30.01,14.825579,-3.025722
30.02,4.519296,-5.471239
30.03,-1.417780,-4.422636
30.04,-1.131273,1.077505
30.05,-4.731448,3.613238
30.06,2.008999,12.828430
30.07,0.671689,15.558097
30.08,-8.964733,11.434691
30.09,-10.199395,12.007903
30.10,-18.407774,6.452945
30.11,-3.321071,15.977010
30.12,-14.406368,6.049933
30.13,-0.692554,12.517912
30.14,1.534059,10.204160
30.15,-6.982554,-0.105468
30.16,12.975928,9.330335
30.17,25.341210,13.556579
30.18,15.323690,2.498844
30.19,12.293807,-3.037211
30.20,8.627671,-8.188813
30.21,9.996962,-8.844650
30.22,16.876636,-4.596914
30.23,16.173228,-4.604494
30.24,15.708754,-3.452744
30.25,10.867835,-4.494705
30.26,12.080551,-0.603531
30.27,2.081896,-4.078211
30.28,-17.303875,-13.879723
30.29,1.901092,3.329976
30.30,-5.479722,1.688402
30.31,-14.636299,-1.653732
30.32,-1.696445,9.833608
30.33,-12.898265,3.649523
30.34,-8.979569,7.196767
30.35,6.893651,18.235333
30.36,-12.889983,3.470142
30.37,7.926030,16.366414
30.38,7.435325,13.720959
30.39,-5.954062,1.586361
30.40,9.459330,9.344409
30.41,21.243720,14.494401
30.42,2.340570,-1.705621
30.43,17.101943,5.974590
30.44,7.117114,-3.195172
30.45,14.449971,0.351422
30.46,1.084625,-9.917398
30.47,13.115853,-1.701805
30.48,4.530092,-7.224192
30.49,-3.404976,-11.653956
30.50,-0.169819,-7.722825
30.51,1.566257,-4.425769
30.52,0.941477,-2.514243
30.53,-1.728863,-1.927143
30.54,-8.948787,-4.577555
30.55,-13.726534,-5.721831
30.56,-19.291790,-7.752313
30.57,-10.523913,-0.189356
30.58,5.012360,11.599374
30.59,-12.370717,-0.204086
30.60,0.659435,8.733239
30.61,0.914211,8.214666
30.62,-8.361908,0.578084
30.63,-0.933439,4.280836
30.64,10.550861,10.579949
30.65,14.805996,11.697713
30.66,9.518756,6.138930
30.67,22.531889,13.511677
30.68,10.378080,3.493679
30.69,3.986940,-2.179007
30.70,3.338415,-3.459249
30.71,5.610585,-2.288232
30.72,11.614251,1.907820
30.73,7.890212,-0.313311
30.74,-9.350777,-11.649179
30.75,2.748986,-2.164614
30.76,-13.258654,-12.153388
30.77,-13.208490,-10.788740
30.78,3.552676,2.295169
30.79,-2.411763,-0.595046
30.80,-17.938783,-10.323799
30.81,-4.865689,-0.241811
30.82,-9.507644,-2.816885
30.83,4.069569,7.077311
30.84,2.523700,6.093867
30.85,-1.140781,3.348157
30.86,12.439782,12.424590
30.87,2.941903,5.141110
30.88,2.405575,3.980751
30.89,14.111056,11.301004
30.90,17.061736,12.467283
30.91,14.850525,10.054988
30.92,11.924143,7.230580
30.93,-3.459015,-4.181157
30.94,3.120586,-0.054833
30.95,8.854270,3.661665
30.96,10.285788,4.553327
30.97,-4.613357,-5.808555
30.98,-7.930086,-7.905112
30.99,-5.318101,-5.723430
31.00,-4.532897,-4.728238
31.01,-8.545042,-7.038112
31.02,-10.920165,-8.188351
31.03,2.500203,1.695343
31.04,-10.440147,-6.927787
31.05,7.719055,6.140170
31.06,-5.567310,-2.898286
31.07,-1.803394,-0.103124
31.08,-7.364710,-3.935663
31.09,-5.353257,-2.558054
31.10,-1.273047,0.192378
31.11,5.043105,4.452528
31.12,18.676601,13.801529
31.13,5.394943,4.298940
31.14,5.193723,3.962144
31.15,11.209465,8.003639
31.16,5.582016,3.933435
31.17,20.391358,14.214065
31.18,6.266905,4.286883
31.19,-1.180854,-0.925442
31.20,-0.698442,-0.554751
31.21,11.662956,8.150492
31.22,5.669032,4.011793
31.23,10.644365,7.541688
31.24,-9.006089,-6.189575
31.25,-21.973356,-15.276024
31.26,-10.513226,-7.302943
31.27,-13.733121,-9.646911
31.28,-10.879678,-7.776812
31.29,-0.999124,-1.016302
31.30,7.907899,5.047136
31.31,2.818575,1.313649
31.32,-3.742534,-3.431728
31.33,6.597276,3.689815
31.34,-2.736630,-2.907680
31.35,4.803681,2.372360
31.36,10.090014,6.148556
31.37,8.018763,4.851014
31.38,14.077066,9.317037
31.39,-2.792297,-2.203546
31.40,2.259771,1.667540
31.41,11.799652,8.705648
31.42,1.220930,1.661572
31.43,9.939233,8.099698
31.44,-1.825528,0.147563
31.45,-5.552906,-2.254694
31.46,10.152697,8.849865
31.47,2.743137,3.663500
31.48,0.892542,2.251347
31.49,-11.057450,-6.346064
31.50,-18.834879,-12.128566
31.51,-2.188657,-0.902546
31.52,-12.391492,-8.533947
31.53,-10.821826,-7.957143
31.54,-8.282396,-6.699909
31.55,-3.935373,-4.140319
31.56,-1.096473,-2.565104
31.57,-12.934300,-11.161651
31.58,-4.384193,-5.359979
31.59,5.221605,1.324220
31.60,6.944190,2.641327
31.61,7.075816,2.993467
31.62,0.954850,-0.895148
31.63,-7.648809,-6.407833
31.64,7.687845,4.920947
31.65,-9.008124,-6.126875
31.66,-5.945487,-3.338524
31.67,0.863545,2.035006
31.68,-5.511676,-1.898699
31.69,16.389685,13.846286
31.70,7.656988,8.002725
31.71,-3.571841,0.246398
31.72,-8.728345,-3.434952
31.73,-5.801885,-1.632582
31.74,-14.421338,-8.073824
31.75,-7.942049,-4.083618
31.76,0.928873,1.476361
31.77,-3.224861,-2.144559
31.78,6.628117,4.021128
31.79,1.019759,-0.606811
31.80,-4.046189,-4.779624
31.81,3.849519,0.237939
31.82,1.289333,-1.911806
31.83,5.942284,1.164518
31.84,1.864969,-1.679731
31.85,-3.919703,-5.527111
31.86,2.046372,-0.968095
31.87,-6.314429,-6.280097
31.88,4.490853,1.948361
31.89,8.216396,5.303218
31.90,-4.671974,-2.937128
31.91,-1.169078,0.280660
31.92,-6.300089,-2.610644
31.93,-8.427442,-3.510415
31.94,1.528726,3.898532
31.95,5.307748,6.804537
31.96,-4.069107,0.304777
31.97,-4.871048,-0.394217
31.98,-15.278015,-8.010351
31.99,-12.480954,-6.556647
32.00,0.062534,1.578500
32.01,-3.892571,-1.935265
32.02,1.338652,0.929235
32.03,-0.905559,-1.440026
32.04,-9.794399,-8.410126
32.05,3.124433,-0.016295
32.06,4.755978,0.616827
32.07,2.423742,-1.351526
32.08,7.402959,1.992902
32.09,1.152752,-2.319491
32.10,-4.441758,-5.973275
32.11,4.960471,1.053245
32.12,-5.873356,-5.931683
32.13,5.183246,2.521810
32.14,-6.832000,-5.105893
32.15,2.164587,1.993412
32.16,2.236778,2.812910
32.17,-0.691943,1.449842
32.18,-8.572451,-3.505172
32.19,7.686421,8.276162
32.20,4.584875,6.318976
32.21,0.659588,3.586016
32.22,-7.986957,-2.651035
32.23,-9.581307,-4.138004
32.24,-14.270917,-7.953425
32.25,-1.155599,0.567786
32.26,-2.502710,-1.118610
32.27,-7.000713,-5.046481
32.28,4.311439,2.106971
32.29,-8.540440,-7.591348
32.30,-7.970660,-7.786990
32.31,4.010802,0.150315
32.32,-1.103386,-3.706866
32.33,-1.190643,-3.856303
32.34,-2.561031,-4.710860
32.35,-10.112257,-9.707174
32.36,-1.972995,-3.555342
32.37,-3.374664,-3.947786
32.38,-5.293070,-4.606348
32.39,-2.367876,-1.823350
32.40,-1.367687,-0.384242
32.41,-3.142071,-0.930925
32.42,1.640291,3.024565
32.43,-6.127302,-1.930376
32.44,-4.450272,-0.429037
32.45,-16.147151,-8.463653
32.46,-10.696635,-4.677213
32.47,-6.856216,-2.196118
32.48,-4.482263,-0.904613
32.49,-2.178116,0.200440
32.50,-6.640087,-3.534387
32.51,3.985357,3.228595
32.52,-7.839702,-5.743369
32.53,-1.176542,-1.748668
32.54,-1.818324,-2.800157
32.55,1.681664,-0.847620
32.56,-3.748292,-5.010927
32.57,-0.497525,-2.941319
32.58,-0.455160,-2.950174
32.59,3.495852,-0.055402
32.60,-1.795549,-3.473302
32.61,-0.104391,-1.866837
32.62,-3.084980,-3.422904
32.63,-14.442361,-10.770375
32.64,-3.154751,-2.233452
32.65,-3.372850,-1.758582
32.66,-5.115382,-2.398698
32.67,-8.262119,-4.105797
32.68,-2.963545,-0.015439
32.69,-2.408797,0.617526
32.70,-3.530260,-0.072929
32.71,-9.676506,-4.434368
32.72,0.549023,2.517108
32.73,-1.334027,0.860855
32.74,5.853878,5.446302
32.75,-9.964123,-6.150120
32.76,-9.659972,-6.504092
32.77,-8.577566,-6.319529
32.78,-2.335788,-2.493090
32.79,3.838325,1.350270
32.80,0.118514,-1.638583
32.81,0.462474,-1.666520
32.82,6.863785,2.676865
32.83,3.245694,0.144096
32.84,11.152874,5.813809
32.85,-2.560627,-3.527343
32.86,-8.956958,-7.641715
32.87,-1.929682,-2.279958
32.88,-7.525846,-5.704738
32.89,-2.274030,-1.518376
32.90,-1.639886,-0.579601
32.91,-2.063204,-0.427396
32.92,-4.434608,-1.712720
32.93,-0.037773,1.643620
32.94,-2.484846,0.097489
32.95,-4.966773,-1.592947
32.96,-13.516237,-7.650915
32.97,-7.675302,-3.748536
32.98,-2.783187,-0.608900
32.99,-5.883111,-3.141940
33.00,-4.827381,-2.819419
33.01,8.107363,5.792698
33.02,-9.504507,-6.974847
33.03,-12.175089,-9.252701
33.04,0.964830,-0.407215
33.05,-9.553905,-8.045765
33.06,4.140331,1.357396
33.07,-9.314197,-8.141613
33.08,-3.098715,-3.767054
33.09,-2.770803,-3.413360
33.10,-2.483337,-2.997972
33.11,-4.986491,-4.461910
33.12,1.550758,0.456327
33.13,-0.600137,-0.676370
33.14,-8.127021,-5.565974
33.15,-10.221209,-6.670643
33.16,-3.971515,-1.974992
33.17,-5.705771,-2.927769
33.18,-6.888006,-3.568732
33.19,-8.998740,-4.944019
33.20,-2.528415,-0.401060
33.21,-3.844191,-1.395235
33.22,-8.471861,-4.787470
33.23,-16.797327,-10.835896
33.24,-14.418722,-9.443227
33.25,-5.592851,-3.570419
33.26,-3.867348,-2.680460
33.27,-8.516223,-6.244606
33.28,0.562104,-0.172326
33.29,-6.177305,-5.127988
33.30,-3.140680,-3.182227
33.31,-7.998049,-6.694474
33.32,-11.233857,-8.998877
33.33,-6.278715,-5.496697
33.34,5.068490,2.548354
33.35,-3.031590,-2.959981
33.36,-2.565064,-2.424216
33.37,-11.117622,-8.169195
33.38,-1.260772,-1.011424
33.39,-6.667303,-4.538778
33.40,-12.380317,-8.297729
33.41,-3.917137,-2.165050
33.42,-8.709274,-5.354911
33.43,2.937227,2.909572
33.44,-12.696363,-7.979917
33.45,-0.069841,0.853451
33.46,-1.765584,-0.395470
33.47,-1.382815,-0.240088
33.48,-6.293655,-3.831826
33.49,0.060923,0.432016
33.50,-4.133492,-2.705772
33.51,-13.292093,-9.322334
33.52,-1.048994,-0.948341
33.53,-5.281964,-4.086144
33.54,14.624379,9.705254
33.55,-15.587678,-11.546759
33.56,-10.193221,-7.829806
33.57,-2.036565,-2.133022
33.58,-1.124618,-1.462402
33.59,-6.527539,-5.171069
33.60,-7.817497,-5.966011
33.61,-3.069144,-2.507902
33.62,-8.370371,-6.067994
33.63,-4.370610,-3.111241
33.64,-1.212469,-0.747745
33.65,2.572256,2.040699
33.66,-18.192087,-12.377076
33.67,-5.486939,-3.394490
33.68,-1.572179,-0.597738
33.69,5.085402,4.084455
33.70,-3.187538,-1.718890
33.71,-4.216203,-2.482867
33.72,1.684009,1.576208
33.73,-16.358787,-11.145993
33.74,-1.815016,-1.071720
33.75,-5.425899,-3.712245
33.76,-14.309327,-10.042494
33.77,-8.101168,-5.800470
33.78,3.148945,1.985257
33.79,-0.758131,-0.819831
33.80,-9.461714,-6.959915
33.81,-2.338058,-1.996706
33.82,1.369853,0.599683
33.83,0.473806,-0.004109
33.84,-20.357313,-14.542858
33.85,-5.122558,-3.820000
33.86,-15.060985,-10.707728
33.87,-4.025069,-2.908007
33.88,-1.655322,-1.174429
33.89,-0.993418,-0.641048
33.90,5.715629,4.116412
33.91,1.049736,0.899187
33.92,-1.667006,-0.968092
33.93,-12.657420,-8.642480
33.94,-11.125902,-7.566991
33.95,-0.354530,-0.037959
33.96,1.938778,1.544091
33.97,-8.723706,-5.952547
33.98,-0.262174,-0.068866
33.99,-1.199451,-0.767529
34.00,-7.194028,-5.006243
34.01,0.609026,0.416366
34.02,-9.839211,-6.931528
34.03,2.719015,1.832277
34.04,-12.298358,-8.698611
34.05,-5.363376,-3.854312
34.06,0.364133,0.152907
34.07,-3.452276,-2.513455
34.08,-6.501705,-4.637225
34.09,0.885730,0.548759
34.10,-10.905991,-7.688599
34.11,1.390926,0.936329
34.12,-15.027474,-10.540840
34.13,-4.461025,-3.131265
34.14,-6.093122,-4.264165
34.15,-9.158879,-6.404482
34.16,-5.224322,-3.648320
34.17,-5.151089,-3.598277
34.18,0.107988,0.079564
34.19,-12.578619,-8.805737
34.20,-14.798968,-10.364584
34.21,-17.744366,-12.429694
34.22,9.276394,6.483805
34.23,-15.538836,-10.884848
34.24,-3.655100,-2.560811
34.25,1.056271,0.745937
34.26,-10.371047,-7.241507
34.27,-11.446532,-7.980653
34.28,2.709079,1.942786
34.29,4.634282,3.304337
34.30,1.826511,1.350690
34.31,-12.298063,-8.528300
34.32,-4.875256,-3.328979
34.33,-9.199340,-6.358291
34.34,1.674350,1.244504
34.35,-5.943745,-4.103308
34.36,-1.874802,-1.276034
34.37,-6.289950,-4.392422
34.38,6.237787,4.347931
34.39,-7.648869,-5.403169
34.40,-5.411659,-3.866796
34.41,-8.971879,-6.385618
34.42,-13.741061,-9.745547
34.43,-18.342009,-12.980638
34.44,0.154541,-0.038905
34.45,-5.102660,-3.715270
34.46,-9.945948,-7.092056
34.47,-15.305209,-10.820566
34.48,7.810069,5.391473
34.49,-7.044891,-4.969014
34.50,2.736531,1.920320
34.51,-4.508360,-3.107104
34.52,-2.096556,-1.376103
34.53,-0.463155,-0.194202
34.54,2.228870,1.721742
34.55,-7.487731,-5.057746
34.56,-14.645480,-10.057266
34.57,-11.262954,-7.690951
34.58,-1.012572,-0.529817
34.59,-17.012215,-11.755848
34.60,-0.626979,-0.323235
34.61,-7.128402,-4.919914
34.62,-3.840043,-2.669588
34.63,-7.517419,-5.297865
34.64,5.452289,3.727738
34.65,-7.335175,-5.272222
34.66,-3.720350,-2.782803
34.67,-11.553858,-8.296566
34.68,-7.879037,-5.741623
34.69,-0.824767,-0.806777
34.70,-6.473590,-4.749314
34.71,-7.805389,-5.655633
34.72,3.755099,2.475511
34.73,-6.760489,-4.836047
34.74,-0.195868,-0.183957
34.75,-1.077632,-0.740425
34.76,-13.871121,-9.635094
34.77,-1.458517,-0.889451
34.78,-11.835310,-8.104091
34.79,-4.087849,-2.642754
34.80,4.557961,3.433813
34.81,-7.741211,-5.166473
34.82,0.483756,0.584009
34.83,-13.212289,-9.026062
34.84,-9.336869,-6.350629
34.85,-12.637769,-8.710856
34.86,-6.456260,-4.442529
34.87,1.048215,0.746470
34.88,-3.236087,-2.317975
34.89,8.701415,5.975766
34.90,3.723682,2.435825
34.91,9.862997,6.688431
34.92,-5.355258,-3.995689
34.93,-4.154810,-3.171049
34.94,-1.837333,-1.547735
34.95,-6.641659,-4.892925
34.96,-10.034492,-7.234396
34.97,-13.200007,-9.403176
34.98,0.969515,0.573148
34.99,-4.163407,-2.955345
35.00,-17.564787,-12.269005
35.01,4.067878,2.939593
35.02,-7.440238,-5.056157
35.03,-3.536958,-2.273592
35.04,-2.706027,-1.654573
35.05,-14.054391,-9.576366
35.06,-0.752999,-0.260055
35.07,-5.544981,-3.626164
35.08,-7.200354,-4.812943
35.09,1.306248,1.099184
35.10,-9.814103,-6.739288
35.11,-9.879317,-6.847394
35.12,-0.799008,-0.557841
35.13,-13.952846,-9.832113
35.14,-4.484097,-3.266228
35.15,-8.466571,-6.107876
35.16,1.628513,0.916518
35.17,-2.431699,-1.953387
35.18,-6.235102,-4.627396
35.19,-16.769717,-11.996448
35.20,-8.806702,-6.400762
35.21,-5.837003,-4.285461
35.22,-2.375645,-1.813477
35.23,-8.726735,-6.200890
35.24,-12.202303,-8.569908
35.25,1.024115,0.753874
35.26,-2.219936,-1.454447
35.27,-9.562300,-6.538342
35.28,-0.745835,-0.321329
35.29,-3.773349,-2.408211
35.30,-3.141945,-1.948931
35.31,0.409500,0.538305
35.32,-7.470617,-4.992577
35.33,2.204008,1.749912
35.34,-4.346103,-2.877837
35.35,5.245767,3.783714
35.36,3.012369,2.160951
35.37,-0.357409,-0.260054
35.38,-9.192560,-6.505600
35.39,5.016998,3.385247
35.40,-6.410463,-4.661208
35.41,-0.811290,-0.777481
35.42,3.089089,1.930787
35.43,-4.143042,-3.138748
35.44,2.906772,1.804321
35.45,-2.577380,-2.011836
35.46,-18.496950,-13.119851
35.47,-16.080767,-11.382327
35.48,-11.312526,-7.990922
35.49,-11.523103,-8.080756
35.50,-4.695827,-3.243879
35.51,-11.242426,-7.772185
35.52,-0.859603,-0.456784
35.53,-16.754453,-11.545576
35.54,4.853977,3.605840
35.55,-7.052360,-4.716634
35.56,3.978728,3.002959
35.57,-9.210527,-6.245485
35.58,6.620881,4.807947
35.59,-4.241455,-2.834831
35.60,-7.566416,-5.209389
35.61,0.389298,0.307696
35.62,-7.090068,-4.981225
35.63,4.166712,2.847123
35.64,1.080920,0.640881
35.65,-11.567455,-8.251101
35.66,-3.221191,-2.436469
35.67,-7.132872,-5.190431
35.68,-8.677598,-6.274746
35.69,-3.853566,-2.888173
35.70,0.380470,0.097329
35.71,-3.332230,-2.469539
35.72,-2.960176,-2.168948
35.73,-8.213419,-5.800629
35.74,-6.846198,-4.795544
35.75,-2.309429,-1.572432
35.76,-1.130570,-0.703514
35.77,-0.970115,-0.553851
35.78,-1.164628,-0.661293
35.79,-11.072652,-7.578486
35.80,-4.688288,-3.102278
35.81,2.494841,1.921556
35.82,-11.279171,-7.735620
35.83,6.130894,4.426239
35.84,-5.909794,-4.035453
35.85,-5.423334,-3.733896
35.86,-2.008443,-1.385597
35.87,4.751352,3.303715
35.88,-16.231519,-11.424546
35.89,-0.441958,-0.407303
35.90,-1.306310,-1.040846
35.91,1.194065,0.689536
35.92,-7.854748,-5.654822
35.93,3.751826,2.469720
35.94,-4.011346,-2.954652
35.95,-3.944239,-2.888764
35.96,-2.852467,-2.097954
35.97,-14.701619,-10.359994
35.98,-2.829220,-2.013341
35.99,-5.076656,-3.549332
36.00,6.098908,4.309624
36.01,-6.473357,-4.458316
36.02,-5.514178,-3.759651
36.03,7.590394,5.433784
36.04,3.740644,2.751074
36.05,-6.254885,-4.242368
36.06,3.013936,2.240547
36.07,0.121094,0.202161
36.08,-6.097186,-4.171110
36.09,8.016874,5.682661
36.10,-6.096027,-4.226237
36.11,-3.405160,-2.374300
36.12,7.316182,5.099227
36.13,-3.908682,-2.787348
36.14,-10.975876,-7.759519
36.15,-5.504765,-3.949357
36.16,-3.529518,-2.579688
36.17,-1.181621,-0.941911
36.18,-2.783578,-2.061619
36.19,-8.522706,-6.070248
36.20,-4.676596,-3.362872
36.21,-6.375539,-4.531838
36.22,2.622172,1.790610
36.23,-6.266316,-4.405163
36.24,-15.531439,-10.864186
36.25,-12.425324,-8.664645
36.26,-5.160013,-3.556532
36.27,-1.918092,-1.268992
36.28,-11.039483,-7.640993
36.29,-5.341050,-3.644998
36.30,-2.098759,-1.374447
36.31,-5.727968,-3.919951
36.32,-11.827809,-8.200390
36.33,12.552414,8.850577
36.34,3.488624,2.487212
36.35,4.440345,3.132487
36.36,-2.235151,-1.562102
36.37,-9.540182,-6.696772
36.38,4.310165,2.979239
36.39,5.093977,3.511745
36.40,4.100827,2.804365
36.41,-3.533323,-2.547099
36.42,7.737227,5.339656
36.43,0.703631,0.418425
36.44,3.085589,2.092669
36.45,-1.950232,-1.421553
36.46,0.343758,0.198231
36.47,-1.142224,-0.825835
36.48,0.623953,0.427633
36.49,6.351981,4.454290
36.50,5.717747,55.804138
36.51,7.809872,54.157530
36.52,38.156281,71.491253
36.53,61.728052,83.404057
36.54,76.325357,88.484465
36.55,93.595396,95.020109
36.56,109.221363,100.126751
36.57,120.495741,102.046363
36.58,125.831459,99.801839
36.59,138.357852,102.711231
36.60,139.206029,97.684832
36.61,153.268700,102.254671
36.62,135.363739,84.886987
36.63,128.888017,76.038273
36.64,124.544872,69.263292
36.65,131.994148,71.369324
36.66,103.589518,49.031962
36.67,88.138897,36.427511
36.68,79.611784,29.328651
36.69,55.990645,12.301350
36.70,38.418190,0.109238
36.71,12.801660,-17.161767
36.72,-15.200864,-35.611161
36.73,-27.591596,-42.709558
36.74,-51.651566,-57.629396
36.75,-57.775260,-59.726850
36.76,-83.275686,-75.203012
36.77,-94.504635,-80.585735
36.78,-112.733798,-90.844186
36.79,-126.366767,-97.935152
36.80,-138.735673,-104.258799
36.81,-135.552722,-99.873109
36.82,-145.281837,-104.752662
36.83,-141.758394,-100.621399
36.84,-133.491214,-93.463293
36.85,-126.716387,-87.659637
36.86,-124.341097,-85.249687
36.87,-105.780403,-71.816694
36.88,-91.033560,-61.341951
36.89,-82.544501,-55.508038
36.90,-69.605627,-46.782666
36.91,-50.660969,-34.032294
36.92,-36.684988,-24.888911
36.93,-4.055610,-2.762901
36.94,10.336974,6.578933
36.95,20.386758,12.918997
36.96,42.897552,28.074944
36.97,58.351250,38.435631
36.98,87.748923,58.748143
36.99,93.460965,62.711316
37.00,104.942276,70.974980
37.01,123.036370,84.151673
37.02,134.123658,92.719551
37.03,122.872977,85.947854
37.04,134.875102,95.740071
37.05,127.850127,92.479132
37.06,129.287976,95.376104
37.07,112.743886,85.877699
37.08,108.119863,84.864246
37.09,92.275264,76.078343
37.10,94.642157,80.057098
37.11,61.271018,58.965821
37.12,47.193203,51.253636
37.13,40.045467,48.192638
37.14,24.781065,39.177749
37.15,19.688043,36.941610
37.16,-17.873264,11.572900
37.17,-26.922229,5.701905
37.18,-57.327449,-15.626309
37.19,-69.705893,-24.879663
37.20,-71.284018,-27.140444
37.21,-92.151414,-43.481742
37.22,-116.102705,-62.555970
37.23,-117.183726,-66.176735
37.24,-115.015917,-68.045797
37.25,-114.393437,-71.471326
37.26,-123.698629,-82.259365
37.27,-127.801367,-89.744368
37.28,-126.743721,-93.869817
37.29,-111.857028,-88.471840
37.30,-106.383415,-89.716223
37.31,-85.428394,-80.067430
37.32,-69.586410,-73.828875
37.33,-69.414813,-78.277240
37.34,-35.956463,-59.030922
37.35,-44.335907,-68.570003
37.36,-15.981123,-51.794085
37.37,4.535010,-39.813834
37.38,8.400988,-38.718947
37.39,36.540920,-19.798325
37.40,51.060726,-9.529617
37.41,67.144737,2.746844
37.42,86.589678,18.300626
37.43,80.320368,16.771373
37.44,110.099451,41.365227
37.45,105.175509,42.508548
37.46,113.913176,53.989472
37.47,129.387431,70.874850
37.48,123.780227,73.589236
37.49,116.025021,75.267823
37.50,108.376564,77.357440
37.51,101.777981,80.375981
37.52,94.508827,82.968823
37.53,80.546896,80.765097
37.54,74.996124,84.180407
37.55,57.284927,78.658963
37.56,40.797225,73.418632
37.57,29.223043,70.899673
37.58,7.387648,60.348332
37.59,0.079859,58.999698
37.60,-35.115700,37.063061
37.61,-31.954949,40.828960
37.62,-48.860470,29.343006
37.63,-57.708039,22.257015
37.64,-80.794343,3.952826
37.65,-88.175373,-4.593827
37.66,-91.831334,-11.728559
37.67,-105.497636,-27.000340
37.68,-110.279612,-37.092681
37.69,-120.668367,-52.036119
37.70,-117.562184,-58.325110
37.71,-119.260912,-68.616492
37.72,-112.671848,-73.576415
37.73,-96.038501,-71.793681
37.74,-100.059486,-84.566483
37.75,-83.669270,-82.952700
37.76,-62.626765,-77.785837
37.77,-48.716153,-77.119647
37.78,-40.218147,-79.562036
37.79,-11.067873,-66.689549
37.80,-7.916397,-70.994230
37.81,-0.185643,-70.925621
37.82,29.645268,-54.094434
37.83,38.960512,-50.231050
37.84,53.792570,-41.038394
37.85,63.691965,-33.785011
37.86,86.846004,-15.723261
37.87,92.453850,-8.427516
37.88,96.511405,-0.744864
37.89,102.620338,9.771689
37.90,111.378431,23.437570
37.91,100.744582,24.693832
37.92,112.558079,42.672922
37.93,91.371559,38.384543
37.94,96.833331,53.386559
37.95,90.692568,60.692316
37.96,91.941366,73.374125
37.97,70.224437,69.954349
37.98,73.858033,84.023140
37.99,48.243612,77.132589
38.00,26.943391,72.554200
38.01,26.550406,81.692441
38.02,-2.946555,69.344505
38.03,-10.330795,71.186888
38.04,-27.449910,64.774538
38.05,-35.146622,63.392554
38.06,-49.556033,55.650873
38.07,-57.037494,51.034175
38.08,-73.477261,38.391626
38.09,-88.632263,24.897186
38.10,-89.418896,19.747736
38.11,-102.732172,4.189249
38.12,-101.520716,-2.736798
38.13,-113.708180,-20.440189
38.14,-89.831506,-14.131164
38.15,-89.982586,-25.682603
38.16,-100.309898,-45.184717
38.17,-89.436097,-50.441413
38.18,-71.592219,-51.168664
38.19,-62.015086,-57.777453
38.20,-60.836648,-70.101285
38.21,-54.792942,-78.597561
38.22,-29.623498,-73.032280
38.23,-15.436417,-74.240632
38.24,6.204062,-69.093151
38.25,24.493392,-64.949203
38.26,31.389201,-67.259440
38.27,46.048867,-62.463221
38.28,57.758498,-57.941514
38.29,68.038328,-52.545685
38.30,82.205993,-42.505107
38.31,91.669295,-33.823425
38.32,94.942158,-27.567836
38.33,101.591937,-17.105689
38.34,111.493668,-2.625457
38.35,103.782169,1.131498
38.36,97.628653,7.417033
38.37,105.256573,24.590435
38.38,99.046413,33.095499
38.39,93.559070,42.881132
38.40,71.811483,41.798973
38.41,63.996742,50.712499
38.42,53.068988,57.411734
38.43,34.973785,58.779928
38.44,33.516571,71.206939
38.45,8.378182,66.205494
38.46,-11.660898,63.673381
38.47,-19.010947,68.695102
38.48,-38.321658,63.812378
38.49,-34.255449,73.586926
38.50,-55.624124,63.708338
38.51,-76.414301,52.279204
38.52,-72.106959,56.393665
38.53,-82.105636,48.439186
38.54,-94.251436,36.936797
38.55,-82.036067,40.491943
38.56,-99.194426,21.578854
38.57,-90.986237,18.641831
38.58,-96.498136,4.481462
38.59,-73.146216,9.099823
38.60,-82.304127,-10.242841
38.61,-75.753693,-19.547784
38.62,-61.441811,-24.112300
38.63,-49.623564,-30.835026
38.64,-52.958232,-48.288564
38.65,-37.864466,-52.673719
38.66,-19.601460,-54.382022
38.67,-10.088676,-61.475201
38.68,20.519783,-52.792784
38.69,19.546826,-64.959225
38.70,34.337822,-64.607022
38.71,58.153515,-56.256152
38.72,55.857910,-64.336498
38.73,64.360150,-62.881840
38.74,61.656535,-67.203074
38.75,73.528712,-59.201363
38.76,86.774869,-48.107400
38.77,96.111423,-37.650523
38.78,93.431233,-33.577449
38.79,92.824395,-26.136395
38.80,89.895802,-18.552679
38.81,78.068846,-15.613291
38.82,77.623443,-3.336746
38.83,79.255999,11.523039
38.84,63.557847,15.116325
38.85,44.566975,16.988881
38.86,40.027042,29.268762
38.87,16.285234,28.100502
38.88,19.202107,45.287825
38.89,-2.478090,44.658693
38.90,-10.936212,52.404870
38.91,-23.328302,56.252362
38.92,-19.535921,70.041351
38.93,-40.059846,65.205351
38.94,-48.057751,67.349043
38.95,-56.573579,67.191330
38.96,-76.879526,56.728879
38.97,-77.790460,57.718229
38.98,-82.668640,53.773913
38.99,-80.339463,52.728060
39.00,-79.483193,48.555982
39.01,-79.644648,41.668393
39.02,-83.590415,30.259562
39.03,-77.557462,24.130731
39.04,-69.991585,17.569943
39.05,-63.727297,8.822227
39.06,-46.305625,6.862669
39.07,-38.518460,-2.589563
39.08,-23.769837,-7.629446
39.09,-20.086496,-20.579086
39.10,-7.770928,-27.350616
39.11,-2.378841,-38.536245
39.12,12.965763,-42.034568
39.13,32.721094,-41.450805
39.14,44.153191,-45.444178
39.15,50.822079,-51.292527
39.16,55.450770,-56.888457
39.17,63.173736,-58.469285
39.18,77.351266,-53.550236
39.19,92.260104,-46.043524
39.20,80.570247,-55.026383
39.21,88.890939,-47.859858
39.22,80.047087,-50.595512
39.23,80.286665,-44.929613
39.24,74.111148,-41.820422
39.25,70.776375,-34.935401
39.26,71.628014,-23.513482
39.27,54.804421,-23.069493
39.28,46.883500,-15.237186
39.29,43.804455,-3.119333
39.30,33.199975,4.349900
39.31,23.240573,12.601416
39.32,0.802937,12.154649
39.33,15.840658,37.682817
39.34,-19.877932,27.135120
39.35,-26.487164,36.140153
39.36,-31.809282,44.961594
39.37,-48.804137,44.288440
39.38,-47.114926,55.157583
39.39,-61.619771,52.971765
39.40,-66.448371,55.691384
39.41,-67.018785,59.411542
39.42,-70.021704,59.375129
39.43,-82.078966,50.913174
39.44,-60.681286,63.788968
39.45,-83.827911,43.450044
39.46,-72.972836,44.964788
39.47,-61.964611,44.762772
39.48,-38.584804,51.555310
39.49,-48.084756,33.856535
39.50,-37.672411,28.838824
39.51,-31.378607,19.922067
39.52,-22.775208,11.866211
39.53,-8.584829,7.239334
39.54,-4.453544,-4.628608
39.55,9.126607,-9.797041
39.56,17.759102,-18.061268
39.57,29.029961,-23.837008
39.58,40.946739,-28.258391
39.59,54.165763,-30.623878
39.60,59.924808,-36.848008
39.61,52.284619,-50.896484
39.62,72.692585,-43.595205
39.63,82.820298,-41.646956
39.64,83.796304,-44.170810
39.65,75.799765,-50.988164
39.66,73.852428,-51.569229
39.67,78.582430,-45.498475
39.68,61.894311,-52.504983
39.69,61.492883,-46.294351
39.70,68.287252,-33.363796
39.71,58.275021,-30.680460
39.72,39.125105,-33.070076
39.73,32.779406,-25.391908
39.74,26.521399,-16.786376
39.75,28.080246,-2.097450
39.76,-3.271482,-10.099235
39.77,-4.059594,3.369966
39.78,-17.512567,7.779914
39.79,-15.947598,22.243440
39.80,-19.340630,32.522539
39.81,-39.068631,30.413660
39.82,-51.018740,32.575869
39.83,-52.213495,40.897343
39.84,-61.025757,42.348591
39.85,-64.237745,46.044243
39.86,-67.364149,48.019364
39.87,-63.846208,52.795440
39.88,-65.410113,52.130636
39.89,-63.190846,52.233549
39.90,-65.754333,47.147419
39.91,-57.172176,48.096830
39.92,-44.721354,50.096261
39.93,-37.529156,46.896314
39.94,-33.478107,40.147372
39.95,-35.108070,28.264677
39.96,-3.986722,38.365098
39.97,-6.561262,24.166648
39.98,4.178440,18.819689
39.99,22.175386,18.335016
40.00,25.797065,7.823083
40.01,43.907241,7.739328
40.02,36.112072,-9.948385
40.03,55.182410,-8.068829
40.04,56.402594,-17.707658
40.05,71.519353,-16.447238
40.06,75.081062,-21.932798
40.07,56.307223,-41.566931
40.08,71.823375,-35.597752
40.09,69.670529,-40.314281
40.10,73.255478,-39.282590
40.11,66.847813,-43.498597
40.12,63.839364,-43.606506
40.13,69.624829,-35.881748
40.14,62.021812,-35.935706
40.15,41.690404,-43.420137
40.16,35.255395,-39.839183
40.17,23.768287,-38.623008
40.18,27.225578,-25.961578
40.19,14.086660,-24.138333
40.20,-0.568538,-22.815721
40.21,5.873819,-6.391497
40.22,-13.517248,-7.949344
40.23,-20.920063,-1.246112
40.24,-29.237801,4.458427
40.25,-42.034117,6.451016
40.26,-58.862221,4.838723
40.27,-47.941463,21.679206
40.28,-62.015605,19.883445
40.29,-48.556751,36.076075
40.30,-71.083479,25.675294
40.31,-62.088147,35.845830
40.32,-67.149033,34.621939
40.33,-57.748515,41.935603
40.34,-46.096202,49.240645
40.35,-43.459898,48.680759
40.36,-31.317976,53.281964
40.37,-25.823334,51.826376
40.38,-13.224653,54.055332
40.39,-13.963460,45.798962
40.40,-11.205856,39.001048
40.41,0.780804,37.852044
40.42,26.610971,45.773605
40.43,18.179810,29.293966
40.44,29.162926,26.193747
40.45,42.784317,24.939423
40.46,40.960461,13.080105
40.47,54.209813,12.180177
40.48,51.684946,0.837950
40.49,54.373735,-6.077121
40.50,61.688758,-8.815171
40.51,68.096722,-11.108270
40.52,61.197792,-21.517437
40.53,64.288714,-23.640511
40.54,59.692086,-29.783243
40.55,57.733189,-32.676559
40.56,42.416066,-43.503819
40.57,56.883473,-32.078818
40.58,39.703075,-41.444882
40.59,44.195556,-34.344099
40.60,30.402519,-38.838217
40.61,21.018026,-39.154521
40.62,1.957522,-45.285148
40.63,12.499425,-29.885153
40.64,-3.670270,-32.538195
40.65,-8.829467,-27.013212
40.66,-30.911637,-33.045088
40.67,-26.973327,-20.758294
40.68,-30.699638,-13.917093
40.69,-37.506362,-9.493446
40.70,-33.387790,2.142993
40.71,-38.015924,7.058717
40.72,-58.569389,0.079171
40.73,-53.421316,10.209973
40.74,-50.048666,18.102781
40.75,-43.879198,26.864400
40.76,-44.759717,29.530581
40.77,-39.092671,35.571505
40.78,-40.263584,35.593219
40.79,-40.478755,35.051409
40.80,-25.990269,43.593571
40.81,-23.817538,42.353155
40.82,-6.455949,50.652294
40.83,-12.760093,41.381904
40.84,-11.763001,36.326218
40.85,8.186374,43.764208
40.86,9.857620,37.771092
40.87,32.892369,46.242942
40.88,24.624013,32.467483
40.89,43.101814,37.237855
40.90,40.340774,27.124371
40.91,45.135233,22.440901
40.92,51.935746,19.455646
40.93,46.784418,8.542957
40.94,58.809564,10.226890
40.95,64.386337,8.091189
40.96,66.946158,4.643710
40.97,47.733818,-13.155439
40.98,57.097713,-9.992214
40.99,57.502658,-12.090747
41.00,53.952829,5.483575
41.01,41.220290,-4.299604
41.02,47.870357,0.442715
41.03,41.445334,-3.035800
41.04,29.645813,-9.389461
41.05,38.088673,-0.748725
41.06,23.007969,-7.827991
41.07,42.380981,9.864499
41.08,14.756907,-4.791141
41.09,15.645459,0.947902
41.10,19.778938,9.273062
41.11,23.546344,17.530855
41.12,15.766243,17.766509
41.13,8.644194,18.396788
41.14,9.293635,24.277182
41.15,9.645189,29.640879
41.16,5.529291,31.458912
41.17,16.704985,43.462424
41.18,12.313221,43.961854
41.19,19.602083,51.956187
41.20,6.135427,44.680314
41.21,24.029470,58.571619
41.22,30.612677,63.732553
41.23,28.392939,61.907964
41.24,46.439082,73.452115
41.25,45.842330,71.151341
41.26,49.439652,71.029694
41.27,43.185798,63.308370
41.28,53.653938,66.654877
41.29,63.441565,68.965649
41.30,76.269350,72.933499
41.31,73.497721,65.607314
41.32,75.197870,61.139718
41.33,91.843828,66.969383
41.34,81.537654,53.876488
41.35,99.313902,60.493659
41.36,83.305362,43.619860
41.37,94.548374,46.082056
41.38,85.073813,34.396982
41.39,86.613491,30.863862
41.40,71.173135,15.963924
41.41,76.508837,16.192580
41.42,56.895893,-0.403496
41.43,53.566040,-4.921128
41.44,54.874533,-5.484247
41.45,45.038096,-13.127605
41.46,15.302030,-33.979792
41.47,18.221446,-31.266102
41.48,1.227973,-41.811287
41.49,1.755434,-39.450798
41.50,-11.299815,-46.007531
41.51,-19.869347,-48.893923
41.52,-32.939339,-54.469243
41.53,-36.029505,-52.673301
41.54,-43.983039,-53.977774
41.55,-78.495504,-73.654714
41.56,-76.603065,-67.716561
41.57,-68.965414,-57.712446
41.58,-83.444446,-63.231551
41.59,-78.768926,-55.466738
41.60,-89.113119,-58.418051
41.61,-87.424339,-53.220589
41.62,-97.672198,-56.717733
41.63,-97.052272,-53.002638
41.64,-95.255346,-48.905828
41.65,-83.603431,-38.389739
41.66,-84.471951,-37.143805
41.67,-94.619683,-42.915184
41.68,-80.987479,-32.567860
41.69,-66.541691,-22.173250
41.70,-61.460380,-18.840966
41.71,-63.886920,-21.246943
41.72,-47.712162,-11.081740
41.73,-38.442335,-6.159005
41.74,-30.777607,-2.721535
41.75,-26.211097,-1.761753
41.76,-19.527306,0.428138
41.77,-12.277831,2.821860
41.78,-9.089044,2.242370
41.79,10.216652,12.875668
41.80,12.167014,11.351859
41.81,16.578487,11.600910
41.82,21.312930,12.181235
41.83,17.917463,7.226567
41.84,11.690159,0.491053
41.85,24.152763,7.079404
41.86,27.783360,7.759171
41.87,20.947994,1.412443
41.88,29.213170,5.954328
41.89,15.410821,-4.621668
41.90,17.845933,-3.498233
41.91,16.959746,-4.369794
41.92,13.003217,-7.070712
41.93,13.405548,-6.416814
41.94,14.142453,-5.246974
41.95,-0.581354,-14.644643
41.96,-3.318481,-15.427466
41.97,1.427960,-10.781633
41.98,2.550872,-8.518409
41.99,7.219902,-3.656690
42.00,-4.869402,-10.447676
42.01,11.717230,2.875013
42.02,-0.912466,-4.249503
42.03,-2.819459,-3.898085
42.04,-3.218915,-2.552719
42.05,2.559258,3.027716
42.06,14.589449,12.871280
42.07,10.970652,11.627578
42.08,11.587067,13.200448
42.09,21.160290,20.884640
42.10,15.818665,17.964382
42.11,24.646968,24.798059
42.12,30.833075,29.620670
42.13,51.293347,44.281275
42.14,49.700618,43.362172
42.15,54.370387,46.698737
42.16,54.246356,46.568739
42.17,67.431928,55.663769
42.18,73.671536,59.825529
42.19,85.672244,67.970287
42.20,83.583447,66.223997
42.21,73.419836,58.817741
42.22,88.952798,69.411085
42.23,84.002799,65.696194
42.24,95.868876,73.797979
42.25,78.129793,61.234473
42.26,85.304831,66.179059
42.27,81.778119,63.707244
42.28,77.977545,61.121756
42.29,61.364821,49.645537
42.30,62.982486,51.004693
42.31,42.259758,36.792746
42.32,48.491745,41.506313
42.33,31.489185,30.000251
42.34,35.009211,32.889595
42.35,11.141716,16.620471
42.36,15.209511,19.900723
42.37,8.553617,15.650168
42.38,-9.346010,3.485673
42.39,-12.369375,1.672508
42.40,-21.673232,-4.616839
42.41,-37.004415,-15.221447
42.42,-45.656507,-21.261127
42.43,-51.287449,-25.308298
42.44,-42.248850,-19.218116
42.45,-61.393801,-32.993625
42.46,-63.974428,-35.313830
42.47,-75.086203,-43.744564
42.48,-68.323168,-39.797109
42.49,-76.336514,-46.319251
42.50,-81.041737,-50.640438
42.51,-73.906248,-46.773348
42.52,-76.634332,-49.893687
42.53,-75.824093,-50.600450
42.54,-70.118843,-47.922375
42.55,-65.606188,-46.097829
42.56,-50.757093,-37.032729
42.57,-59.259955,-44.284998
42.58,-64.233876,-49.014470
42.59,-49.560627,-39.915889
42.60,-40.147928,-34.403795
42.61,-21.813390,-22.531856
42.62,-27.015940,-27.005379
42.63,-19.812816,-22.651666
42.64,-17.728803,-21.728859
42.65,-10.145508,-16.798727
42.66,-7.014224,-14.825881
42.67,-2.102677,-11.450591
42.68,6.513453,-5.332856
42.69,5.406851,-5.882864
42.70,-6.364678,-13.775061
42.71,1.710727,-7.669568
42.72,5.074079,-4.779209
42.73,15.774639,3.306355
42.74,7.524210,-1.840787
42.75,7.758858,-1.042954
42.76,12.574577,2.938788
42.77,-3.766199,-7.940099
42.78,9.370101,1.736417
42.79,10.982406,3.241624
42.80,-7.145777,-9.199747
42.81,-5.252452,-7.775099
42.82,-10.658146,-11.626042
42.83,-14.269785,-14.400540
42.84,-7.606167,-10.170257
42.85,-7.646934,-10.824453
42.86,-20.409590,-20.573622
42.87,-17.499506,-19.534333
42.88,-11.342290,-16.391856
42.89,-0.530333,-10.142834
42.90,-2.626939,-13.058394
42.91,-3.005237,-14.871735
42.92,-0.239697,-14.552651
42.93,1.756771,-14.804087
42.94,10.854533,-10.077618
42.95,7.616191,-13.937949
42.96,3.523464,-18.304950
42.97,18.985340,-8.848854
42.98,26.868777,-4.519708
42.99,19.719339,-10.493892
43.00,39.958885,2.963301
43.01,49.224875,9.034247
43.02,58.902423,15.720528
43.03,55.027676,13.274475
43.04,53.628084,12.936607
43.05,52.549248,13.213785
43.06,61.379066,20.825581
43.07,69.645636,28.442423
43.08,70.606386,31.337730
43.09,77.489842,38.757042
43.10,81.568720,44.569242
43.11,85.544101,50.635683
43.12,72.876017,45.341970
43.13,69.319390,46.673623
43.14,76.203224,55.512181
43.15,58.238845,47.101752
43.16,69.891935,59.510348
43.17,60.029755,56.883952
43.18,57.914484,59.642941
43.19,47.147260,56.244069
43.20,45.859278,59.315423
43.21,31.152540,52.766155
43.22,29.355994,54.966965
43.23,29.211185,57.981221
43.24,-2.280725,38.658972
43.25,9.366933,49.096086
43.26,-7.867849,38.839237
43.27,-7.661037,40.285001
43.28,-15.589035,35.507968
43.29,-29.798283,25.792520
43.30,-36.921135,20.492040
43.31,-39.479164,17.846756
43.32,-42.902370,14.070259
43.33,-60.771318,-0.320200
43.34,-43.045249,9.736219
43.35,-59.138046,-4.309797
43.36,-63.495101,-10.522248
43.37,-51.860239,-5.867546
43.38,-56.897124,-13.150513
43.39,-53.467621,-14.710364
43.40,-56.631794,-21.021925
43.41,-62.631596,-29.385506
43.42,-48.004714,-23.307926
43.43,-47.570377,-27.093931
43.44,-64.054528,-42.585151
43.45,-42.003778,-30.901177
43.46,-40.510951,-33.348672
43.47,-45.563954,-40.066739
43.48,-30.651264,-32.451789
43.49,-22.988365,-29.516953
43.50,-27.553773,-34.718041
43.51,-16.953932,-28.859545
43.52,-27.445034,-37.310305
43.53,-11.428415,-26.750484
43.54,-9.624605,-25.693405
43.55,2.354921,-17.085574
43.56,1.086010,-17.351504
43.57,-19.607713,-30.850804
43.58,-2.876336,-17.832465
43.59,-3.791461,-16.897393
43.60,-2.939611,-14.512713
43.61,-9.173670,-16.936584
43.62,-3.895401,-11.214656
43.63,-14.102392,-16.311557
43.64,-8.472987,-10.368917
43.65,-2.309181,-4.163952
43.66,-16.904921,-12.665839
43.67,-18.812076,-12.520497
43.68,-11.190609,-5.994386
43.69,-20.177146,-11.431272
43.70,-22.130993,-12.323325
43.71,-19.895286,-10.692971
43.72,-16.623256,-8.770468
43.73,-19.202554,-11.390328
43.74,-18.671705,-12.282412
43.75,-27.511001,-20.175353
43.76,-20.259993,-17.228798
43.77,-20.507741,-19.926803
43.78,-13.225032,-17.710823
43.79,-12.084681,-20.104551
43.80,-7.670391,-20.460960
43.81,11.217096,-10.877607
43.82,1.796090,-21.232550
43.83,3.021487,-24.183373
43.84,-3.449487,-32.492592
43.85,23.618982,-17.215773
43.86,13.932317,-27.479381
43.87,17.391778,-28.274008
43.88,33.985056,-19.532532
43.89,43.242458,-15.512331
43.90,37.596065,-21.445347
43.91,56.595645,-9.588317
43.92,61.697820,-6.871607
43.93,54.120730,-12.402042
43.94,54.706173,-11.560328
43.95,58.066131,-8.099212
43.96,80.987416,9.739249
43.97,70.877050,5.135160
43.98,59.513394,0.316512
43.99,58.829764,3.607870
44.00,63.634475,11.334796
44.01,74.581984,23.904266
44.02,64.658494,22.345413
44.03,69.088967,31.245465
44.04,51.663535,25.179424
44.05,59.208595,36.841197
44.06,45.532312,33.806930
44.07,44.503477,39.691795
44.08,47.975536,48.698468
44.09,32.127555,44.057503
44.10,26.867693,46.611468
44.11,19.220270,47.187570
44.12,12.590288,48.084435
44.13,-0.276771,44.145499
44.14,10.262742,56.050802
44.15,-8.223326,47.036460
44.16,-11.544356,47.984767
44.17,-4.869280,55.237459
44.18,-11.401482,52.523977
44.19,-25.426144,43.828780
44.20,-23.395248,45.632077
44.21,-27.484093,42.420258
44.22,-35.525179,35.731929
44.23,-44.810528,27.495814
44.24,-33.347110,33.151252
44.25,-39.345969,26.004909
44.26,-37.350287,23.940027
44.27,-36.433286,20.676625
44.28,-31.763109,19.674674
44.29,-29.917564,16.412243
44.30,-44.046289,1.770369
44.31,-34.073016,3.889802
44.32,-21.450134,7.841115
44.33,-26.537130,-0.541880
44.34,-46.575516,-19.246222
44.35,-45.739038,-23.116509
44.36,-40.132859,-23.355775
44.37,-21.490218,-14.114471
44.38,-24.414394,-19.561004
44.39,-10.468063,-12.745248
44.40,-20.340187,-22.116149
44.41,-12.396391,-18.507538
44.42,-14.651600,-21.519300
44.43,-17.457574,-24.398749
44.44,-15.962038,-23.761873
44.45,-19.193939,-25.952634
44.46,-9.440275,-18.606162
44.47,-14.590368,-21.288927
44.48,-22.142512,-25.302393
44.49,-10.658643,-15.700108
44.50,-32.856104,-29.450608
44.51,-31.922892,-26.856636
44.52,-31.044642,-24.222489
44.53,-20.078568,-14.524157
44.54,-20.811269,-13.088152
44.55,-28.886401,-16.939230
44.56,-26.190734,-13.469032
44.57,-41.577981,-22.941222
44.58,-39.953116,-20.849065
44.59,-37.217272,-18.375547
44.60,-30.393554,-13.480278
44.61,-27.619975,-11.893561
44.62,-28.212874,-13.159996
44.63,-34.988771,-19.263202
44.64,-17.863959,-9.145174
44.65,-32.471695,-21.738193
44.66,-26.381712,-20.318597
44.67,-18.167392,-17.854142
44.68,-26.748641,-27.544581
44.69,-2.659969,-14.710097
44.70,-8.445797,-23.069005
44.71,7.760990,-16.243888
44.72,2.616373,-24.498793
44.73,15.543651,-20.155750
44.74,18.975170,-22.427125
44.75,17.572687,-27.962977
44.76,21.188325,-29.780062
44.77,31.799298,-26.409197
44.78,35.223042,-27.696312
44.79,41.593873,-26.470391
44.80,47.548224,-25.015306
44.81,32.650016,-37.573447
44.82,53.752058,-24.293988
44.83,55.055825,-24.192125
44.84,58.252556,-22.051191
44.85,59.261499,-20.706574
44.86,70.964221,-11.132160
44.87,50.325588,-23.455891
44.88,62.509329,-12.078875
44.89,56.569541,-12.691103
44.90,58.810459,-6.919164
44.91,34.574188,-19.074156
44.92,49.381718,-3.352101
44.93,54.756832,6.243850
44.94,38.052720,0.783283
44.95,35.855981,5.792693
44.96,39.311326,14.984267
44.97,25.994665,12.568624
44.98,21.715632,16.518214
44.99,21.877710,23.521073
45.00,12.357428,23.597911
45.01,8.029265,27.071167
45.02,2.855164,29.629215
45.03,-12.944358,24.347598
45.04,-18.077483,26.059266
45.05,-16.429709,31.981721
45.06,-14.804958,37.299251
45.07,-10.446060,43.899417
45.08,-17.501450,41.846974
45.09,-18.469352,43.373353
45.10,-24.849697,40.420497
45.11,-21.795158,43.385101
45.12,-34.783728,34.447550
45.13,-40.049260,30.270066
45.14,-25.607988,39.277474
45.15,-33.116685,32.355633
45.16,-44.112522,22.482500
45.17,-32.044915,28.304666
45.18,-18.406231,34.844554
45.19,-27.488230,25.169518
45.20,-30.922048,19.212380
45.21,-23.547429,20.661468
45.22,-16.957857,21.477501
45.23,-25.854096,11.444613
45.24,-20.865970,11.193657
45.25,-21.622742,7.051573
45.26,-24.253867,1.789586
45.27,-15.465031,4.768841
45.28,-24.173236,-4.205149
45.29,-22.936323,-5.883996
45.30,-16.855222,-3.808652
45.31,-19.559244,-7.499560
45.32,-20.753872,-9.740364
45.33,-24.503831,-13.376094
45.34,-25.539092,-14.727212
45.35,-27.176593,-16.134459
45.36,-15.247862,-7.707640
45.37,-25.496116,-14.502874
45.38,-27.154063,-15.026163
45.39,-29.165876,-15.587742
45.40,-35.905406,-19.303684
45.41,-35.774610,-18.113544
45.42,-25.863646,-10.041110
45.43,-22.825221,-6.805082
45.44,-30.716012,-11.306682
45.45,-46.593205,-21.545865
45.46,-28.934248,-8.513814
45.47,-44.155737,-18.754891
45.48,-38.497106,-14.684044
45.49,-44.545513,-19.153169
45.50,-37.002961,-14.487156
45.51,-30.971252,-11.282588
45.52,-33.957563,-14.811031
45.53,-35.184510,-17.535648
45.54,-26.674091,-13.869712
45.55,-25.401737,-15.684386
45.56,-11.189010,-8.833756
45.57,-10.583536,-11.871099
45.58,-12.091737,-16.712304
45.59,-7.607902,-17.636901
45.60,-1.348914,-17.543194
45.61,13.067204,-11.904218
45.62,21.399945,-10.623771
45.63,21.391031,-15.214304
45.64,12.307296,-26.118163
45.65,17.374174,-27.005467
45.66,21.258870,-28.537221
45.67,23.449289,-31.001406
45.68,35.245667,-26.420143
45.69,33.147303,-31.180237
45.70,40.249640,-29.056400
45.71,37.863209,-33.079069
45.72,45.122585,-29.809102
45.73,50.265819,-27.442995
45.74,47.610969,-29.929981
45.75,42.500987,-33.511127
45.76,50.427502,-27.333011
45.77,61.993728,-17.973851
45.78,38.110261,-32.806423
45.79,36.759616,-31.262687
45.80,40.683717,-25.452170
45.81,30.332281,-29.097564
45.82,22.345091,-30.596442
45.83,39.099327,-14.337299
45.84,28.418948,-16.902038
45.85,31.900842,-9.236609
45.86,23.515388,-9.629484
45.87,27.222352,-1.379339
45.88,10.047493,-7.640193
45.89,19.182011,4.549438
45.90,0.930476,-2.468671
45.91,7.623024,7.867276
45.92,-2.925031,5.961965
45.93,-1.215498,12.402423
45.94,-7.920779,12.661560
45.95,-13.772104,13.177249
45.96,-14.538881,16.867509
45.97,-11.820837,22.576592
45.98,-24.594592,16.992809
45.99,-25.713905,19.098642
46.00,-26.239841,21.139743
46.01,-29.093204,21.068193
46.02,-15.145061,32.278943
46.03,-25.943242,25.700922
46.04,-6.654672,39.736915
46.05,-26.392905,26.033686
46.06,-20.711035,29.736211
46.07,-4.892952,40.182975
46.08,-14.914772,32.232069
46.09,-20.730949,26.959947
46.10,-6.428833,35.552227
46.11,-31.555829,16.373657
46.12,-10.478318,29.415841
46.13,-14.721824,24.658123
46.14,-20.974544,18.464145
46.15,-16.772086,19.601629
46.16,-17.601351,17.268834
46.17,-19.371296,14.364282
46.18,-18.883599,13.156664
46.19,-30.798829,3.408007
46.20,-16.377401,12.254615
46.21,-18.729133,9.532127
46.22,-21.615554,6.613774
46.23,-14.349256,10.980846
46.24,-22.296706,4.870873
46.25,-25.197755,2.454235
46.26,-24.229726,2.889704
46.27,-15.028376,9.210266
46.28,-30.128296,-1.384546
46.29,-35.801892,-5.315251
46.30,-40.857268,-8.780184
46.31,-27.736265,0.476701
46.32,-41.649377,-9.227767
46.33,-44.464357,-11.237128
46.34,-41.837543,-9.546353
46.35,-42.223253,-10.107565
46.36,-33.728454,-4.627490
46.37,-36.185522,-7.017627
46.38,-27.329774,-1.717816
46.39,-38.971455,-11.016009
46.40,-38.352936,-11.997787
46.41,-30.843759,-8.432458
46.42,-30.248350,-9.988144
46.43,-19.180121,-4.493450
46.44,-14.772291,-3.934957
46.45,-19.703584,-10.175245
46.46,-14.464076,-9.539141
46.47,-22.956013,-18.734562
46.48,-0.879962,-6.723185
46.49,-4.361277,-12.759462
46.50,-1.341394,-14.365075
46.51,15.523938,-6.358346
46.52,3.089415,-18.897605
46.53,14.753316,-14.558752
46.54,12.002903,-20.254260
46.55,15.586163,-21.413764
46.56,24.576229,-18.639781
46.57,25.067672,-21.621096
46.58,28.857735,-22.056675
46.59,30.054764,-24.030489
46.60,40.841861,-18.977631
46.61,45.575064,-17.816194
46.62,40.019997,-23.482146
46.63,41.965371,-23.500315
46.64,41.732547,-24.628045
46.65,50.894178,-18.752390
46.66,42.771474,-24.542170
46.67,41.797463,-24.893732
46.68,31.403579,-31.410272
46.69,36.986404,-26.324950
46.70,22.690212,-34.752851
46.71,23.317232,-32.353456
46.72,22.483701,-30.620972
46.73,23.957373,-26.947581
46.74,9.384715,-34.213841
46.75,18.273176,-24.800490
46.76,4.703850,-30.888942
46.77,3.704904,-27.999218
46.78,-2.612703,-28.694271
46.79,2.652879,-21.183647
46.80,9.709546,-12.362215
46.81,-0.182409,-15.387102
46.82,-2.527046,-13.148826
46.83,-2.429793,-9.256675
46.84,-7.094062,-8.785856
46.85,-11.827648,-8.481567
46.86,-5.314948,-0.449211
46.87,-8.385918,0.707598
46.88,-0.033577,9.674955
46.89,-10.065506,5.572718
46.90,-7.838442,9.840314
46.91,-12.454271,9.099477
46.92,-7.524066,14.819287
46.93,-22.798144,6.174929
46.94,-0.629130,23.523275
46.95,0.011992,25.591327
46.96,-3.785988,24.350537
46.97,-5.082403,24.670870
46.98,-13.131863,20.087361
46.99,-5.222074,26.513186
47.00,-10.767500,23.373635
47.01,-18.662681,18.458333
47.02,-5.789138,27.965961
47.03,-2.832964,30.431518
47.04,-12.066327,24.278874
47.05,-10.889565,25.340953
47.06,-14.388963,23.068982
47.07,-30.251098,12.092185
47.08,-13.507314,23.896460
47.09,-19.563313,19.703514
47.10,-32.591027,10.596474
47.11,-20.843031,18.799775
47.12,-37.418704,7.142888
47.13,-31.556387,11.155900
47.14,-35.017367,8.600882
47.15,-43.596137,2.414895
47.16,-30.789701,11.141731
47.17,-44.509956,1.233517
47.18,-37.603596,5.687095
47.19,-42.748454,1.616914
47.20,-35.996895,5.775004
47.21,-38.425713,3.396398
47.22,-35.017702,4.982387
47.23,-44.819629,-2.809727
47.24,-39.507620,-0.162069
47.25,-48.169889,-7.443809
47.26,-22.717987,9.001236
47.27,-42.723782,-6.531058
47.28,-30.026312,0.670277
47.29,-27.980535,0.257314
47.30,-24.639490,0.595817
47.31,-16.418331,4.200468
47.32,-20.134732,-0.693425
47.33,-15.904163,-0.156670
47.34,-4.411611,5.343503
47.35,-12.485470,-2.958427
47.36,-4.396136,-0.035472
47.37,-12.946595,-8.831772
47.38,-10.503780,-9.984801
47.39,2.623540,-3.690170
47.40,14.323956,1.595511
47.41,6.446086,-6.811819
47.42,14.848005,-3.789388
47.43,6.494417,-12.439898
47.44,8.302164,-13.899979
47.45,29.577695,-1.634267
47.46,21.997228,-9.449571
47.47,28.271655,-7.429705
47.48,26.633363,-10.794942
47.49,19.646189,-17.735247
47.50,29.182834,-12.926251
47.51,31.118626,-13.243745
47.52,36.467941,-10.968269
47.53,32.072013,-15.303701
47.54,36.401818,-13.315237
47.55,19.703214,-25.827774
47.56,33.611122,-16.695913
47.57,23.075289,-24.455826
47.58,30.035318,-19.752616
47.59,25.936605,-22.578998
47.60,21.185213,-25.656719
47.61,12.566449,-31.243367
47.62,22.542938,-23.623513
47.63,19.496285,-24.939346
47.64,15.410340,-26.812174
47.65,9.948261,-29.488284
47.66,13.534484,-25.681363
47.67,5.005098,-30.217059
47.68,-7.957215,-37.728355
47.69,0.732798,-29.966242
47.70,2.308892,-27.077448
47.71,-3.325562,-29.139566
47.72,-13.471349,-34.272615
47.73,5.367791,-19.038167
47.74,-1.153083,-21.486100
47.75,4.404826,-15.417148
47.76,-6.893214,-21.093026
47.77,8.924959,-7.740184
47.78,-1.334429,-12.600869
47.79,2.674901,-7.439017
47.80,0.787121,-6.376872
47.81,-8.712640,-10.620943
47.82,3.670827,0.469258
47.83,-3.284419,-1.967950
47.84,3.716914,5.367540
47.85,11.233500,13.059828
47.86,-5.074780,4.063400
47.87,-2.418676,8.322768
47.88,-5.487015,8.547208
47.89,-8.798697,8.564336
47.90,-0.204173,16.869064
47.91,-3.678366,16.668578
47.92,-5.778652,17.361794
47.93,-21.431751,8.488606
47.94,-19.388935,11.911338
47.95,-5.070133,23.823982
47.96,-17.655232,16.788438
47.97,-32.990339,7.700277
47.98,-22.012344,16.891730
47.99,-26.011242,15.448240
48.00,-37.778276,8.404959
48.01,-26.462483,17.347359
48.02,-34.771219,12.371054
48.03,-42.793438,7.405696
48.04,-40.289434,9.612328
48.05,-45.491559,6.223046
48.06,-34.185894,14.183964
48.07,-26.196119,19.616625
48.08,-36.899117,11.757168
48.09,-39.827885,9.134350
48.10,-37.596347,9.922210
48.11,-26.649484,16.614965
48.12,-45.049993,2.576321
48.13,-31.256275,10.894799
48.14,-38.732741,4.156421
48.15,-27.857970,10.108861
48.16,-30.970657,6.129114
48.17,-22.413796,10.192372
48.18,-26.709472,5.149458
48.19,-38.001931,-4.883562
48.20,-8.268502,13.726728
48.21,-16.555151,5.665946
48.22,-15.785202,3.905547
48.23,-14.911343,2.196154
48.24,-24.188417,-6.623647
48.25,-4.261756,5.010616
48.26,-1.878317,4.391281
48.27,9.718272,10.261812
48.28,5.659103,5.226605
48.29,7.771939,4.576197
48.30,7.881844,2.597604
48.31,-1.353343,-5.840936
48.32,0.945388,-6.118117
48.33,7.266845,-3.487535
48.34,15.434100,0.529483
48.35,28.682443,8.198511
48.36,6.051352,-9.153483
48.37,26.343172,3.633084
48.38,10.572045,-8.735172
48.39,16.933648,-5.525584
48.40,21.388889,-3.570624
48.41,22.308556,-4.016418
48.42,13.152609,-11.446986
48.43,8.735881,-15.498008
48.44,29.309152,-1.999811
48.45,16.336101,-11.933266
48.46,19.868550,-10.266877
48.47,10.516507,-17.577546
48.48,21.963540,-10.289616
48.49,8.804511,-20.188295
48.50,14.987545,-16.510156
48.51,9.757152,-20.782853
48.52,9.074240,-21.831064
48.53,14.803015,-18.345647
48.54,24.251057,-12.205624
48.55,10.089120,-22.534385
48.56,6.806119,-25.181320
48.57,7.499379,-24.968797
48.58,0.159356,-30.293046
48.59,-1.510711,-31.550635
48.60,23.060622,-14.329917
48.61,-7.312480,-35.449159
48.62,13.514205,-20.595695
48.63,-5.501316,-33.487624
48.64,2.338743,-27.425932
48.65,-2.463721,-30.049766
48.66,14.668432,-17.146946
48.67,5.087368,-22.764408
48.68,6.803416,-20.290267
48.69,11.309866,-15.676699
48.70,10.716909,-14.446389
48.71,-2.192346,-21.653475
48.72,9.722667,-11.304497
48.73,-2.797549,-17.888727
48.74,6.202513,-9.247651
48.75,12.247002,-2.527383
48.76,1.709286,-7.282187
48.77,-3.712140,-8.341201
48.78,-0.951708,-3.578888
48.79,-4.256651,-2.990716
48.80,-1.307820,2.022547
48.81,4.449256,9.023414
48.82,-17.684618,-3.504262
48.83,-12.995190,2.712077
48.84,-14.107461,4.807201
48.85,-8.965280,11.192799
48.86,-23.025351,4.022096
48.87,-10.883245,15.052068
48.88,-18.797213,11.877186
48.89,-29.973739,6.229923
48.90,-27.109404,10.201821
48.91,-20.344013,16.676639
48.92,-33.747019,8.790156
48.93,-38.099216,6.983237
48.94,-25.985928,16.436802
48.95,-37.961601,8.756765
48.96,-21.846919,20.466137
48.97,-34.485945,11.775058
48.98,-38.941939,8.543693
48.99,-20.814527,20.860126
49.00,-29.154532,14.399821
49.01,-48.839678,-0.237576
49.02,-27.072655,13.922858
49.03,-42.012882,2.188777
49.04,-25.079185,12.588342
49.05,-34.554163,4.346780
49.06,-17.566559,14.498304
49.07,-36.811106,-0.818211
49.08,-26.495980,4.477109
49.09,-26.434026,2.540824
49.10,-25.941469,0.876638
49.11,-16.838582,5.234502
49.12,-14.932075,4.572530
49.13,-4.036969,10.241312
49.14,-5.678026,7.192568
49.15,-4.214762,6.391347
49.16,3.706793,10.199545
49.17,3.307272,8.282938
49.18,12.191106,12.973046
49.19,14.189833,12.957377
49.20,6.186164,6.056260
49.21,9.626279,7.281509
49.22,13.605511,8.996517
49.23,20.639073,12.955931
49.24,19.380546,11.208828
49.25,14.212966,6.812749
49.26,23.537627,12.636187
49.27,8.931442,1.769097
49.28,12.967224,3.997479
49.29,6.415150,-1.155180
49.30,16.993393,5.697960
49.31,13.799590,2.909545
49.32,23.658181,9.241594
49.33,15.787829,3.133100
49.34,11.210565,-0.713177
49.35,20.198201,4.882134
49.36,3.645778,-7.463247
49.37,0.881153,-10.226268
49.38,16.965216,0.131830
49.39,15.583870,-1.809932
49.40,7.853531,-8.268313
49.41,-0.532363,-15.253253
49.42,5.895061,-11.929000
49.43,21.329861,-2.349372
49.44,3.849545,-15.847116
49.45,8.624717,-13.787360
49.46,9.728011,-14.301629
49.47,6.123849,-18.095322
49.48,7.639363,-18.268433
49.49,5.643311,-20.840710
49.50,21.359618,-10.932600
49.51,7.216662,-21.821210
49.52,25.111873,-10.155551
49.53,14.232893,-18.482197
49.54,9.049799,-22.651195
49.55,-0.947931,-30.000640
49.56,-0.480664,-29.817577
49.57,-0.315849,-29.624457
49.58,21.450141,-14.076785
49.59,17.544123,-16.256948
49.60,11.789981,-19.482749
49.61,12.147099,-18.180699
49.62,4.130717,-22.491892
49.63,15.806113,-12.776147
49.64,2.508545,-20.308027
49.65,3.401252,-17.686175
49.66,-14.437719,-27.972378
49.67,4.150838,-12.574914
49.68,-0.790215,-13.486531
49.69,2.315056,-8.629517
49.70,0.531005,-7.086578
49.71,-17.315224,-16.708350
49.72,-15.408482,-12.455278
49.73,-12.220320,-7.289419
49.74,-17.443995,-8.028433
49.75,-1.261520,6.168004
49.76,-16.472688,-1.691588
49.77,-8.864333,6.311524
49.78,-26.165081,-3.261532
49.79,-14.272547,7.434178
49.80,-17.944033,7.044343
49.81,-31.742024,-0.646066
49.82,-22.851028,7.315746
49.83,-13.359826,15.453089
49.84,-30.007832,5.037549
49.85,-37.994684,0.422401
49.86,-17.870880,15.219241
49.87,-28.644662,8.123158
49.88,-19.577623,14.655742
49.89,-35.633283,3.350932
49.90,-27.085452,9.028957
49.91,-30.087154,6.397820
49.92,-31.454378,4.704340
49.93,-9.480280,19.163844
49.94,-14.643029,14.464248
49.95,-13.489514,14.047015
49.96,-8.761032,16.018692
49.97,-4.848670,17.331653
49.98,-20.782282,4.691313
49.99,-5.458572,13.895975
50.00,-7.792950,10.730049
50.01,5.284015,18.366072
50.02,-12.274235,4.593700
50.03,-5.257990,8.079898
50.04,5.449527,14.224155
50.05,1.327135,10.076678
50.06,1.541192,9.066008
50.07,2.460557,8.659326
50.08,8.834391,12.186807
50.09,12.067031,13.634003
50.10,2.071891,5.939596
50.11,7.420134,9.099574
50.12,0.401266,3.709804
50.13,2.266095,4.636326
50.14,3.029011,4.877229
50.15,17.041668,14.464551
50.16,9.323272,8.895854
50.17,1.094136,3.008110
50.18,7.269763,7.223999
50.19,16.554604,13.617980
50.20,14.620921,12.141952
50.21,24.924904,19.196997
50.22,21.084785,16.298499
50.23,9.821610,8.135111
50.24,1.629825,2.038564
50.25,5.530042,4.310962
50.26,28.841506,20.065829
50.27,7.142931,4.200961
50.28,18.627405,11.447072
50.29,16.352438,8.942977
50.30,15.498494,7.316659
50.31,17.995972,7.924179
50.32,18.057858,6.722488
50.33,17.146836,4.746308
50.34,10.747861,-1.151243
50.35,10.145608,-3.054656
50.36,14.975835,-1.200364
50.37,15.196504,-2.597284
50.38,25.080194,2.767500
50.39,11.563255,-8.227272
50.40,15.117343,-7.227388
50.41,12.074697,-10.775928
50.42,24.182287,-3.625832
50.43,11.984196,-13.372687
50.44,12.824005,-13.853523
50.45,11.064885,-15.993187
50.46,25.175789,-6.844418
50.47,14.770099,-14.661181
50.48,7.650626,-19.967504
50.49,6.432384,-20.921819
50.50,14.054376,-15.458962
50.51,1.180064,-24.110011
50.52,20.638051,-9.893931
50.53,-0.993494,-24.208532
50.54,7.958969,-16.888385
50.55,6.860718,-16.387298
50.56,7.753009,-14.289200
50.57,5.731933,-14.042749
50.58,-0.287735,-16.426372
50.59,-4.959238,-17.718653
50.60,2.428241,-10.445523
50.61,-1.261523,-10.827638
50.62,-10.214558,-14.821884
50.63,-18.709259,-18.450730
50.64,-14.310471,-13.037616
50.65,-15.786107,-11.748123
50.66,-19.140444,-11.812809
50.67,-10.378708,-3.461968
50.68,-12.372559,-2.731032
50.69,-21.877591,-7.372414
50.70,-22.322982,-5.807895
50.71,-13.243205,2.269511
50.72,-13.357822,3.739978
50.73,-19.087362,1.095986
50.74,-23.535176,-0.844806
50.75,-28.155149,-3.106855
50.76,-16.012321,6.160894
50.77,-24.816542,0.561428
50.78,-8.423929,12.398581
50.79,-30.692104,-3.021766
50.80,-17.770723,6.004761
50.81,-20.864542,3.646644
50.82,-11.832682,9.616704
50.83,-23.442683,0.993936
50.84,-19.630920,3.040869
50.85,-4.271075,13.065238
50.86,-3.690189,12.658357
50.87,-11.612858,6.233761
50.88,2.107262,14.914738
50.89,-0.661684,12.029522
50.90,-1.886774,10.220978
50.91,-9.594342,3.889406
50.92,-4.172313,6.780556
50.93,-12.665998,-0.021742
50.94,1.108747,8.824946
50.95,5.043583,10.856067
50.96,-7.042804,1.753565
50.97,-3.570755,3.629515
50.98,16.232458,17.028528
50.99,2.683869,7.173591
51.00,9.626472,11.753276
51.01,1.773498,6.062818
51.02,20.129007,18.798677
51.03,-0.044388,4.636137
51.04,9.954048,11.655236
51.05,3.000471,6.857149
51.06,4.349615,7.906704
51.07,21.099402,19.757935
51.08,20.900224,19.750934
51.09,14.175908,15.166880
51.10,11.875618,13.654740
51.11,20.102301,19.471538
51.12,2.725431,7.311630
51.13,9.978948,12.325588
51.14,10.235610,12.362561
51.15,18.731187,18.077481
51.16,10.353817,11.883860
51.17,13.965526,13.979051
51.18,14.227184,13.621874
51.19,24.773925,20.355524
51.20,6.677330,6.931149
51.21,3.353143,3.743273
51.22,14.884103,10.855728
51.23,18.298675,12.196681
51.24,2.127855,-0.251740
51.25,21.757429,12.292953
51.26,9.601504,2.534858
51.27,10.359296,1.779180
51.28,17.330518,5.352709
51.29,21.415313,6.903467
51.30,19.041834,3.949677
51.31,8.230093,-4.875884
51.32,8.743761,-5.719973
51.33,9.021976,-6.656964
51.34,16.213733,-2.665112
51.35,13.230653,-5.689942
51.36,25.933726,2.386173
51.37,27.102272,2.522008
51.38,19.404543,-3.403342
51.39,10.796032,-9.811847
51.40,18.294096,-4.784475
51.41,9.790717,-10.792382
51.42,25.427429,0.265456
51.43,12.112710,-8.775613
51.44,11.840305,-8.523079
51.45,20.884836,-1.590275
51.46,12.580426,-6.651244
51.47,3.297183,-12.257046
51.48,-2.884586,-15.563625
51.49,-1.595821,-13.526596
51.50,-2.643381,-13.026266
51.51,-4.524200,-13.027265
51.52,-8.370207,-14.339689
51.53,-6.744643,-11.776213
51.54,-11.654486,-13.760465
51.55,-1.804045,-5.404224
51.56,3.195980,-0.453438
51.57,-1.156309,-2.077287
51.58,-14.367920,-9.947625
51.59,-11.215852,-6.424126
51.60,-12.451804,-6.047338
51.61,-12.840846,-5.165537
51.62,-14.778703,-5.466641
51.63,-23.449638,-10.588590
51.64,-18.425470,-6.238551
51.65,-6.144863,3.071647
51.66,-16.725573,-3.743043
51.67,-26.250046,-9.940816
51.68,-20.196815,-5.355051
51.69,-11.031702,1.291752
51.70,-11.530416,1.062021
51.71,-12.203169,0.605722
51.72,-9.209948,2.619476
51.73,-18.408004,-3.986901
51.74,-2.142421,7.155972
51.75,-16.392913,-3.125970
51.76,-0.155534,7.882309
51.77,1.371603,8.554673
51.78,-20.724864,-7.335673
51.79,3.243859,9.005738
51.80,-7.138452,1.299369
51.81,0.693105,6.351753
51.82,0.373547,5.717572
51.83,0.078409,5.128761
51.84,4.978341,8.212561
51.85,1.689926,5.606969
51.86,8.276184,9.960993
51.87,-3.301629,1.650847
51.88,3.557661,6.299105
51.89,8.946803,9.970861
51.90,9.683160,10.436901
51.91,0.855057,4.256209
51.92,11.106952,11.475695
51.93,12.965874,12.858827
51.94,10.431964,11.199156
51.95,6.376767,8.499304
51.96,-2.660264,2.328696
51.97,7.526988,9.622896
51.98,4.750390,7.841177
51.99,-3.680681,2.090965
52.00,11.492448,12.844306
52.01,4.049689,7.738429
52.02,14.877331,15.385548
52.03,14.864908,15.400852
52.04,13.640846,14.517622
52.05,15.901944,16.018025
52.06,11.228460,12.603793
52.07,26.160993,22.850144
52.08,24.772864,21.606523
52.09,15.390612,14.700989
52.10,17.012700,15.433332
52.11,7.048341,7.992238
52.12,20.602323,16.954623
52.13,19.310868,15.470672
52.14,24.567876,18.522115
52.15,16.962975,12.528746
52.16,19.816148,13.822532
52.17,27.018984,18.136328
52.18,7.149495,3.484089
52.19,15.009050,8.236541
52.20,33.097262,20.153423
52.21,18.069014,8.903212
52.22,14.658642,5.809869
52.23,31.806680,17.141375
52.24,16.050496,5.483003
52.25,21.705925,8.864299
52.26,28.899713,13.381644
52.27,15.675299,3.672164
52.28,30.386203,13.589001
52.29,21.813508,7.283447
52.30,7.616934,-2.879363
52.31,28.625782,11.683159
52.32,3.479071,-5.980865
52.33,3.936111,-5.640379
52.34,10.038627,-1.267872
52.35,7.504129,-2.863975
52.36,8.450659,-1.950063
52.37,1.467158,-6.518906
52.38,3.772184,-4.523461
52.39,-2.462240,-8.450051
52.40,4.727975,-2.931210
52.41,-3.451565,-8.130925
52.42,-4.626527,-8.395434
52.43,3.819452,-1.901764
52.44,-5.034245,-7.502879
52.45,-4.684365,-6.654939
52.46,-13.388025,-12.146120
52.47,-17.306364,-14.297033
52.48,-9.933529,-8.560895
52.49,-13.176400,-10.279218
52.50,-18.129010,-13.223809
52.51,-17.528900,-12.316140
52.52,-14.291039,-9.601029
52.53,-16.877226,-11.005179
52.54,-20.796175,-13.387211
52.55,-6.989798,-3.408059
52.56,-4.163500,-1.162191
52.57,1.093901,2.738422
52.58,-16.788824,-9.605047
52.59,-14.683201,-8.000860
52.60,-10.557343,-5.024190
52.61,-19.211925,-11.032396
52.62,-2.650055,0.575977
52.63,-7.202920,-2.626860
52.64,-9.146533,-4.029770
52.65,-7.264973,-2.777065
52.66,-3.144443,0.025545
52.67,9.262431,8.615835
52.68,-1.835915,0.744204
52.69,-5.129772,-1.668269
52.70,-2.471259,0.085917
52.71,3.503169,4.164854
52.72,-7.116596,-3.365354
52.73,2.308295,3.145176
52.74,-3.452986,-0.962968
52.75,5.582807,5.300107
52.76,4.419956,4.438465
52.77,9.248418,7.785586
52.78,-5.880321,-2.822510
52.79,-1.232639,0.427184
52.80,-5.781887,-2.747673
52.81,0.611704,1.749347
52.82,1.089509,2.115438
52.83,10.762722,8.926376
52.84,4.520344,4.602177
52.85,9.750823,8.312322
52.86,-3.553980,-0.951398
52.87,4.748545,4.908334
52.88,1.348872,2.572405
52.89,15.035556,12.190499
52.90,16.312361,13.113140
52.91,10.062082,8.756430
52.92,11.385721,9.689513
52.93,20.444422,16.023971
52.94,3.259531,3.973890
52.95,19.365495,15.212914
52.96,14.226011,11.565550
52.97,23.449642,17.958096
52.98,14.039173,11.293187
52.99,11.779077,9.620986
53.00,17.757540,13.704577
53.01,29.953203,22.130650
53.02,10.708702,8.540922
53.03,17.431647,13.122781
53.04,15.285892,11.493117
53.05,21.336895,15.600015
53.06,28.788064,20.688142
53.07,16.354138,11.860053
53.08,19.327718,13.822706
53.09,12.040112,8.610004
53.10,31.173685,21.901389
53.11,12.834061,8.972340
53.12,18.905917,13.143395
53.13,22.313824,15.462713
53.14,31.997985,22.189064
53.15,13.030647,8.873312
53.16,13.067089,8.874101
53.17,13.095211,8.882572
53.18,20.616628,14.149147
53.19,12.840849,8.719473
53.20,-3.306201,-2.559584
53.21,25.763887,17.822351
53.22,13.380031,9.193813
53.23,12.488000,8.614990
53.24,0.992910,0.617515
53.25,13.397275,9.351152
53.26,1.457974,1.043732
53.27,2.637881,1.917338
53.28,2.771197,2.054087
53.29,0.803529,0.714237
53.30,2.278123,1.776586
53.31,-9.385004,-6.366101
53.32,3.383247,2.583565
53.33,-9.889630,-6.705872
53.34,-8.949194,-6.056709
53.35,-1.757171,-1.042253
53.36,-7.629520,-5.183473
53.37,4.862741,3.520414
53.38,-11.156648,-7.743201
53.39,-8.263023,-5.776031
53.40,3.572447,2.443349
53.41,-6.992405,-5.023154
53.42,-2.744474,-2.124801
53.43,-3.454837,-2.699688
53.44,-11.442227,-8.369225
53.45,-13.116065,-9.618306
53.46,-4.211265,-3.459732
53.47,-2.196562,-2.120077
53.48,-6.768624,-5.385621
53.49,6.037910,3.520583
53.50,7.843622,4.733907
53.51,-10.149844,-7.903799
53.52,-5.407141,-4.617374
53.53,-6.116102,-5.138190
53.54,9.241852,5.596559
53.55,-10.085282,-7.940041
53.56,0.409224,-0.594094
53.57,-7.747344,-6.297601
53.58,4.873466,2.547995
53.59,5.281575,2.848055
53.60,-4.717743,-4.135502
53.61,7.208403,4.228440
53.62,2.752168,1.122394
53.63,-9.953047,-7.762284
53.64,4.557861,2.397984
53.65,1.383219,0.170119
53.66,-1.831053,-2.095490
53.67,-7.189923,-5.873872
53.68,9.590957,5.832732
53.69,1.878365,0.380093
53.70,-5.019050,-4.516354
53.71,2.646901,0.766903
53.72,5.781972,2.864092
53.73,11.776865,6.949348
53.74,13.834167,8.265579
53.75,7.796350,3.904063
53.76,-9.447532,-8.310875
53.77,5.552153,2.037914
53.78,7.894668,3.522706
53.79,-1.967698,-3.536766
53.80,10.369779,4.946230
53.81,21.321599,12.465493
53.82,5.684694,1.382688
53.83,10.044974,4.311849
53.84,22.255300,12.753882
53.85,6.220391,1.445922
53.86,8.009453,2.640082
53.87,27.406131,16.188345
53.88,8.026593,2.625136
53.89,21.487559,12.084870
53.90,19.079104,10.472843
53.91,16.825487,9.007746
53.92,12.682230,6.259569
53.93,16.076217,8.827627
53.94,13.363170,7.160756
53.95,28.381416,17.944934
53.96,29.238241,18.853720
53.97,14.201822,8.672613
53.98,20.170951,13.227876
53.99,18.464431,12.439150
54.00,19.781962,13.792118
54.01,18.849358,13.590213
54.02,19.053031,14.198833
54.03,15.743493,12.357865
54.04,16.284258,13.216008
54.05,14.425286,12.392283
54.06,8.812802,8.932998
54.07,21.375457,18.182173
54.08,18.996914,16.952452
54.09,15.916259,15.205494
54.10,15.736943,15.458337
54.11,14.839016,15.172056
54.12,20.723258,19.592744
54.13,10.077483,12.398009
54.14,-0.926852,4.904664
54.15,11.739750,13.930873
54.16,-5.102013,2.249399
54.17,6.937813,10.732280
54.18,-4.443205,2.767692
54.19,-3.893926,3.102125
54.20,1.672747,6.898029
54.21,9.558088,12.268547
54.22,-1.714800,4.182821
54.23,-2.880482,3.130288
54.24,-7.888398,-0.649442
54.25,3.593503,7.080795
54.26,-2.430887,2.528861
54.27,-6.540809,-0.705260
54.28,-2.645989,1.647277
54.29,-5.456209,-0.704626
54.30,-1.626284,1.586390
54.31,1.021700,3.050461
54.32,-8.066659,-3.695134
54.33,-6.473225,-2.952688
54.34,-12.761487,-7.712069
54.35,-2.139149,-0.614626
54.36,-2.259224,-1.014022
54.37,-1.256450,-0.601802
54.38,-9.514974,-6.644805
54.39,4.277397,2.776814
54.40,1.671057,0.748877
54.41,-2.087533,-2.056317
54.42,0.193279,-0.605586
54.43,3.545694,1.621914
54.44,-7.423726,-6.151592
54.45,0.280747,-0.832076
54.46,7.344993,4.057060
54.47,-10.008508,-8.132411
54.48,0.561104,-0.766202
54.49,-5.938297,-5.343360
54.50,-8.848729,-7.407986
54.51,-10.185479,-8.375486
54.52,-5.030976,-4.808159
54.53,-1.392766,-2.315670
54.54,2.002002,-0.011071
54.55,1.283060,-0.607161
54.56,-6.436711,-6.127992
54.57,-7.947347,-7.329034
54.58,-7.413171,-7.127055
54.59,1.282650,-1.241248
54.60,2.422596,-0.674043
54.61,-13.670033,-12.198454
54.62,1.153304,-2.108977
54.63,-6.410608,-7.715486
54.64,8.638554,2.485443
54.65,5.840009,0.175244
54.66,-5.899584,-8.406721
54.67,4.505423,-1.495146
54.68,9.692849,1.762351
54.69,2.005737,-3.987733
54.70,15.321554,4.975534
54.71,0.343998,-5.848334
54.72,6.120377,-2.119208
54.73,8.797789,-0.527154
54.74,10.075165,0.123866
54.75,13.557100,2.363535
54.76,1.941691,-5.913460
54.77,8.796602,-1.204309
54.78,23.523750,9.077086
54.79,4.184393,-4.422436
54.80,14.397959,2.833802
54.81,26.459517,11.454457
54.82,19.954066,7.150118
54.83,18.556198,6.493024
54.84,16.837863,5.682476
54.85,11.884691,2.676265
54.86,6.769530,-0.377841
54.87,24.888181,12.892961
54.88,17.077042,8.068909
54.89,16.410474,8.295912
54.90,21.033432,12.268479
54.91,3.447406,0.729988
54.92,7.113343,4.094847
54.93,20.210875,14.080083
54.94,9.372784,7.319617
54.95,8.278778,7.380039
54.96,18.631700,15.444113
54.97,-1.389522,2.227989
54.98,15.633550,14.915745
54.99,-0.584466,4.299203
55.00,3.057404,7.541186
55.01,3.848617,8.737127
55.02,10.642938,14.078264
55.03,-1.832861,5.867823
55.04,3.059311,9.747924
55.05,12.828129,16.971119
55.06,7.256802,13.383210
55.07,-1.906878,7.206304
55.08,1.732913,9.917231
55.09,0.905051,9.427042
55.10,6.761674,13.544126
55.11,3.059530,10.901087
55.12,-2.531693,6.870511
55.13,-8.556563,2.475838
55.14,7.038068,13.159638
55.15,6.189667,12.284115
55.16,3.624885,10.164391
55.17,-5.115972,3.685497
55.18,7.374823,12.039874
55.19,1.871888,7.776858
55.20,4.836850,9.426625
55.21,-2.549932,3.822263
55.22,-2.851496,3.176142
55.23,-14.250188,-5.233334
55.24,-8.539451,-1.656099
55.25,-3.231223,1.654302
55.26,8.173438,9.251197
55.27,5.634018,7.109480
55.28,-7.695017,-2.560327
55.29,-13.859303,-7.188663
55.30,-2.921208,0.181423
55.31,-14.255213,-8.012484
55.32,-8.206859,-4.013399
55.33,-1.903764,0.187397
55.34,-8.049251,-4.305115
55.35,-21.691703,-14.028160
55.36,-8.691879,-5.088197
55.37,-7.499712,-4.404566
55.38,-11.254839,-7.179744
55.39,-20.290873,-13.652208
55.40,-15.587248,-10.512596
55.41,-14.286219,-9.765479
55.42,-2.819216,-1.917668
55.43,1.361438,0.809705
55.44,-9.937886,-7.322974
55.45,-2.882310,-2.634823
55.46,-11.024989,-8.615930
55.47,-19.978705,-15.197385
55.48,-9.842374,-8.449756
55.49,1.680484,-0.765961
55.50,-6.720856,-7.063047
55.51,-8.518090,-8.769798
55.52,-15.645060,-14.237564
55.53,-0.694810,-4.278211
55.54,-8.097601,-9.988771
55.55,1.474125,-3.834967
55.56,2.327174,-3.796289
55.57,3.171541,-3.769323
55.58,18.008854,6.054054
55.59,3.301804,-4.794838
55.60,15.306344,3.070925
55.61,1.839074,-6.869092
55.62,1.294020,-7.731080
55.63,0.775297,-8.534264
55.64,14.062515,0.374730
55.65,11.843804,-1.515142
55.66,6.687060,-5.399610
55.67,8.128607,-4.597154
55.68,5.130272,-6.829171
55.69,4.494187,-7.329720
55.70,11.774135,-2.207666
55.71,12.072874,-1.888633
55.72,19.956293,3.824853
55.73,6.019775,-5.650222
55.74,6.257739,-5.118696
55.75,10.067109,-2.004803
55.76,3.148155,-6.321557
55.77,18.132545,4.768922
55.78,1.482768,-6.214933
55.79,10.061086,0.524212
55.80,16.156787,5.581758
55.81,18.710642,8.208409
55.82,15.274970,6.682335
55.83,14.456047,7.018994
55.84,2.365760,-0.512576
55.85,15.082085,9.332728
55.86,4.478286,2.856659
55.87,10.171913,7.782064
55.88,7.467977,6.813250
55.89,17.368655,14.642915
55.90,-10.585713,-4.059018
55.91,13.681410,13.753333
55.92,2.171561,6.474084
55.93,-4.992838,2.182795
55.94,16.872273,18.153072
55.95,0.634223,7.387774
55.96,-0.146475,7.375984
55.97,-8.370125,2.085241
55.98,-3.305082,6.026473
55.99,-1.406361,7.680958
56.00,0.000916,8.921878
56.01,-6.429258,4.608720
56.02,6.876975,14.045740
56.03,-0.587710,8.881143
56.04,-13.687156,-0.285742
56.05,-10.923467,1.598211
56.06,-8.658664,3.084653
56.07,1.062986,9.748011
56.08,-3.486527,6.384317
56.09,-8.914430,2.374251
56.10,-18.266824,-4.408743
56.11,3.582158,10.629018
56.12,-5.261726,4.166883
56.13,-6.839408,2.781158
56.14,-3.177588,5.057660
56.15,2.684877,8.873157
56.16,-12.283631,-1.891121
56.17,-5.393596,2.650194
56.18,-8.742600,0.030801
56.19,4.572913,9.084478
56.20,-10.277980,-1.569853
56.21,-11.755914,-2.854781
56.22,-0.580430,4.725189
56.23,-9.731483,-1.917377
56.24,-14.846736,-5.730890
56.25,1.331126,5.362217
56.26,-0.311864,3.979183
56.27,-4.639598,0.711968
56.28,-16.178781,-7.611670
56.29,-15.408937,-7.331076
56.30,-8.842881,-3.008915
56.31,0.052890,2.924659
56.32,-7.879717,-2.944423
56.33,2.624496,4.066379
56.34,-5.153465,-1.748925
56.35,-7.459914,-3.764955
56.36,-7.811893,-4.445259
56.37,-10.193755,-6.579860
56.38,-1.964263,-1.320163
56.39,2.096228,0.988064
56.40,2.316698,0.576356
56.41,-4.599355,-4.860798
56.42,-2.587481,-4.075465
56.43,-12.359577,-11.562392
56.44,-12.626124,-12.414608
56.45,-0.269310,-4.444666
56.46,1.148487,-4.140640
56.47,5.667868,-1.667992
56.48,7.765535,-0.886470
56.49,4.715073,-3.697664
56.50,-1.219430,-8.509579
56.51,-1.108823,-9.064556
56.52,-2.006532,-10.292736
56.53,-6.227119,-13.807172
56.54,12.433448,-1.258133
56.55,10.559238,-3.030213
56.56,12.178746,-2.297365
56.57,6.670593,-6.489014
56.58,2.853583,-9.427117
56.59,0.161832,-11.503646
56.60,20.743598,2.788513
56.61,13.361714,-2.414190
56.62,6.872372,-6.910865
56.63,5.086377,-8.033330
56.64,10.762448,-3.850816
56.65,7.442709,-5.885118
56.66,-5.759334,-14.758993
56.67,18.899608,2.944759
56.68,5.744921,-5.750046
56.69,6.734711,-4.477467
56.70,6.857164,-3.751221
56.71,2.959470,-5.784343
56.72,5.118196,-3.529841
56.73,1.093842,-5.562393
56.74,-0.734982,-6.024330
56.75,5.771950,-0.625060
56.76,3.917180,-1.060473
56.77,-4.603507,-6.151180
56.78,9.746220,4.770707
56.79,2.223483,0.377851
56.80,1.385156,0.653061
56.81,1.700968,1.718550
56.82,9.786847,8.199360
56.83,0.782188,2.687512
56.84,3.876113,5.610455
56.85,3.242141,5.885371
56.86,-0.693251,3.807204
56.87,-0.306422,4.709621
56.88,-8.907602,-0.726709
56.89,-13.774855,-3.597892
56.90,-8.042734,0.901103
56.91,8.110183,12.645143
56.92,-2.497525,5.607713
56.93,-6.364177,3.241018
56.94,-2.079897,6.533496
56.95,-3.206362,5.993917
56.96,-3.151342,6.239133
56.97,1.686339,9.792527
56.98,-0.015097,8.731604
56.99,3.753128,11.465364
57.00,-14.354005,-1.144821
57.01,-1.449141,7.925034
57.02,-11.229866,1.089336
57.03,1.316422,9.859440
57.04,0.520694,9.269313
57.05,-6.169244,4.534414
57.06,-6.819047,4.010447
57.07,2.793230,10.654071
57.08,-12.858879,-0.402330
57.09,-18.110566,-4.192870
57.10,-21.183457,-6.472560
57.11,-5.404362,4.429580
57.12,-15.962836,-3.119750
57.13,-21.309241,-7.036736
57.14,-8.411031,1.800184
57.15,-16.873034,-4.333824
57.16,1.176168,8.069598
57.17,-4.893445,3.567679
57.18,-23.035902,-9.409207
57.19,-12.807252,-2.552096
57.20,-15.823390,-4.993829
57.21,-7.115927,0.741893
57.22,-5.460348,1.510875
57.23,-21.609944,-10.215268
57.24,-22.256024,-11.121201
57.25,-3.259195,1.690287
57.26,-15.868454,-7.655039
57.27,-11.509291,-5.154491
57.28,-3.119082,0.136788
57.29,-4.798887,-1.650412
57.30,-11.384914,-6.899386
57.31,-11.508966,-7.649830
57.32,-4.045852,-3.111043
57.33,-10.131218,-8.074426
57.34,1.251042,-0.824704
57.35,-0.172861,-2.549122
57.36,-5.100993,-6.731559
57.37,5.887864,0.227907
57.38,-4.302944,-7.633070
57.39,-9.261991,-11.821013
57.40,-3.505133,-8.491437
57.41,-8.248124,-12.489765
57.42,8.957179,-1.096739
57.43,5.741355,-3.965526
57.44,3.983001,-5.775876
57.45,3.077341,-6.946176
57.46,15.422655,1.206989
57.47,10.164322,-2.910399
57.48,0.849762,-9.811386
57.49,4.586330,-7.517572
57.50,12.088096,-2.526401
57.51,9.785258,-4.334607
57.52,6.533723,-6.741533
57.53,8.588785,-5.367568
57.54,1.398885,-10.398515
57.55,9.890310,-4.386309
57.56,17.278827,0.919154
57.57,4.539264,-7.801265
57.58,8.577508,-4.715514
57.59,1.110658,-9.624203
57.60,5.591985,-6.113093
57.61,7.228631,-4.540655
57.62,8.184120,-3.396254
57.63,11.420309,-0.610732
57.64,11.292794,-0.139560
57.65,-1.305490,-8.362253
57.66,3.566230,-4.324967
57.67,6.227257,-1.808945
57.68,11.044951,2.238203
57.69,-1.577223,-5.905803
57.70,-3.006516,-6.202642
57.71,-5.950533,-7.552090
57.72,-0.844508,-3.263066
57.73,1.610134,-0.830595
57.74,-0.303529,-1.460291
57.75,9.257099,5.934182
57.76,8.912018,6.383638
57.77,3.551712,3.308542
57.78,3.318018,3.805620
57.79,-1.652704,0.968073
57.80,5.431252,6.548144
57.81,-4.880053,-0.070783
57.82,-1.831077,2.638778
57.83,-5.131217,0.879100
57.84,-9.484427,-1.643509
57.85,-1.489131,4.451318
57.86,-21.584678,-9.144537
57.87,-2.624370,4.571169
57.88,-9.402813,0.241870
57.89,-7.755634,1.782350
57.90,6.313230,11.989620
57.91,-4.747852,4.577315
57.92,-12.345748,-0.439601
57.93,-22.317910,-7.147603
57.94,-12.030121,0.296956
57.95,-13.913582,-0.808125
57.96,-4.509193,5.958096
57.97,-17.898979,-3.262288
57.98,-5.706269,5.393832
57.99,-14.154525,-0.430585
58.00,-7.374910,4.371983
58.01,-3.308969,7.241751
58.02,-12.495833,0.800614
58.03,-6.566475,4.906181
58.04,-26.719307,-9.281122
58.05,-3.982687,6.518229
58.06,-23.313897,-7.166409
58.07,-17.501640,-3.287565
58.08,-19.057326,-4.603529
58.09,-0.890838,7.848646
58.10,-7.376795,3.006776
58.11,-8.578242,1.826993
58.12,-16.742769,-4.263523
58.13,-17.997568,-5.553062
58.14,-14.214974,-3.351250
58.15,-0.215826,5.968605
58.16,-12.526327,-3.160279
58.17,-21.921901,-10.278858
58.18,-13.049695,-4.638018
58.19,0.080826,3.957999
58.20,3.216686,5.534755
58.21,-9.179783,-3.781237
58.22,-11.686807,-6.191634
58.23,-2.068752,-0.128196
58.24,1.088907,1.402710
58.25,-11.030433,-7.766940
58.26,-6.443538,-5.245175
58.27,2.029078,-0.002580
58.28,5.089693,1.456248
58.29,3.624618,-0.244463
58.30,-12.464762,-12.169975
58.31,2.527226,-2.322614
58.32,-9.116308,-11.100613
58.33,-8.971946,-11.604123
58.34,-2.482718,-7.639978
58.35,0.456304,-6.131637
58.36,1.807080,-5.702856
58.37,-2.759938,-9.381685
58.38,8.324916,-2.066982
58.39,-12.171662,-16.819955
58.40,0.188159,-8.532298
58.41,-0.639475,-9.433169
58.42,1.381537,-8.296047
58.43,-7.255428,-14.574606
58.44,3.208535,-7.436931
58.45,10.888753,-2.201887
58.46,1.459683,-8.897213
58.47,0.463483,-9.643512
58.48,9.050923,-3.635591
58.49,13.673098,-0.358254
58.50,4.295922,-6.836140
58.51,-14.435322,-19.818510
58.52,7.136423,-4.546557
58.53,2.062979,-7.885289
58.54,6.231475,-4.715134
58.55,6.227197,-4.427926
58.56,-4.449301,-11.574919
58.57,-0.779878,-8.645142
58.58,5.546022,-3.823012
58.59,1.908554,-5.944297
58.60,7.311928,-1.707982
58.61,-7.734105,-11.759229
58.62,9.584019,0.869425
58.63,-2.315980,-6.931694
58.64,8.425166,1.136780
58.65,-1.170647,-5.011986
58.66,-3.255192,-5.886439
58.67,0.564290,-2.613894
58.68,-4.205431,-5.341905
58.69,-8.120304,-7.461975
58.70,-5.357995,-4.900856
58.71,-1.608740,-1.644150
58.72,-12.280971,-8.480241
58.73,-7.172282,-4.269977
58.74,5.397201,5.159977
58.75,-9.565436,-4.688033
58.76,0.784809,3.174841
58.77,2.389289,4.904869
58.78,-2.267315,2.238634
58.79,-18.784525,-8.746229
58.80,-10.203432,-2.181173
58.81,-19.060941,-7.844698
58.82,-3.301778,3.699267
58.83,-7.901683,0.965141
58.84,-4.834846,3.568510
58.85,-8.195250,1.641209
58.86,-12.572815,-1.031960
58.87,-11.627581,-0.015135
58.88,-5.189177,4.809003
58.89,-8.826332,2.540590
58.90,-13.070024,-0.193602
58.91,-5.151396,5.543305
58.92,-2.239650,7.731797
58.93,-9.558086,2.714743
58.94,2.833057,11.449427
58.95,-5.226671,5.823264
58.96,-11.160648,1.639901
58.97,-5.113390,5.798477
58.98,-10.801467,1.697981
58.99,-17.191430,-2.937304
59.00,-19.505093,-4.761505
59.01,-13.941229,-1.112357
59.02,-4.170302,5.442476
59.03,-15.735292,-2.975206
59.04,-4.618304,4.449230
59.05,-8.958905,1.020379
59.06,-0.953736,6.203053
59.07,-17.574644,-5.880439
59.08,-14.159244,-3.963715
59.09,-14.562114,-4.742177
59.10,0.780464,5.481634
59.11,-5.105994,0.828468
59.12,-4.511779,0.698011
59.13,-9.737074,-3.516998
59.14,0.207227,2.878635
59.15,3.207873,4.408386
59.16,-6.764421,-3.145585
59.17,-4.956353,-2.453414
59.18,-10.093391,-6.620494
59.19,-7.915534,-5.662526
59.20,-4.687555,-3.962691
59.21,3.256938,1.047500
59.22,0.399682,-1.492871
59.23,3.020929,-0.185906
59.24,-2.924844,-4.861891
59.25,-3.261366,-5.595991
59.26,1.857526,-2.494571
59.27,-2.833192,-6.241943
59.28,5.389086,-0.931175
59.29,-4.045945,-7.960463
59.30,-7.538957,-10.809331
59.31,-1.999495,-7.313572
59.32,-5.433798,-10.076705
59.33,2.490970,-4.864928
59.34,4.902620,-3.487970
59.35,4.143593,-4.305325
59.36,-7.217706,-12.518308
59.37,13.132887,1.493811
59.38,2.768268,-5.967113
59.39,7.315299,-2.961429
59.40,-6.724546,-12.937244
59.41,-5.067689,-11.895183
59.42,-2.832117,-10.416962
59.43,6.459654,-3.967474
59.44,-4.255461,-11.490034
59.45,-0.362378,-8.753276
59.46,-1.961902,-9.827011
59.47,-1.717013,-9.574652
59.48,1.336936,-7.320369
59.49,4.009213,-5.297219
59.50,-12.169703,-16.433556
59.51,-2.969801,-9.768230
59.52,-4.957388,-10.897704
59.53,-10.985727,-14.819522
59.54,2.953636,-4.728257
59.55,-4.080213,-9.283290
59.56,-9.861954,-12.927902
59.57,6.430741,-1.087744
59.58,-1.940092,-6.480953
59.59,-1.195188,-5.463894
59.60,-6.160185,-8.416648
59.61,-6.469990,-8.086067
59.62,0.530323,-2.616390
59.63,-4.461396,-5.522067
59.64,-14.673482,-12.066113
59.65,-15.711218,-12.175625
59.66,-16.752724,-12.278869
59.67,-2.854588,-1.919197
59.68,-9.147598,-5.692021
59.69,-10.624375,-6.096119
59.70,-16.313653,-9.455594
59.71,-1.792241,1.321798
59.72,-6.299424,-1.235392
59.73,-0.202050,3.612174
59.74,-1.300192,3.400708
59.75,-16.854956,-6.956139
59.76,-13.007212,-3.760342
59.77,-18.546023,-7.167364
59.78,-10.192776,-0.885019
59.79,-17.222057,-5.408049
59.80,-17.687280,-5.376039
59.81,-15.442875,-3.488928
59.82,-0.268557,7.406020
59.83,-11.330992,-0.108941
59.84,-6.298460,3.597711
59.85,-10.697194,0.657316
59.86,-11.293153,0.333797
59.87,-14.484658,-1.851202
59.88,-15.757474,-2.736887
59.89,-14.785700,-2.093960
59.90,-8.371517,2.317534
59.91,-10.694813,0.573438
59.92,-10.971981,0.224295
59.93,-14.104239,-2.158518
59.94,-17.620415,-4.842771
59.95,-15.371437,-3.521568
59.96,-12.532924,-1.815198
59.97,-4.887643,3.231102
59.98,-14.580164,-3.881147
59.99,-13.019573,-3.135607
60.00,-12.123438,-2.871934
60.01,-11.240617,-2.631771
60.02,-8.837774,-1.339350
60.03,0.208685,4.594141
60.04,-13.935781,-5.713350
60.05,3.402277,6.011539
60.06,-11.168549,-4.603423
60.07,-11.384973,-5.172381
60.08,-10.018272,-4.633876
60.09,2.027959,3.380733
60.10,-8.397067,-4.333140
60.11,-10.270648,-6.058812
60.12,-3.906052,-2.014942
60.13,10.157608,7.421583
60.14,-4.942596,-3.552913
60.15,-5.985310,-4.683197
60.16,1.867302,0.417438
60.17,-1.923452,-2.627900
60.18,1.449910,-0.653788
60.19,2.745255,-0.129505
60.20,-5.088518,-5.990556
60.21,-9.783898,-9.649334
60.22,2.820117,-1.192687
60.23,-1.095839,-4.293592
60.24,-2.862530,-5.882863
60.25,0.100184,-4.153524
60.26,2.040268,-3.130958
60.27,7.233245,0.178914
60.28,-4.085073,-8.057459
60.29,-5.351345,-9.244195
60.30,9.774306,1.058316
60.31,-5.203815,-9.695083
60.32,2.174440,-4.780341
60.33,-4.194681,-9.468048
60.34,5.544327,-2.857251
60.35,-9.617715,-13.652249
60.36,0.645430,-6.622553
60.37,-0.477344,-7.533857
60.38,6.144863,-2.992534
60.39,-3.021269,-9.470030
60.40,-0.198945,-7.520874
60.41,-1.360371,-8.324089
60.42,-5.593056,-11.239649
60.43,-5.922791,-11.384592
60.44,-1.486375,-8.153962
60.45,-7.946151,-12.511012
60.46,0.753190,-6.216987
60.47,1.325936,-5.572214
60.48,-2.957865,-8.288367
60.49,-4.202003,-8.839195
60.50,-6.513069,-10.100791
60.51,4.966915,-1.674432
60.52,7.687783,0.652537
60.53,1.615810,-3.146072
60.54,7.716651,1.602793
60.55,6.468459,1.230631
60.56,-12.787154,-11.726895
60.57,-6.663958,-6.903120
60.58,-1.678366,-2.863410
60.59,-3.378763,-3.495647
60.60,-3.528521,-3.038295
60.61,-0.413798,-0.295805
60.62,-9.250742,-5.923611
60.63,-16.829450,-10.678847
60.64,-17.447506,-10.573781
60.65,-19.855988,-11.737962
60.66,-5.256575,-1.016161
60.67,-3.597657,0.624402
60.68,-23.992717,-13.198775
60.69,-18.664440,-9.044320
60.70,-8.315775,-1.406699
60.71,-18.646085,-8.277503
60.72,-5.371134,1.340579
60.73,-17.846952,-7.102935
60.74,-19.018250,-7.670208
60.75,-12.136517,-2.637751
60.76,-11.473837,-1.996111
60.77,-2.063896,4.731418
60.78,-8.318544,0.457177
60.79,-2.259331,4.767042
60.80,-6.704531,1.689476
60.81,-15.712660,-4.614962
60.82,-13.337473,-2.982160
60.83,-3.092460,4.130367
60.84,-8.153213,0.501776
60.85,-12.931763,-2.954181
60.86,-6.033172,1.741186
60.87,-2.136004,4.315134
60.88,-8.267199,-0.148965
60.89,-6.240685,1.081310
60.90,-5.459775,1.425717
60.91,-6.826496,0.254793
60.92,8.642850,10.858926
60.93,-18.550178,-8.409163
60.94,4.786810,7.686636
60.95,8.829731,10.270701
60.96,0.655747,4.298070
60.97,-11.487239,-4.456906
60.98,1.829195,4.606276
60.99,-10.396297,-4.212913
61.00,-6.217415,-1.551830
61.01,6.263839,6.918189
61.02,-6.775806,-2.479218
61.03,-0.715537,1.490328
61.04,-2.373231,0.054039
61.05,-1.591688,0.321627
61.06,0.094283,1.218372
61.07,0.913966,1.504432
61.08,1.648487,1.726297
61.09,6.735618,4.990185
61.10,-3.326483,-2.355311
61.11,9.226948,6.125161
61.12,5.287759,3.056069
61.13,13.255867,8.317712
61.14,11.066536,6.465326
61.15,11.496224,6.443195
61.16,5.197900,1.709378
61.17,-2.444611,-3.966247
61.18,4.942554,0.879444
61.19,8.635554,3.141389
61.20,3.082525,-1.064888
61.21,-0.242052,-3.705247
61.22,-3.281557,-6.137892
61.23,-1.145922,-4.937487
61.24,6.707087,0.277922
61.25,0.369702,-4.424652
61.26,4.349965,-1.887099
61.27,-3.532682,-7.633345
61.28,11.017000,2.345695
61.29,-11.048248,-13.280737
61.30,-9.827912,-12.580091
61.31,-0.108096,-5.900621
61.32,6.958509,-1.047399
61.33,10.041438,1.049818
61.34,11.129196,1.784273
61.35,1.565531,-4.902417
61.36,-2.150004,-7.459902
61.37,1.491002,-4.831970
61.38,-0.168499,-5.878591
61.39,-0.278606,-5.805235
61.40,11.561444,2.667872
61.41,-2.806549,-7.171140
61.42,-7.066879,-9.902751
61.43,6.404279,-0.192101
61.44,-2.604439,-6.189272
61.45,-8.628114,-10.071241
61.46,-18.570678,-16.673440
61.47,-7.765630,-8.732223
61.48,-5.072779,-6.452547
61.49,-5.041104,-6.021936
61.50,8.531801,3.897949
61.51,-2.601008,-3.469156
61.52,-5.239597,-4.886719
61.53,-10.110185,-7.866484
61.54,1.740870,0.855777
61.55,-0.093542,-0.008122
61.56,-11.187091,-7.362807
61.57,-9.987849,-6.124796
61.58,-4.778075,-2.094320
61.59,-15.829489,-9.463980
61.60,3.662578,4.527362
61.61,-2.104970,0.815705
61.62,-6.684615,-2.087221
61.63,-7.107819,-2.104659
61.64,-3.422545,0.728916
61.65,-2.166185,1.836736
61.66,0.244877,3.727052
61.67,-5.887747,-0.389003
61.68,-5.932626,-0.269139
61.69,-8.346869,-1.832796
61.70,2.365074,5.767682
61.71,-10.153337,-2.916314
61.72,2.364615,5.903062
61.73,-0.506269,3.929452
61.74,-11.089623,-3.462303
61.75,-0.486847,3.958276
61.76,-8.077609,-1.373083
61.77,5.379380,8.014023
61.78,-1.279171,3.306765
61.79,-8.485581,-1.796062
61.80,-13.345229,-5.266888
61.81,-6.230101,-0.364872
61.82,0.712553,4.408016
61.83,-6.589178,-0.797600
61.84,-2.994129,1.617906
61.85,-2.814688,1.636512
61.86,-3.183786,1.265651
61.87,5.016755,6.888370
61.88,-6.510202,-1.303162
61.89,-15.581755,-7.780895
61.90,-0.855148,2.394986
61.91,7.543566,8.136008
61.92,-0.106678,2.637097
61.93,7.013268,7.471252
61.94,2.885617,4.425565
61.95,-1.530662,1.170836
61.96,0.729414,2.582074
61.97,1.833033,3.175861
61.98,0.096878,1.773481
61.99,0.933333,2.163290
62.00,-7.169760,-3.713432
62.01,-1.249446,0.217301
62.02,-5.008882,-2.636657
62.03,4.693140,3.923763
62.04,0.737407,0.915512
62.05,8.990143,6.445530
62.06,11.683300,8.076955
62.07,1.583593,0.747448
62.08,6.714978,4.074926
62.09,12.500985,7.857187
62.10,-0.587160,-1.574415
62.11,-4.379295,-4.499120
62.12,5.722137,2.303144
62.13,1.152118,-1.161240
62.14,4.546417,0.954749
62.15,3.588659,0.031691
62.16,-2.576286,-4.526930
62.17,10.014939,4.055313
62.18,1.511434,-2.115164
62.19,9.862634,3.528230
62.20,3.076374,-1.407122
62.21,3.959972,-0.954328
62.22,11.562066,4.222288
62.23,9.511537,2.664389
62.24,5.824863,-0.015238
62.25,16.524824,7.400381
62.26,-6.088330,-8.477783
62.27,6.947615,0.624361
62.28,9.087684,2.125613
62.29,-2.407161,-5.891336
62.30,-4.228893,-7.111120
62.31,2.108007,-2.594391
62.32,6.046299,0.268011
62.33,0.189814,-3.702254
62.34,-2.140371,-5.181687
62.35,-12.099903,-11.980706
62.36,-5.607964,-7.244400
62.37,-0.094070,-3.175261
62.38,-6.524745,-7.451826
62.39,8.897493,3.582052
62.40,-6.585228,-7.006308
62.41,-4.736617,-5.453733
62.42,2.759783,0.059046
62.43,-0.183576,-1.731505
62.44,-12.238066,-9.897557
62.45,3.529091,1.411682
62.46,-6.571094,-5.388142
62.47,-4.318946,-3.545205
62.48,-6.798423,-5.020095
62.49,0.176196,0.115534
62.50,-7.709523,-5.159919
62.51,-10.335356,-6.763608
62.52,-0.345055,0.452713
62.53,-4.963998,-2.569648
62.54,-19.177959,-12.321468
62.55,-0.401077,1.006812
62.56,-7.633876,-3.885524
62.57,-7.044764,-3.316537
62.58,-5.458274,-2.063403
62.59,3.960986,4.658804
62.60,-8.399907,-3.878671
62.61,0.168678,2.221325
62.62,5.980935,6.379244
62.63,-2.319500,0.646226
62.64,-7.550564,-2.949625
62.65,-12.058999,-6.050331
62.66,-0.029845,2.415300
62.67,-0.483936,2.133407
62.68,6.213923,6.849326
62.69,-1.779115,1.273733
62.70,-2.715159,0.630771
62.71,-0.707426,2.041742
62.72,-14.825145,-7.841329
62.73,-7.927494,-3.019469
62.74,2.964391,4.592839
62.75,-0.665527,2.034596
62.76,-5.180582,-1.148402
62.77,-3.900764,-0.280102
62.78,2.983420,4.506103
62.79,-3.695011,-0.206789
62.80,1.010173,3.043404
62.81,-1.672711,1.116266
62.82,1.218808,3.085251
62.83,-1.821425,0.895742
62.84,4.595641,5.319756
62.85,16.422013,13.523379
62.86,3.358091,4.296591
62.87,-13.643439,-7.693993
62.88,-2.697396,-0.128965
62.89,1.502222,2.705722
62.90,10.089721,8.604002
62.91,-11.366024,-6.535903
62.92,-4.392891,-1.783405
62.93,13.392325,10.529950
62.94,-5.740246,-3.006426
62.95,9.869142,7.769723
62.96,6.301996,5.115999
62.97,5.011597,4.050361
62.98,7.443115,5.585200
62.99,-0.052506,0.167052
63.00,2.079308,1.485089
63.01,7.411127,5.041165
63.02,7.889900,5.199273
63.03,-0.010281,-0.507537
63.04,4.761146,2.657361
63.05,15.563707,10.046892
63.06,8.806656,5.148806
63.07,7.047204,3.754413
63.08,1.856345,-0.035355
63.09,11.050439,6.252154
63.10,5.596290,2.294843
63.11,6.423298,2.744356
63.12,-3.630821,-4.411928
63.13,1.118879,-1.193672
63.14,15.730575,8.940610
63.15,14.553757,8.036198
63.16,14.498715,7.930801
63.17,8.208114,3.474654
63.18,-0.053979,-2.347169
63.19,10.009449,4.673326
63.20,2.548748,-0.558671
63.21,12.056261,6.101283
63.22,-2.219899,-3.873461
63.23,6.870157,2.521562
63.24,7.135293,2.751984
63.25,4.671348,1.084210
63.26,14.237390,7.848808
63.27,0.985547,-1.348593
63.28,12.404245,6.732975
63.29,10.169118,5.265468
63.30,1.034505,-1.024102
63.31,-5.700581,-5.627479
63.32,-1.834377,-2.804493
63.33,-2.280903,-2.996017
63.34,-7.710984,-6.672675
63.35,-2.265302,-2.733957
63.36,-4.357592,-4.070453
63.37,8.339214,4.945859
63.38,8.822724,5.412441
63.39,-0.268113,-0.824239
63.40,0.182320,-0.383977
63.41,-7.380353,-5.555484
63.42,-9.389448,-6.842650
63.43,-2.276854,-1.748290
63.44,-5.652646,-3.999865
63.45,-5.116172,-3.517254
63.46,8.614594,6.196703
63.47,0.394797,0.540415
63.48,4.662654,3.620509
63.49,-6.667056,-4.222742
63.50,9.847497,7.419924
63.51,-5.367752,-3.153315
63.52,2.617600,2.508879
63.53,-3.913271,-1.995187
63.54,-7.359337,-4.344689
63.55,-3.540550,-1.613479
63.56,2.903401,2.950779
63.57,4.857998,4.368041
63.58,-5.602213,-2.909400
63.59,-12.711739,-7.845601
63.60,-1.706166,-0.105390
63.61,-6.210632,-3.226298
63.62,-9.067550,-5.197971
63.63,-0.282618,0.975625
63.64,7.605327,6.517306
63.65,3.378506,3.574610
63.66,5.259206,4.903103
63.67,-5.615192,-2.701098
63.68,12.818101,10.205900
63.69,15.235523,11.897539
63.70,1.682693,2.405682
63.71,-2.018953,-0.194728
63.72,8.523204,7.171086
63.73,3.145865,3.388773
63.74,8.329942,6.994949
63.75,-6.007326,-3.068319
63.76,0.491179,1.448981
63.77,5.131164,4.660904
63.78,7.072063,5.979150
63.79,3.242761,3.254072
63.80,-0.827364,0.356404
63.81,7.131416,5.875171
63.82,8.798660,6.986316
63.83,9.359268,7.319558
63.84,5.694106,4.691831
63.85,1.829875,1.922190
63.86,0.131062,0.666169
63.87,2.934221,2.559775
63.88,18.175170,13.158521
63.89,6.448585,4.879139
63.90,3.019508,2.407628
63.91,1.890005,1.545908
63.92,15.036075,10.677649
63.93,6.959183,4.954342
63.94,2.365234,1.670570
63.95,8.998251,6.247580
63.96,2.987322,1.976139
63.97,7.432136,5.026405
63.98,1.088448,0.527744
63.99,3.488278,2.152875
64.00,7.633401,5.003298
64.01,8.580606,5.618982
64.02,4.080957,2.425841
64.03,-1.489858,-1.513018
64.04,7.639501,4.842419
64.05,7.412745,4.652784
64.06,0.199328,-0.423316
64.07,2.251737,0.990809
64.08,13.619235,8.929553
64.09,4.200790,2.322072
64.10,17.121016,11.355442
64.11,2.483890,1.102269
64.12,5.587696,3.271155
64.13,4.900856,2.789780
64.14,-7.474427,-5.870541
64.15,5.372650,3.127527
64.16,-10.467943,-7.953272
64.17,-1.914567,-1.956020
64.18,1.332879,0.329132
64.19,4.341709,2.449090
64.20,9.246852,5.898105
64.21,-0.708702,-1.053913
64.22,6.661673,4.123504
64.23,8.392033,5.354046
64.24,-3.792089,-3.154544
64.25,-3.226366,-2.737355
64.26,0.431540,-0.154846
64.27,-12.831736,-9.416457
64.28,6.855765,4.388114
64.29,-10.982556,-8.074812
64.30,3.910174,2.374524
64.31,-6.094925,-4.604141
64.32,-0.275903,-0.505489
64.33,-0.561740,-0.679851
64.34,-2.295992,-1.867772
64.35,-4.110973,-3.111929
64.36,-4.766125,-3.544005
64.37,-5.759288,-4.212569
64.38,-3.365541,-2.510277
64.39,3.016481,1.983714
64.40,-0.395211,-0.378117
64.41,-5.499215,-3.924939
64.42,15.361957,10.703328
64.43,6.734718,4.688996
64.44,-3.768067,-2.639121
64.45,8.922250,6.266830
64.46,10.476403,7.376155
64.47,-4.384672,-3.006702
64.48,6.489484,4.623368
64.49,7.764304,5.531964
64.50,2.940945,2.169701
64.51,5.908808,4.258977
64.52,12.187688,8.663489
64.53,0.296019,0.346004
64.54,4.841960,3.532125
64.55,1.239385,1.011492
64.56,12.134550,8.636446
64.57,-0.480612,-0.198657
64.58,5.915029,4.271023
64.59,4.804326,3.483573
64.60,13.520632,9.572478
64.61,-1.574521,-1.009006
64.62,0.938335,0.732976
64.63,1.199980,0.897243
64.64,4.386738,3.107533
64.65,3.396089,2.392431
64.66,0.490019,0.335708
64.67,6.018478,4.182739
64.68,3.560614,2.439356
64.69,18.610331,12.951736
64.70,7.485007,5.142495
64.71,6.909019,4.719146
64.72,7.089583,4.827185
64.73,19.897408,13.776533
64.74,1.962681,1.208725
64.75,8.625205,5.861995
64.76,2.381459,1.484210
64.77,6.576200,4.416989
64.78,9.406809,6.398734
64.79,9.165369,6.234084
64.80,9.992849,6.821838
64.81,6.546224,4.421933
64.82,10.505734,7.210528
64.83,8.117062,5.559524
64.84,9.360528,6.455002
64.85,5.509820,3.788334
64.86,7.446605,5.176414
64.87,10.688035,7.480920
64.88,9.609362,6.764142
64.89,8.579165,6.083653
64.90,0.575768,0.523808
64.91,-1.521235,-0.900189
64.92,6.013525,4.418889
64.93,15.584255,11.163438
64.94,10.896414,7.926719
64.95,4.448132,3.456867
64.96,-8.650042,-5.669277
64.97,15.233105,11.089608
64.98,5.259990,4.146719
64.99,5.830162,4.581277
65.00,11.747265,8.755418
65.01,5.863979,4.665651
65.02,10.519324,7.948980
65.03,11.751069,8.831593
65.04,4.711433,3.919858
65.05,-3.182267,-1.594223
65.06,15.308051,11.355954
65.07,15.852043,11.739160
65.08,-0.610427,0.213379
65.09,-3.156398,-1.575179
65.10,11.462731,8.647701
65.11,9.186044,7.039627
65.12,-5.056719,-2.948292
65.13,4.893987,3.995959
65.14,-0.898888,-0.083196
65.15,4.209742,3.466188
65.16,12.354845,9.138987
65.17,-8.664800,-5.605253
65.18,10.777248,7.972376
65.19,2.513345,2.154906
65.20,-1.781790,-0.884993
65.21,6.851621,5.124857
65.22,18.745633,13.417197
65.23,9.152645,6.668963
65.24,5.623004,4.165613
65.25,0.415258,0.488290
65.26,-2.349459,-1.478101
65.27,7.495833,5.383383
65.28,6.840108,4.895023
65.29,-10.222127,-7.077075
65.30,7.304765,5.163935
65.31,-1.516736,-1.038360
65.32,2.682440,1.874205
65.33,1.054510,0.707958
65.34,-7.536774,-5.332722
65.35,0.867458,0.523103
65.36,2.144966,1.389589
65.37,6.865756,4.665456
65.38,-7.045452,-5.102262
65.39,3.970304,2.577448
65.40,11.652194,7.921776
65.41,2.197872,1.268883
65.42,5.732377,3.706145
65.43,2.528484,1.424402
65.44,4.594004,2.829076
65.45,7.849854,5.064827
65.46,0.968983,0.202804
65.47,-11.052662,-8.259673
65.48,1.042865,0.158182
65.49,10.471187,6.707604
65.50,-0.163218,-0.787904
65.51,-2.724567,-2.632858
65.52,16.173068,10.543386
65.53,8.290480,4.973940
65.54,13.116500,8.301588
65.55,4.270251,2.060360
65.56,0.579135,-0.569889
65.57,-3.724468,-3.625797
65.58,8.623651,4.978286
65.59,-4.079815,-3.949252
65.60,8.911860,5.114983
65.61,0.405963,-0.863249
65.62,6.957996,3.705527
65.63,15.387610,9.595634
65.64,5.781502,2.868269
65.65,5.643914,2.776838
65.66,1.587693,-0.049311
65.67,5.618006,2.793704
65.68,15.910305,10.028870
65.69,-0.624191,-1.505892
65.70,5.365925,2.735368
65.71,14.036803,8.861811
65.72,16.541500,10.680328
65.73,2.449049,0.888888
65.74,15.370003,10.014422
65.75,3.360678,1.695800
65.76,10.252491,6.614369
65.77,4.156192,2.446931
65.78,17.570432,11.941745
65.79,-4.521927,-3.414041
65.80,4.842822,3.253257
65.81,16.551034,11.563146
65.82,11.620155,8.226869
65.83,12.222686,8.764197
65.84,4.928256,3.772895
65.85,4.209006,3.382502
65.86,2.433236,2.249897
65.87,-1.235137,-0.211065
65.88,-3.467319,-1.671066
65.89,23.142808,17.053409
65.90,14.616567,11.176585
65.91,10.404287,8.313078
65.92,14.091006,10.971883
65.93,-3.915279,-1.561837
65.94,16.291873,12.646086
65.95,-6.108729,-2.979427
65.96,3.757909,3.973973
65.97,10.098608,8.451009
65.98,9.878281,8.327160
65.99,5.795357,5.491450
66.00,7.018402,6.362081
66.01,7.728318,6.865963
66.02,-3.958586,-1.315148
66.03,7.179035,6.474082
66.04,-3.996373,-1.362196
66.05,-1.260496,0.533506
66.06,-5.824609,-2.686216
66.07,2.162413,2.874927
66.08,5.157529,4.937303
66.09,2.060432,2.731185
66.10,-6.828288,-3.532547
66.11,13.569948,10.701546
66.12,-0.207081,1.010308
66.13,16.684820,12.785029
66.14,2.553159,2.841267
66.15,5.053370,4.538073
66.16,10.744575,8.467027
66.17,-1.973628,-0.492018
66.18,2.872195,2.842421
66.19,8.200902,6.513568
66.20,12.254161,9.290566
66.21,-6.674856,-4.021438
66.22,-4.041053,-2.240987
66.23,0.893524,1.148344
66.24,-0.553986,0.068387
66.25,6.085682,4.647445
66.26,6.814415,5.086656
66.27,-0.593481,-0.172146
66.28,2.273011,1.758588
66.29,-4.166526,-2.827574
66.30,5.137371,3.603893
66.31,3.780753,2.570164
66.32,-5.469162,-3.991712
66.33,-12.771330,-9.192949
66.34,4.232613,2.617431
66.35,-4.296829,-3.448027
66.36,9.512371,6.121365
66.37,6.842073,4.153256
66.38,12.537911,8.040013
66.39,1.913682,0.501792
66.40,7.992692,4.655483
66.41,5.254754,2.637594
66.42,3.760931,1.491575
66.43,11.519018,6.823641
66.44,12.885429,7.684086
66.45,7.789827,4.024518
66.46,13.688889,8.065474
66.47,-0.789946,-2.152958
66.48,3.096337,0.490211
66.49,2.425844,-0.049481
66.50,12.975595,7.272720
66.51,1.053383,-1.126930
66.52,-4.183099,-4.837299
66.53,4.399154,1.135399
66.54,9.976332,5.015105
66.55,14.727051,8.327368
66.56,11.456371,6.036156
66.57,8.625974,4.064966
66.58,-2.861979,-3.954482
66.59,8.983747,4.371773
66.60,17.592486,10.444238
66.61,20.105524,12.261669
66.62,-1.803678,-3.004777
66.63,8.080977,3.995787
66.64,6.145693,2.733207
66.65,7.038938,3.460808
66.66,3.963471,1.419818
66.67,9.077505,5.120188
66.68,12.656523,7.753881
66.69,8.882566,5.247377
66.70,8.396107,5.048000
66.71,4.382403,2.384381
66.72,11.551482,7.552453
66.73,4.649277,2.873268
66.74,5.089665,3.335433
66.75,8.771003,6.066701
66.76,7.812317,5.549311
66.77,-0.230131,0.071606
66.78,5.358891,4.133252
66.79,-8.112272,-5.150850
66.80,1.030722,1.390464
66.81,5.391649,4.579038
66.82,10.898570,8.563793
66.83,-2.752203,-0.868487
66.84,12.723639,10.080668
66.85,7.763468,6.716962
66.86,4.483749,4.521556
66.87,10.629641,8.915788
66.88,-0.597804,1.140206
66.89,5.942522,5.793480
66.90,15.678741,12.675268
66.91,2.414996,3.448517
66.92,-3.395578,-0.569475
66.93,2.573524,3.650011
66.94,16.640319,13.529797
66.95,4.014694,4.717050
66.96,0.234989,2.088883
66.97,19.029295,15.255254
66.98,1.158751,2.749264
66.99,2.816536,3.906444
67.00,1.123967,2.712012
67.01,1.885095,3.229089
67.02,12.645042,10.739523
67.03,3.747173,4.483908
67.04,4.841379,5.217371
67.05,9.313696,8.310316
67.06,14.596603,11.965615
67.07,-15.859461,-9.401318
67.08,7.149168,6.652151
67.09,12.196680,10.127993
67.10,8.762205,7.661612
67.11,-4.909416,-1.975618
67.12,-6.886942,-3.431860
67.13,1.204075,2.154954
67.14,-7.583568,-4.078265
67.15,8.044926,6.774791
67.16,5.363271,4.805687
67.17,5.563911,4.849115
67.18,2.730358,2.763541
67.19,-3.513010,-1.713928
67.20,2.287957,2.234697
67.21,3.142966,2.716343
67.22,5.897685,4.523166
67.23,8.477735,6.203347
67.24,7.773060,5.580158
67.25,14.974967,10.487893
67.26,-2.082793,-1.589377
67.27,-8.315410,-6.091766
67.28,-0.062023,-0.456088
67.29,-8.241741,-6.325067
67.30,15.144127,9.901093
67.31,2.170991,0.675950
67.32,2.128162,0.502846
67.33,3.648907,1.425931
67.34,7.059938,3.674808
67.35,1.247143,-0.529476
67.36,3.507167,0.921675
67.37,-0.192948,-1.793861
67.38,-0.312127,-1.996391
67.39,-2.976015,-3.972941
67.40,9.337168,4.542630
67.41,13.676695,7.485668
67.42,20.551365,12.213134
67.43,11.061393,5.495921
67.44,5.813847,1.759645
67.45,14.352134,7.685279
67.46,6.699920,2.289888
67.47,16.481889,9.111157
67.48,-4.148037,-5.342867
67.49,10.308498,4.776863
67.50,-3.998847,-5.224800
67.51,8.470025,3.530192
67.52,-1.451806,-3.375132
67.53,5.709713,1.690830
67.54,-2.693220,-4.125723
67.55,8.960013,4.109204
67.56,10.219882,5.080405
67.57,7.890021,3.549805
67.58,10.564016,5.532214
67.59,11.514717,6.317856
67.60,-5.221565,-5.268684
67.61,-0.653352,-1.934254
67.62,14.880298,9.082881
67.63,7.347185,3.959226
67.64,4.683462,2.249114
67.65,-1.315883,-1.791946
67.66,2.331040,0.922386
67.67,4.359550,2.505863
67.68,-1.800089,-1.641281
67.69,4.569287,2.982046
67.70,10.384906,7.217018
67.71,10.152794,7.217010
67.72,-1.089278,-0.492333
67.73,2.248168,2.000883
67.74,1.156710,1.390076
67.75,18.682258,13.806759
67.76,8.405672,6.756966
67.77,13.699547,10.601011
67.78,3.617191,3.675761
67.79,-5.330589,-2.461606
67.80,1.502324,2.440859
67.81,6.884724,6.321031
67.82,-1.488623,0.565011
67.83,-7.884079,-3.813842
67.84,0.955100,2.464039
67.85,7.089105,6.840670
67.86,-8.232551,-3.809379
67.87,7.572189,7.321264
67.88,9.774537,8.922397
67.89,2.713367,4.031197
67.90,5.565858,6.071663
67.91,-4.409889,-0.875558
67.92,4.150470,5.144558
67.93,-1.594894,1.142709
67.94,6.012192,6.479594
67.95,-15.486151,-8.565326
67.96,6.571668,6.871033
67.97,-5.989768,-1.934151
67.98,10.339138,9.475804
67.99,7.041592,7.139114
68.00,6.382079,6.640888
68.01,1.165127,2.944273
68.02,-7.538267,-3.201044
68.03,2.467369,3.741769
68.04,10.100926,9.015958
68.05,7.701836,7.259174
68.06,5.376935,5.546274
68.07,0.199300,1.828524
68.08,1.238292,2.454621
68.09,-6.054130,-2.758872
68.10,1.105682,2.136833
68.11,-0.958088,0.568953
68.12,14.129101,11.000004
68.13,10.072118,8.023790
68.14,-9.381711,-5.736113
68.15,10.016189,7.694805
68.16,-7.526125,-4.737251
68.17,2.657185,2.234420
68.18,10.217907,7.366743
68.19,-2.624607,-1.786016
68.20,13.689456,9.468780
68.21,-0.568772,-0.678271
68.22,6.097775,3.821621
68.23,5.640752,3.335486
68.24,-4.473597,-3.909412
68.25,9.384026,5.628346
68.26,11.268714,6.788241
68.27,-0.512389,-1.613814
68.28,-3.135786,-3.600465
68.29,7.864542,3.955389
68.30,-5.302087,-5.398869
68.31,-0.549848,-2.202335
68.32,-4.396092,-5.016369
68.33,-3.784219,-4.700618
68.34,4.065406,0.691344
68.35,-8.374031,-8.108638
68.36,-14.486615,-12.468874
68.37,3.769390,0.240328
68.38,-5.616487,-6.387963
68.39,8.389545,3.370227
68.40,-5.967730,-6.713514
68.41,-0.809961,-3.124184
68.42,13.622635,6.970139
68.43,-1.987119,-3.952579
68.44,-1.547110,-3.627945
68.45,0.441185,-2.207165
68.46,-4.607491,-5.700157
68.47,-1.799993,-3.682035
68.48,-1.682778,-3.535700
68.49,-7.455545,-7.501382
68.50,5.465329,1.628955
68.51,-3.967687,-4.878510
68.52,-2.450820,-3.711729
68.53,2.880918,0.134157
68.54,3.383071,0.607363
68.55,12.157837,6.878736
68.56,-8.267712,-7.283484
68.57,3.430074,1.046531
68.58,7.096484,3.759748
68.59,-8.485020,-6.996148
68.60,4.929926,2.549160
68.61,-0.845497,-1.335837
68.62,-0.650200,-1.039099
68.63,1.865185,0.883219
68.64,-4.654478,-3.518176
68.65,0.229832,0.063350
68.66,8.059376,5.706019
68.67,-9.638196,-6.521454
68.68,8.346285,6.226730
68.69,10.690355,8.024247
68.70,-1.747448,-0.528500
68.71,0.397407,1.123105
68.72,0.916584,1.632697
68.73,4.732022,4.445122
68.74,2.291854,2.873583
68.75,-4.006829,-1.404425
68.76,13.934014,11.279275
68.77,-2.556796,-0.145573
68.78,1.771529,2.996171
68.79,-2.062440,0.417112
68.80,-5.934114,-2.195913
68.81,11.626943,10.186044
68.82,4.239592,5.095848
68.83,-1.021167,1.485683
68.84,6.565543,6.859865
68.85,0.089369,2.380874
68.86,-13.458981,-7.058046
68.87,-3.681164,-0.178279
68.88,-2.972195,0.343468
68.89,-6.397452,-2.038736
68.90,4.409090,5.531191
68.91,-4.088647,-0.422105
68.92,6.226759,6.783508
68.93,-1.745315,1.177570
68.94,-8.162254,-3.350072
68.95,1.709651,3.514240
68.96,-5.486844,-1.579458
68.97,-12.139950,-6.302761
68.98,0.498189,2.468032
68.99,-2.751098,0.108103
69.00,-9.066460,-4.407302
69.01,2.450331,3.550926
69.02,-6.123115,-2.562484
69.03,-8.642558,-4.446115
69.04,3.385878,3.846240
69.05,-2.324187,-0.285341
69.06,-8.554005,-4.787151
69.07,8.649118,7.108323
69.08,-0.619551,0.468429
69.09,-11.362010,-7.207535
69.10,-1.281812,-0.311330
69.11,-11.866412,-7.883423
69.12,-3.799309,-2.401491
69.13,3.419920,2.485547
69.14,5.187119,3.555584
69.15,8.824273,5.934810
69.16,1.215526,0.442933
69.17,2.772195,1.368673
69.18,-1.638244,-1.879946
69.19,4.984776,2.598248
69.20,-14.932727,-11.497777
69.21,-14.428307,-11.293578
69.22,-10.831969,-8.919455
69.23,7.411969,3.714239
69.24,5.651371,2.351643
69.25,-2.181090,-3.253776
69.26,8.123374,3.844684
69.27,12.947971,7.115778
69.28,0.682417,-1.567233
69.29,1.379734,-1.166822
69.30,1.507962,-1.154997
69.31,-1.871720,-3.588621
69.32,-3.014021,-4.445729
69.33,4.148043,0.520777
69.34,-2.037348,-3.845218
69.35,-2.500553,-4.194856
69.36,0.304315,-2.245960
69.37,9.507665,4.192770
69.38,-9.380142,-9.021455
69.39,3.777389,0.206832
69.40,0.898570,-1.779682
69.41,0.469000,-2.041249
69.42,9.746536,4.502418
69.43,3.901466,0.470267
69.44,-8.348092,-8.035312
69.45,-7.204031,-7.155971
69.46,-2.685861,-3.905730
69.47,4.080769,0.927060
69.48,1.291778,-0.920887
69.49,4.994652,1.783213
69.50,3.163112,0.620476
69.51,-6.004011,-5.670429
69.52,0.016817,-1.323568
69.53,-3.557627,-3.687758
69.54,2.534089,0.719416
69.55,0.097239,-0.838959
69.56,-4.192768,-3.690721
69.57,-9.028294,-6.921166
69.58,2.625661,1.393551
69.59,2.778706,1.659483
69.60,7.710969,5.272042
69.61,4.035023,2.859338
69.62,4.184789,3.124421
69.63,-6.030339,-3.866835
69.64,-2.980076,-1.573928
69.65,0.401550,0.948624
69.66,5.971454,4.999967
69.67,5.093739,4.534291
69.68,3.686321,3.693463
69.69,5.590839,5.165977
69.70,-15.096236,-9.181279
69.71,-10.160814,-5.599056
69.72,-7.390651,-3.539371
69.73,-4.999829,-1.752644
69.74,7.668977,7.220726
69.75,-6.846327,-2.843215
69.76,-5.715419,-1.963695
69.77,-2.747023,0.192772
69.78,4.075731,5.037631
69.79,-7.328577,-2.886425
69.80,10.443481,9.602737
69.81,-16.208821,-9.015606
69.82,-4.089651,-0.504529
69.83,-3.589655,-0.137592
69.84,-1.649722,1.226533
69.85,-5.939290,-1.780756
69.86,-6.077989,-1.893142
69.87,8.526047,8.303797
69.88,-12.282467,-6.298472
69.89,-10.404662,-5.030521
69.90,-10.587813,-5.215173
69.91,-16.289691,-9.272552
69.92,-9.462508,-4.568842
69.93,11.570534,10.070120
69.94,-4.433954,-1.225595
69.95,-5.605220,-2.145980
69.96,7.638105,7.016438
69.97,-9.478500,-5.079966
69.98,10.798608,8.992926
69.99,-5.795500,-2.749748
70.00,-2.330921,-0.456451
70.01,-9.426888,-5.560025
70.02,-5.053523,-2.638927
70.03,-1.885949,-0.565105
70.04,-7.869937,-4.899957
70.05,-3.576652,-2.042660
70.06,-14.821187,-10.063139
70.07,-7.537290,-5.114384
70.08,-2.999839,-2.088185
70.09,-13.590843,-9.651331
70.10,0.907846,0.349485
70.11,-12.265349,-9.018249
70.12,-5.473075,-4.407810
70.13,3.137220,1.478150
70.14,1.468556,0.172287
70.15,-2.441913,-2.698865
70.16,-6.680502,-5.795219
70.17,3.416000,1.147960
70.18,-13.926339,-11.110613
70.19,11.829395,6.805351
70.20,10.977222,6.102093
70.21,-15.386197,-12.452319
70.22,-11.772055,-10.015335
70.23,-11.343670,-9.800915
70.24,1.568644,-0.839940
70.25,-3.791844,-4.661806
70.26,-0.913493,-2.708074
70.27,1.912187,-0.782537
70.28,-1.911694,-3.502778
70.29,4.035883,0.626125
70.30,9.037406,4.102094
70.31,-0.201035,-2.380461
70.32,-2.367276,-3.902909
70.33,3.547469,0.240981
70.34,1.335953,-1.293820
70.35,-2.165979,-3.722214
70.36,0.256160,-1.994095
70.37,5.133532,1.462276
70.38,-1.145706,-2.881511
70.39,-1.847996,-3.312126
70.40,-1.724062,-3.155285
70.41,-11.125212,-9.657158
70.42,0.177564,-1.657736
70.43,-6.196892,-6.024180
70.44,1.671157,-0.413065
70.45,9.857511,5.428228
70.46,-12.580173,-10.160422
70.47,1.584342,-0.121179
70.48,-15.167996,-11.717945
70.49,7.532180,4.307231
70.50,-8.997646,-7.124055
70.51,2.628284,1.157554
70.52,-6.123214,-4.821872
70.53,-4.217873,-3.339072
70.54,1.384464,0.733317
70.55,-8.461910,-6.007459
70.56,-6.524396,-4.499351
70.57,-9.041019,-6.109751
70.58,5.999828,4.568693
70.59,-7.244132,-4.554379
70.60,-12.560683,-8.131169
70.61,8.382675,6.670336
70.62,-3.892332,-1.785368
70.63,-8.236504,-4.694526
70.64,2.773913,3.138839
70.65,9.458469,7.937799
70.66,-3.800268,-1.230422
70.67,4.571762,4.735495
70.68,-11.759126,-6.598507
70.69,-5.891365,-2.401756
70.70,-5.290632,-1.900596
70.71,-13.449031,-7.539816
70.72,-12.769434,-7.001682
70.73,5.533153,5.863099
70.74,2.131853,3.525571
70.75,-4.458346,-1.053860
70.76,-15.773494,-8.950463
70.77,-3.669350,-0.463242
70.78,1.219180,2.963439
70.79,-10.574069,-5.296610
70.80,-1.791091,0.837386
70.81,-5.021003,-1.446743
70.82,-6.979074,-2.849432
70.83,-1.750277,0.770126
70.84,-5.614207,-1.983464
70.85,-3.210900,-0.357878
70.86,-11.046946,-5.907355
70.87,-4.043556,-1.076349
70.88,0.358718,1.927166
70.89,-1.278467,0.696776
70.90,2.154024,3.009311
70.91,-10.583555,-6.002606
70.92,3.319503,3.628968
70.93,-15.031909,-9.322090
70.94,-0.803944,0.528366
70.95,3.594518,3.494571
70.96,-10.823450,-6.713872
70.97,-6.559895,-3.847951
70.98,-7.213902,-4.426581
70.99,-8.393785,-5.375143
71.00,-0.334165,0.142565
71.01,-1.911890,-1.086819
71.02,-1.519594,-0.937710
71.03,6.763441,4.734824
71.04,-2.605352,-1.948594
71.05,4.274823,2.743019
71.06,2.924431,1.674412
71.07,1.295404,0.412358
71.08,-3.080345,-2.770380
71.09,-1.038978,-1.458692
71.10,-8.602721,-6.867712
71.11,-3.890545,-3.680294
71.12,-5.253201,-4.741539
71.13,-9.103089,-7.539703
71.14,-12.631139,-10.108013
71.15,-11.909721,-9.696709
71.16,-10.578260,-8.852975
71.17,-3.407534,-3.915946
71.18,-7.478409,-6.841833
71.19,-10.538812,-9.053797
71.20,4.664233,1.525613
71.21,6.641151,2.854047
71.22,11.109525,5.934143
71.23,-15.112517,-12.461107
71.24,-13.879220,-11.629401
71.25,2.332836,-0.304102
71.26,-1.815245,-3.222232
71.27,-9.058660,-8.298265
71.28,2.334872,-0.319481
71.29,4.680667,1.334916
71.30,0.715660,-1.419191
71.31,-7.607582,-7.215030
71.32,3.871841,0.859954
71.33,-6.434873,-6.306533
71.34,-7.095597,-6.712185
71.35,-0.539255,-2.057492
71.36,-4.250525,-4.582021
71.37,-2.106808,-3.000304
71.38,2.197454,0.101149
71.39,-10.489683,-8.684474
71.40,-13.968889,-11.018139
71.41,-4.546029,-4.314498
71.42,-15.274810,-11.711724
71.43,0.374919,-0.639332
71.44,-1.906257,-2.114561
71.45,6.626027,3.982969
71.46,-7.650379,-5.882942
71.47,-3.211015,-2.645882
71.48,-9.093666,-6.633019
71.49,-16.781952,-11.883608
71.50,3.837100,2.680711
71.51,-14.578880,-10.080427
71.52,-14.902587,-10.178606
71.53,-11.910182,-7.957813
71.54,-10.473471,-6.828961
71.55,-10.169703,-6.496744
71.56,-13.703561,-8.855026
71.57,-1.993019,-0.546936
71.58,-14.316606,-9.067948
71.59,-2.796465,-0.904022
71.60,-9.617276,-5.584851
71.61,2.579343,3.040067
71.62,-6.670116,-3.354038
71.63,-2.183081,-0.139635
71.64,-2.649396,-0.399830
71.65,-7.016974,-3.398332
71.66,-16.454806,-9.953555
71.67,-10.774855,-5.933949
71.68,-17.786197,-10.805898
71.69,0.393864,1.948494
71.70,-1.518930,0.630296
71.71,0.959231,2.378257
71.72,0.597136,2.130645
71.73,-4.940716,-1.747246
71.74,2.456657,3.422441
71.75,2.637209,3.533463
71.76,-11.808597,-6.600642
71.77,-2.987528,-0.454389
71.78,-8.530104,-4.368902
71.79,-3.274396,-0.730583
71.80,-7.099348,-3.454437
71.81,-7.823163,-4.012946
71.82,-4.251548,-1.569839
71.83,-11.533093,-6.728863
71.84,2.961855,3.351009
71.85,4.228510,4.166695
71.86,-3.698193,-1.457080
71.87,-12.590229,-7.760427
71.88,-13.189676,-8.262529
71.89,3.529114,3.354840
71.90,-2.575279,-1.007037
71.91,-3.002773,-1.397822
71.92,1.250616,1.485558
71.93,-7.047235,-4.419090
71.94,0.865775,1.022001
71.95,1.662321,1.480012
71.96,-11.841455,-8.073438
71.97,-14.524434,-10.053239
71.98,0.336195,0.246921
71.99,-4.642170,-3.340429
72.00,-1.890491,-1.516594
72.01,-0.423848,-0.591751
72.02,-7.451496,-5.611988
72.03,3.382566,1.872301
72.04,-3.692598,-3.178127
72.05,3.359375,1.662606
72.06,-3.495433,-3.228814
72.07,2.383893,0.796689
72.08,-2.600778,-2.779142
72.09,-8.140447,-6.739574
72.10,-12.703752,-10.012224
72.11,-6.141319,-5.492106
72.12,-5.452943,-5.078669
72.13,1.687619,-0.143149
72.14,3.325136,0.946167
72.15,-10.329746,-8.662921
72.16,7.156056,3.533066
72.17,-3.792456,-4.168078
72.18,-7.025238,-6.461071
72.19,-7.443296,-6.776400
72.20,0.235418,-1.416460
72.21,-7.910161,-7.125868
72.22,-0.631171,-2.030337
72.23,-1.531543,-2.652589
72.24,-6.612528,-6.193515
72.25,-16.534502,-13.115449
72.26,2.059728,-0.068474
72.27,-4.209702,-4.418666
72.28,5.178670,2.198777
72.29,-0.618599,-1.806822
72.30,-11.075332,-9.067454
72.31,-6.679549,-5.925094
72.32,-6.755413,-5.907055
72.33,-11.140763,-8.900259
72.34,2.871097,0.989510
72.35,-2.895569,-2.961261
72.36,-5.188348,-4.476406
72.37,-14.286575,-10.752002
72.38,-4.310954,-3.673100
72.39,-1.893253,-1.882503
72.40,3.857216,2.242699
72.41,-2.282304,-1.953995
72.42,-0.200040,-0.394910
72.43,-6.102735,-4.425322
72.44,-13.492649,-9.497355
72.45,-1.294691,-0.858968
72.46,-0.492807,-0.199425
72.47,3.637229,2.787756
72.48,3.034555,2.459524
72.49,-7.498166,-4.822675
72.50,-7.060025,-4.428588
72.51,-5.031448,-2.924865
72.52,-1.700978,-0.513801
72.53,-18.234390,-12.011721
72.54,-14.321952,-9.202055
72.55,-16.155686,-10.419428
72.56,-9.871096,-5.958870
72.57,-10.424140,-6.289694
72.58,-0.947612,0.395035
72.59,-2.060580,-0.338113
72.60,-4.191823,-1.789338
72.61,-3.128193,-1.009463
72.62,2.160331,2.722522
72.63,-10.391511,-6.039051
72.64,-9.772766,-5.586480
72.65,-13.774332,-8.373342
72.66,-1.737667,0.061404
72.67,-15.773381,-9.759593
72.68,-0.908568,0.644788
72.69,-4.339205,-1.762544
72.70,-4.044895,-1.567212
72.71,-6.050333,-2.986396
72.72,-11.164304,-6.586135
72.73,-12.596766,-7.613287
72.74,1.295877,2.082785
72.75,-12.870089,-7.866399
72.76,-4.965425,-2.370246
72.77,-6.586816,-3.546307
72.78,-8.636185,-5.025792
72.79,-9.088247,-5.390861
72.80,0.457447,1.238947
72.81,-5.393319,-2.912162
72.82,-7.919068,-4.738991
72.83,10.228012,7.902106
72.84,-6.755420,-4.051023
72.85,-1.333834,-0.323305
72.86,6.476318,5.073958
72.87,-7.242150,-4.601033
72.88,-7.625982,-4.943755
72.89,-13.205497,-8.925168
72.90,0.476531,0.575064
72.91,5.122175,3.748688
72.92,2.162717,1.597910
72.93,-0.590364,-0.408909
72.94,-9.885694,-6.995468
72.95,6.902338,4.676514
72.96,4.531494,2.937832
72.97,-6.550381,-4.897651
72.98,-3.302623,-2.701091
72.99,-9.714609,-7.264672
73.00,-10.149026,-7.641892
73.01,-2.884968,-2.627735
73.02,3.261870,1.607187
73.03,2.071843,0.709489
73.04,-1.739289,-2.019443
73.05,-8.472298,-6.789807
73.06,-3.652421,-3.468951
73.07,2.453742,0.756806
73.08,-0.179614,-1.130325
73.09,-16.919264,-12.886840
73.10,-2.020813,-2.491446
73.11,-6.403482,-5.587413
73.12,-0.101159,-1.198313
73.13,-18.942127,-14.403831
73.14,-6.530480,-5.726756
73.15,-7.977491,-6.744942
73.16,-2.607120,-2.985160
73.17,5.792997,2.901204
73.18,4.428664,1.958136
73.19,-0.558166,-1.515111
73.20,1.560611,-0.009015
73.21,-3.318101,-3.395929
73.22,-12.750035,-9.965083
73.23,4.446602,2.110530
73.24,-7.406525,-6.144199
73.25,-7.100217,-5.883131
73.26,-9.202565,-7.304249
73.27,-12.246098,-9.380665
73.28,1.972072,0.629290
73.29,2.711650,1.207041
73.30,-5.605025,-4.552146
73.31,-12.776159,-9.507395
73.32,-3.624463,-3.034985
73.33,-11.758144,-8.661040
73.34,-5.411238,-4.149758
73.35,-2.610586,-2.120296
73.36,-1.243097,-1.093847
73.37,-5.694750,-4.140939
73.38,-7.255076,-5.164576
73.39,-9.027219,-6.337273
73.40,-6.105914,-4.225640
73.41,2.534614,1.888085
73.42,3.007583,2.282897
73.43,0.133773,0.333101
73.44,-4.101983,-2.572138
73.45,-2.327780,-1.272687
73.46,-8.513259,-5.547474
73.47,-9.729347,-6.346309
73.48,-5.251503,-3.162157
73.49,-4.659410,-2.700920
73.50,1.641033,1.753163
73.51,1.066377,1.391584
73.52,2.378463,2.347553
73.53,-1.042289,-0.012703
73.54,-16.993643,-11.147673
73.55,-6.279121,-3.619866
73.56,1.333704,1.733381
73.57,5.869267,4.929149
73.58,-15.597663,-10.080244
73.59,2.112167,2.330670
73.60,1.793300,2.118066
73.61,-3.600981,-1.650757
73.62,0.004105,0.876556
73.63,-1.839725,-0.413778
73.64,-0.106695,0.796300
73.65,-0.607873,0.439071
73.66,3.655597,3.413764
73.67,1.425561,1.839711
73.68,-1.057753,0.085119
73.69,-10.282986,-6.392008
73.70,-7.901408,-4.747494
73.71,1.678730,1.932958
73.72,0.366232,0.985597
73.73,1.990730,2.091259
73.74,1.476667,1.697162
73.75,-14.897051,-9.801340
73.76,-3.611195,-1.940653
73.77,-8.205173,-5.198216
73.78,-0.503023,0.149304
73.79,2.779157,2.400812
73.80,-10.723366,-7.098817
73.81,-3.775852,-2.285064
73.82,-4.345751,-2.734933
73.83,-10.336739,-6.980769
73.84,-3.152041,-2.004595
73.85,-10.184022,-6.980821
73.86,-8.604463,-5.929437
73.87,3.485893,2.479295
73.88,-1.056321,-0.754712
73.89,7.540729,5.209094
73.90,-9.571506,-6.823000
73.91,2.121662,1.309560
73.92,4.752397,3.099556
73.93,-3.170106,-2.496311
73.94,-9.003872,-6.628402
73.95,5.937011,3.783668
73.96,-8.405684,-6.300621
73.97,-10.417564,-7.750971
73.98,-7.608501,-5.824084
73.99,2.196207,1.002525
74.00,-1.909316,-1.905083
74.01,-9.267114,-7.086184
74.02,-1.743438,-1.847019
74.03,-9.383840,-7.219362
74.04,-14.158712,-10.582395
74.05,-0.465661,-1.014377
74.06,-0.368778,-0.960125
74.07,-2.945625,-2.773910
74.08,1.081181,0.038436
74.09,-2.503885,-2.473978
74.10,-3.501040,-3.171348
74.11,-4.065758,-3.562570
74.12,3.561215,1.783749
74.13,1.734904,0.516026
74.14,-0.422499,-0.980326
74.15,-15.292591,-11.372561
74.16,1.672224,0.522491
74.17,-3.460882,-3.048312
74.18,4.640625,2.647632
74.19,-4.979067,-4.058925
74.20,-6.025206,-4.761847
74.21,4.231590,2.449240
74.22,-9.221272,-6.934675
74.23,-11.037462,-8.171363
74.24,8.491196,5.534699
74.25,-3.625626,-2.909920
74.26,-2.803923,-2.296614
74.27,-1.329564,-1.225689
74.28,6.671083,4.414206
74.29,-5.166376,-3.832194
74.30,-5.115879,-3.756826
74.31,0.211649,0.012485
74.32,-6.374032,-4.557599
74.33,-4.893834,-3.481878
74.34,-0.604614,-0.440311
74.35,2.997041,2.119345
74.36,-2.627089,-1.779806
74.37,-0.847541,-0.497275
74.38,5.153734,3.739446
74.39,-2.575621,-1.636413
74.40,-0.853014,-0.397150
74.41,2.088233,1.693803
74.42,-7.082221,-4.694891
74.43,7.859458,5.793358
74.44,-0.497630,-0.029166
74.45,0.121780,0.430142
74.46,-1.211075,-0.478926
74.47,-0.414841,0.100511
74.48,-1.532329,-0.661576
74.49,3.616038,2.960461
74.50,-6.262834,-3.938592
74.51,4.526914,3.628323
74.52,-5.586242,-3.438894
74.53,-11.281816,-7.415934
74.54,-6.124796,-3.798306
74.55,-6.449298,-4.019907
74.56,-6.157761,-3.812449
74.57,1.401464,1.480226
74.58,0.011951,0.506628
74.59,-4.671636,-2.774955
74.60,7.350721,5.635517
74.61,8.396911,6.360604
74.62,-2.960808,-1.599065
74.63,4.536547,3.637854
74.64,-4.550387,-2.736127
74.65,-13.019271,-8.679296
74.66,-4.060493,-2.424841
74.67,-4.614153,-2.830737
74.68,-3.087581,-1.782016
74.69,-2.833635,-1.625569
74.70,-7.155489,-4.673501
74.71,-11.698122,-7.877174
74.72,-1.851252,-1.009263
74.73,5.240945,3.929445
74.74,8.645862,6.286262
74.75,0.467968,0.534460
74.76,-5.939743,-3.978724
74.77,9.770833,6.990532
74.78,-3.847648,-2.570769
74.79,4.434835,3.198534
74.80,2.972236,2.146352
74.81,3.771299,2.677547
74.82,2.361486,1.662881
74.83,-7.660409,-5.379758
74.84,1.303722,0.868432
74.85,10.991990,7.624252
74.86,-2.390466,-1.768586
74.87,-9.475317,-6.752147
74.88,9.488163,6.499177
74.89,1.936301,1.190906
74.90,-2.599411,-2.004834
74.91,-1.328384,-1.134561
74.92,-4.232156,-3.185285
74.93,-0.348079,-0.483100
74.94,4.906905,3.180178
74.95,-6.753799,-4.996032
74.96,9.905086,6.652992
74.97,4.048431,2.542675
74.98,-8.548912,-6.284576
74.99,-6.897259,-5.135982
75.00,1.020913,0.400718
75.01,2.553793,1.469241
75.02,2.157751,1.189028
75.03,5.756086,3.706360
75.04,-1.300434,-1.233256
75.05,-5.805577,-4.385496
75.06,-0.735786,-0.833912
75.07,-2.457357,-2.034956
75.08,1.483615,0.729054
75.09,3.519514,2.160734
75.10,6.294471,4.110918
75.11,-6.511570,-4.844491
75.12,2.861012,1.726178
75.13,-2.703876,-2.158405
75.14,1.147957,0.549629
75.15,-1.184111,-1.070225
75.16,-2.461461,-1.951005
75.17,1.600822,0.906659
75.18,-3.296906,-2.507057
75.19,1.494195,0.861958
75.20,1.703673,1.024312
75.21,4.777696,3.192247
75.22,15.545667,10.746264
75.23,-5.879742,-4.234845
75.24,13.475592,9.330726
75.25,0.353381,0.162093
75.26,-7.565913,-5.364500
75.27,9.630167,6.689584
75.28,-5.379935,-3.800823
75.29,0.691744,0.465770
75.30,-4.438047,-3.108989
75.31,-1.202120,-0.828147
75.32,4.060538,2.870928
75.33,1.860088,1.345278
75.34,3.256504,2.336813
75.35,-0.781658,-0.476544
75.36,10.204683,7.226502
75.37,1.666448,1.261539
75.38,-5.208743,-3.540153
75.39,4.817401,3.488184
75.40,-2.243656,-1.445465
75.41,-1.741438,-1.085800
75.42,1.533730,1.213925
75.43,1.512314,1.205019
75.44,-9.822546,-6.724332
75.45,-5.082554,-3.402324
75.46,11.163488,7.972887
75.47,11.449504,8.175064
75.48,8.040643,5.789829
75.49,-2.476985,-1.572510
75.50,-5.488270,-3.681339
75.51,-7.986778,-5.432111
75.52,-0.712342,-0.342658
75.53,-14.495628,-9.994390
75.54,-6.772791,-4.592553
75.55,2.167975,1.661185
75.56,-0.403809,-0.144442
75.57,10.763633,7.666883
75.58,-1.054254,-0.611951
75.59,3.408405,2.505245
75.60,-6.846891,-4.680402
75.61,-1.576541,-0.998295
75.62,9.450389,6.713298
75.63,-4.118653,-2.792338
75.64,6.180891,4.410058
75.65,0.855919,0.675381
75.66,8.984526,6.358360
75.67,-4.812063,-3.306093
75.68,1.136506,0.851322
75.69,5.635354,3.994232
75.70,3.681553,2.620627
75.71,9.066539,6.384541
75.72,9.793671,6.888352
75.73,-0.746322,-0.494415
75.74,2.891630,2.047800
75.75,-6.664696,-4.645556
75.76,-12.031402,-8.405755
75.77,0.820405,0.587418
75.78,5.924851,4.157839
75.79,-9.781313,-6.838784
75.80,0.552635,0.393031
75.81,3.173066,2.225718
75.82,-4.309406,-3.013321
75.83,0.431444,0.304242
75.84,1.886948,1.322307
75.85,3.555950,2.490032
75.86,8.943561,6.260965
75.87,8.524573,5.967428
75.88,7.919176,5.543525
75.89,1.319821,0.923943
75.90,9.257219,6.480154
75.91,-12.623727,-8.836431
75.92,4.433046,3.103411
75.93,0.667281,0.467485
75.94,7.040889,4.929114
75.95,4.284790,2.999932
75.96,-7.330789,-5.130908
75.97,7.913152,5.539889
75.98,1.988668,1.392760
75.99,6.093876,4.266388
76.00,6.939761,4.858465
76.01,-3.273176,-2.290654
76.02,9.081023,6.357206
76.03,7.403384,5.182769
76.04,3.927344,2.749446
76.05,5.604738,3.923526
76.06,-3.568891,-2.498108
76.07,-0.181035,-0.126699
76.08,-2.839788,-1.987913
76.09,3.756769,2.629589
76.10,-1.532473,-1.072974
76.11,5.177937,3.624204
76.12,-3.509478,-2.457124
76.13,5.829272,4.079821
76.14,-5.240239,-3.669079
76.15,8.785837,6.148848
76.16,0.433558,0.301817
76.17,2.535678,1.772730
76.18,6.535459,4.571842
76.19,1.637072,1.142043
76.20,17.854940,12.493395
76.21,12.832833,8.976509
76.22,9.315146,6.512429
76.23,2.707479,1.885049
76.24,4.217410,2.939642
76.25,2.690611,1.868159
76.26,6.152399,4.288300
76.27,10.454778,7.296453
76.28,12.131966,8.466559
76.29,8.892477,6.194576
76.30,-11.756561,-8.264506
76.31,-10.026483,-7.058612
76.32,2.302244,1.565949
76.33,11.412239,7.937033
76.34,5.562145,3.835722
76.35,8.438479,5.842619
76.36,5.014487,3.439043
76.37,-3.075365,-2.230826
76.38,1.720182,1.118956
76.39,-1.376007,-1.055539
76.40,8.784060,6.049358
76.41,-0.718417,-0.609437
76.42,15.339953,10.624534
76.43,2.729090,1.790300
76.44,5.897595,4.001966
76.45,-10.859961,-7.734177
76.46,-1.178720,-0.962645
76.47,4.877887,3.272247
76.48,7.173795,4.875337
76.49,-3.152737,-2.356518
76.50,10.641171,7.296771
76.51,-1.144073,-0.954442
76.52,2.616820,1.677601
76.53,8.664322,5.911283
76.54,14.042277,9.677334
76.55,1.999719,1.250108
76.56,7.307560,4.969266
76.57,6.879131,4.674147
76.58,0.510557,0.222038
76.59,15.879475,10.987270
76.60,0.100541,-0.049921
76.61,7.300907,4.999434
76.62,1.785005,1.148393
76.63,13.276460,9.203435
76.64,7.677432,5.296006
76.65,-1.094589,-0.831725
76.66,2.131433,1.439884
76.67,9.430510,6.563252
76.68,14.289067,9.978780
76.69,7.747143,5.414397
76.70,13.334005,9.340486
76.71,9.054224,6.360143
76.72,-5.683952,-3.940967
76.73,4.865742,3.459439
76.74,6.741944,4.788300
76.75,14.693807,10.369924
76.76,-2.805352,-1.864466
76.77,5.715420,4.114704
76.78,-4.510877,-3.029553
76.79,-2.474905,-1.590783
76.80,3.526856,2.623404
76.81,4.054583,3.005063
76.82,7.776736,5.622058
76.83,8.487686,6.130396
76.84,14.670367,10.468086
76.85,14.145057,10.109287
76.86,10.932343,7.868380
76.87,4.704257,3.515766
76.88,-3.907432,-2.506331
76.89,12.242856,8.803986
76.90,6.836333,5.023563
76.91,6.810440,5.008611
76.92,-1.697199,-0.944528
76.93,11.148199,8.048505
76.94,12.900578,9.275483
76.95,1.094456,1.010585
76.96,4.874525,3.655111
76.97,5.511641,4.098678
76.98,-6.083771,-4.021401
76.99,-3.318274,-2.089700
77.00,11.503378,8.280468
77.01,-0.802159,-0.339223
77.02,5.848645,4.309713
77.03,8.850124,6.403321
77.04,11.477793,8.234475
77.05,1.330274,1.122219
77.06,-2.931957,-1.871105
77.07,-8.045476,-5.461092
77.08,-10.852278,-7.437131
77.09,17.657592,12.507755
77.10,-5.362395,-3.618995
77.11,-0.876627,-0.492444
77.12,0.187931,0.238546
77.13,-0.697187,-0.395934
77.14,5.253282,3.753815
77.15,-1.898692,-1.268801
77.16,-1.820789,-1.231131
77.17,9.913489,6.965406
77.18,11.349073,7.952305
77.19,1.167640,0.806785
77.20,7.856840,5.470256
77.21,3.701929,2.542459
77.22,-9.799698,-6.928360
77.23,4.365185,2.967134
77.24,-5.608551,-4.034565
77.25,5.735852,3.886368
77.26,1.006259,0.555535
77.27,8.532611,5.804003
77.28,6.093906,4.077180
77.29,5.110953,3.369750
77.30,-4.188922,-3.159039
77.31,10.184097,6.883808
77.32,11.728914,7.947649
77.33,0.249387,-0.104689
77.34,-2.412577,-1.983746
77.35,1.785782,0.940533
77.36,-1.162568,-1.136655
77.37,0.609437,0.091750
77.38,4.176859,2.578402
77.39,-1.444818,-1.365761
77.40,-1.941069,-1.720478
77.41,5.940952,3.791327
77.42,-1.496836,-1.418933
77.43,4.099625,2.496645
77.44,2.875293,1.639576
77.45,-1.000080,-1.071278
77.46,14.998133,10.131341
77.47,11.736933,7.854338
77.48,-3.029801,-2.474581
77.49,-3.700766,-2.934528
77.50,-0.784246,-0.881339
77.51,2.140180,1.179228
77.52,6.941199,4.555185
77.53,13.781108,9.360063
77.54,7.305042,4.845364
77.55,8.680140,5.827984
77.56,22.256250,15.352702
77.57,5.666611,3.762664
77.58,8.590297,5.833091
77.59,16.128111,11.134410
77.60,2.373931,1.532192
77.61,0.600486,0.317204
77.62,5.706837,3.918638
77.63,-2.475902,-1.781874
77.64,1.367356,0.936080
77.65,0.449188,0.321154
77.66,7.692052,5.418925
77.67,-1.537429,-1.014114
77.68,2.725738,1.997395
77.69,-3.102845,-2.055757
77.70,-7.885814,-5.377543
77.71,-3.792553,-2.486650
77.72,1.169755,1.011784
77.73,4.198776,3.156018
77.74,12.335290,8.874505
77.75,5.946043,4.423878
77.76,3.699622,2.872069
77.77,-8.629419,-5.738808
77.78,1.832046,1.602372
77.79,1.385848,1.306834
77.80,0.599483,0.771774
77.81,19.341835,13.905370
77.82,9.719872,7.182459
77.83,11.113866,8.169203
77.84,7.409322,5.585427
77.85,11.565672,8.502713
77.86,-1.224212,-0.443946
77.87,-5.202392,-3.224007
77.88,19.574427,14.122824
77.89,-1.630311,-0.719047
77.90,9.264180,6.906924
77.91,2.136947,1.916069
77.92,13.406638,9.801441
77.93,10.038174,7.438488
77.94,16.078738,11.660242
77.95,7.692152,5.781387
77.96,8.067903,6.034576
77.97,0.730826,0.887205
77.98,-5.238839,-3.304539
77.99,7.144448,5.349242
78.00,-8.473523,-5.599372
78.01,5.774591,4.356787
78.02,-0.347156,0.052595
78.03,1.907786,1.610678
78.04,4.255499,3.232341
78.05,0.871471,0.840480
78.06,0.017082,0.218125
78.07,0.913761,0.820345
78.08,0.501256,0.505042
78.09,5.836796,4.212364
78.10,14.776838,10.441924
78.11,12.794584,9.025067
78.12,-0.782542,-0.508898
78.13,7.550874,5.293938
78.14,3.259903,2.259252
78.15,10.187747,7.077420
78.16,11.513617,7.974032
78.17,13.302648,9.194831
78.18,11.624345,7.988622
78.19,5.047175,3.353490
78.20,0.730180,0.300925
78.21,13.245107,9.031311
78.22,11.095238,7.497112
78.23,1.500498,0.752437
78.24,8.440943,5.583487
78.25,11.295040,7.555349
78.26,-2.054080,-1.813633
78.27,7.392296,4.775791
78.28,7.547430,4.863044
78.29,4.107117,2.435319
78.30,0.738607,0.059812
78.31,8.964090,5.802172
78.32,17.777003,11.957907
78.33,-0.876342,-1.110477
78.34,4.486422,2.634754
78.35,6.837147,4.273960
78.36,8.452457,5.400822
78.37,10.535394,6.857504
78.38,5.719559,3.487543
78.39,8.893458,5.712896
78.40,4.561932,2.686938
78.41,4.951406,2.968138
78.42,13.319674,8.836909
78.43,14.161745,9.439698
78.44,2.364052,1.196939
78.45,6.193342,3.895270
78.46,7.699441,4.969474
78.47,9.027265,5.920882
78.48,8.680734,5.702124
78.49,1.910181,0.988304
78.50,1.154855,0.486762
78.51,7.081370,4.663987
78.52,1.118573,0.520022
78.53,9.234138,6.232088
78.54,2.668067,1.668029
78.55,9.756619,6.663071
78.56,10.043166,6.897411
78.57,14.160777,9.814039
78.58,0.693805,0.421843
78.59,1.066838,0.717874
78.60,6.593437,4.621471
78.61,9.113926,6.420706
78.62,-3.274521,-2.216550
78.63,10.587780,7.521338
78.64,11.894400,8.469726
78.65,2.618282,2.009540
78.66,-7.323366,-4.917307
78.67,15.500942,11.091099
78.68,8.910556,6.508184
78.69,3.252493,2.576742
78.70,4.650229,3.583100
78.71,-2.875869,-1.658591
78.72,7.540601,5.658055
78.73,7.819444,5.876808
78.74,15.022287,10.940721
78.75,-1.977545,-0.938959
78.76,8.713959,6.563499
78.77,8.145608,6.182194
78.78,13.960488,10.267219
78.79,3.312493,2.826244
78.80,0.407287,0.803179
78.81,3.254637,2.804815
78.82,10.794092,8.088796
78.83,10.334061,7.770970
78.84,5.296747,4.246853
78.85,5.137218,4.134971
78.86,7.125506,5.524329
78.87,-9.909869,-6.405115
78.88,-5.044357,-3.006179
78.89,3.700729,3.106228
78.90,-1.566364,-0.592109
78.91,3.822400,3.166463
78.92,9.018006,6.787665
78.93,12.544912,9.238658
78.94,-8.097443,-5.230897
78.95,12.167770,8.932840
78.96,9.137739,6.787974
78.97,12.108405,8.841742
78.98,0.856429,0.937899
78.99,3.665123,2.874864
79.00,11.042123,8.008094
79.01,-5.335834,-3.488577
79.02,4.445251,3.324782
79.03,2.143654,1.679100
79.04,-3.391935,-2.231392
79.05,-5.040457,-3.421798
79.06,3.057719,2.209785
79.07,3.995599,2.828627
79.08,6.012071,4.202125
79.09,1.835679,1.240436
79.10,5.743480,3.937680
79.11,7.333702,5.012801
79.12,4.566143,3.037842
79.13,10.041049,6.833158
79.14,5.899483,3.897678
79.15,-0.154150,-0.375333
79.16,1.730170,0.909316
79.17,13.471595,9.095204
79.18,1.093781,0.399060
79.19,17.203183,11.645559
79.20,6.279532,3.970668
79.21,3.843955,2.239320
79.22,-3.944069,-3.236718
79.23,3.550452,1.987173
79.24,-4.871991,-3.928552
79.25,3.151592,1.670300
79.26,10.628454,6.888893
79.27,-8.069893,-6.212640
79.28,8.578609,5.431200
79.29,1.580129,0.524780
79.30,3.936429,2.169367
79.31,-2.759145,-2.519679
79.32,1.098823,0.181438
79.33,-5.233883,-4.248241
79.34,19.460539,13.043725
79.35,-3.297036,-2.878087
79.36,10.556377,6.830365
79.37,-2.236211,-2.110871
79.38,2.135542,0.965374
79.39,12.319466,8.112498
79.40,-3.116932,-2.672335
79.41,-3.238722,-2.734778
79.42,3.181909,1.784529
79.43,6.150469,3.889322
79.44,0.443607,-0.076872
79.45,-6.557855,-4.947611
79.46,4.973055,3.155846
79.47,7.826526,5.186488
79.48,8.844231,5.933335
79.49,-1.406778,-1.206829
79.50,0.466907,0.141226
79.51,4.283158,2.849850
79.52,15.562986,10.783592
79.53,10.205401,7.071596
79.54,3.321394,2.291393
79.55,-2.149908,-1.499790
79.56,3.109575,2.220540
79.57,10.828859,7.662534
79.58,2.296290,1.727873
79.59,10.294769,7.364430
79.60,6.942864,5.055047
79.61,-2.803620,-1.731365
79.62,-0.743811,-0.254345
79.63,3.018286,2.413158
79.64,0.564502,0.728283
79.65,1.435169,1.369126
79.66,9.514206,7.054299
79.67,-0.164821,0.307172
79.68,20.753930,14.976713
79.69,-5.041766,-3.055749
79.70,2.777519,2.440279
79.71,1.994293,1.912451
79.72,1.798134,1.793383
79.73,4.802669,3.912528
79.74,7.580089,5.870345
79.75,-0.104526,0.502325
79.76,-0.196860,0.446432
79.77,0.756947,1.120321
79.78,6.582733,5.202044
79.79,0.224231,0.752188
79.80,2.961419,2.666723
79.81,-7.053393,-4.347739
79.82,0.371477,0.842990
79.83,13.164110,9.788585
79.84,-2.981084,-1.524836
79.85,16.795798,12.304702
79.86,2.788948,2.483187
79.87,16.029731,11.732641
79.88,7.926828,6.039218
79.89,3.393679,2.842415
79.90,1.565306,1.536846
79.91,4.408163,3.499138
79.92,3.308829,2.700016
79.93,3.715242,2.953167
79.94,-8.010678,-5.287928
79.95,7.896763,5.812863
79.96,11.655549,8.408283
79.97,10.042150,7.242021
79.98,7.603558,5.497137
79.99,2.093604,1.601486
80.00,2.582232,1.904204
80.01,4.415124,3.147447
80.02,3.177524,2.241068
80.03,1.787613,1.227975
80.04,17.343602,12.077101
80.05,2.195942,1.433944
80.06,-3.675452,-2.715375
80.07,4.854228,3.216690
80.08,3.154533,1.988999
80.09,-5.653630,-4.213639
80.10,-5.672957,-4.262947
80.11,10.815172,7.244273
80.12,-7.673798,-5.731015
80.13,-0.337275,-0.626849
80.14,2.410395,1.266869
80.15,-4.359178,-3.499604
80.16,-5.718955,-4.477217
80.17,9.853477,6.399831
80.18,-3.535928,-2.994192
80.19,6.762571,4.195628
80.20,3.151250,1.650963
80.21,9.885812,6.350877
80.22,8.033507,5.042505
80.23,15.295707,10.116854
80.24,-8.132796,-6.289684
80.25,9.045064,5.730861
80.26,0.392056,-0.327557
80.27,14.934446,9.853448
80.28,10.348996,6.647600
80.29,2.934191,1.463821
80.30,6.402421,3.900748
80.31,14.844066,9.821608
80.32,-1.038629,-1.282083
80.33,-1.552020,-1.624838
80.34,-3.296363,-2.826910
80.35,11.589686,7.614557
80.36,-1.403511,-1.457276
80.37,6.846573,4.343257
80.38,4.690061,2.861129
80.39,0.510527,-0.035277
80.40,0.183555,-0.233179
80.41,-9.447060,-6.942057
80.42,-4.682675,-3.573002
80.43,-4.649763,-3.514693
80.44,0.747716,0.299944
80.45,-4.214747,-3.136408
80.46,4.345114,2.893676
80.47,7.477173,5.124939
80.48,-8.897818,-6.298261
80.49,0.900873,0.600413
80.50,8.106537,5.684092
80.51,0.352230,0.295739
80.52,2.169820,1.607486
80.53,-7.942104,-5.431828
80.54,4.325785,3.194150
80.55,-6.617138,-4.428189
80.56,7.209708,5.287396
80.57,8.300417,6.086604
80.58,0.849678,0.905558
80.59,-1.541818,-0.735411
80.60,14.764676,10.710668
80.61,12.265639,8.991192
80.62,-0.813859,-0.136425
80.63,6.903007,5.291470
80.64,7.743712,5.903991
80.65,-3.446766,-1.907483
80.66,6.263198,4.909088
80.67,7.603188,5.864328
80.68,-5.107992,-3.018678
80.69,-0.437033,0.263324
80.70,1.764085,1.813895
80.71,-6.560759,-4.006289
80.72,5.128852,4.181035
80.73,-1.677152,-0.581198
80.74,-4.768055,-2.745491
80.75,3.172498,2.809614
80.76,0.022082,0.598440
80.77,-5.918772,-3.568609
80.78,-2.430942,-1.138105
80.79,-1.901380,-0.780855
80.80,-8.998341,-5.764573
80.81,5.165939,4.132253
80.82,-0.289633,0.292947
80.83,-6.942656,-4.386715
80.84,4.804860,3.811967
80.85,7.463075,5.646220
80.86,5.664432,4.358878
80.87,0.002313,0.365438
80.88,-2.403749,-1.350292
80.89,-0.736797,-0.216298
80.90,-9.978252,-6.719428
80.91,-2.542309,-1.549464
80.92,-0.890218,-0.429128
80.93,-5.716047,-3.844107
80.94,-6.001208,-4.081228
80.95,10.880432,7.697966
80.96,5.225779,3.701473
80.97,1.660207,1.167218
80.98,-17.487977,-12.274817
80.99,0.014955,-0.060862
81.00,10.825438,7.468752
81.01,-4.312623,-3.165082
81.02,5.338899,3.554480
81.03,3.289457,2.084211
81.04,5.260370,3.429184
81.05,7.338999,4.850697
81.06,2.079137,1.136546
81.07,-3.803291,-3.011985
81.08,-4.918883,-3.822186
81.09,-5.828574,-4.486588
81.10,-11.184231,-8.261380
81.11,4.730575,2.855046
81.12,0.231653,-0.316139
81.13,10.072359,6.552506
81.14,3.323534,1.810656
81.15,4.860804,2.871326
81.16,-6.456017,-5.063546
81.17,1.741768,0.664185
81.18,11.371804,7.396919
81.19,-5.837424,-4.655364
81.20,2.075695,0.880489
81.21,3.847826,2.120164
81.22,-4.177741,-3.496033
81.23,-7.964470,-6.142528
81.24,8.111928,5.117665
81.25,-7.600162,-5.871611
81.26,5.304560,3.173316
81.27,2.098016,0.942743
81.28,-0.155185,-0.618162
81.29,6.335293,3.943765
81.30,3.151923,1.736173
81.31,-4.239552,-3.415009
81.32,-4.009633,-3.229234
81.33,-8.385011,-6.265297
81.34,-2.388529,-2.039307
81.35,-3.667037,-2.904190
81.36,-4.848933,-3.699963
81.37,7.838045,5.213814
81.38,3.490510,2.204619
81.39,9.569565,6.495063
81.40,1.479212,0.867788
81.41,1.612528,0.997778
81.42,3.264113,2.191081
81.43,-7.272331,-5.146881
81.44,-2.188139,-1.550222
81.45,1.915123,1.359788
81.46,-11.436045,-7.948478
81.47,0.949798,0.758816
81.48,-9.151062,-6.275105
81.49,5.638875,4.113843
81.50,2.103431,1.674167
81.51,3.686984,2.816775
81.52,6.870246,5.078007
81.53,-2.146938,-1.202391
81.54,-10.812347,-7.238005
81.55,8.283595,6.157734
81.56,-3.616335,-2.145353
81.57,-8.739892,-5.706808
81.58,1.051572,1.170316
81.59,-0.159034,0.343960
81.60,-11.047387,-7.258932
81.61,6.484906,5.030441
81.62,2.980464,2.591849
81.63,4.760092,3.849806
81.64,4.189816,3.460488
81.65,-8.272865,-5.255883
81.66,-5.130074,-3.050811
81.67,-3.850432,-2.152338
81.68,4.718914,3.846538
81.69,-0.145475,0.439424
81.70,-4.704698,-2.756424
81.71,-1.510574,-0.527245
81.72,4.127058,3.410118
81.73,-8.019003,-5.103322
81.74,-5.478750,-3.338497
81.75,4.496646,3.628844
81.76,7.533487,5.737189
81.77,-12.979100,-8.640986
81.78,0.351864,0.669497
81.79,8.750975,6.525953
81.80,11.232729,8.238636
81.81,0.605030,0.773187
81.82,-10.090937,-6.741448
81.83,-5.641759,-3.655761
81.84,1.725259,1.471260
81.85,-0.444792,-0.078696
81.86,14.334294,10.234848
81.87,3.398635,2.547306
81.88,5.608636,4.061099
81.89,-0.085353,0.041609
81.90,-0.855557,-0.531583
81.91,-1.313681,-0.886530
81.92,-8.919072,-6.244633
81.93,-2.113387,-1.514912
81.94,2.451767,1.646650
81.95,2.589192,1.709155
81.96,4.901305,3.294435
81.97,-11.788313,-8.420866
81.98,-1.117973,-0.983429
81.99,2.942055,1.827689
82.00,3.417558,2.130672
82.01,-4.131284,-3.182227
82.02,-10.644068,-7.768602
82.03,5.223741,3.312838
82.04,2.090729,1.095220
82.05,9.009169,5.915242
82.06,1.689797,0.770523
82.07,-8.041622,-6.060807
82.08,4.186661,2.481564
82.09,-3.254436,-2.742639
82.10,-3.996463,-3.275429
82.11,-14.421099,-10.583919
82.12,-8.902622,-6.730049
82.13,-4.041467,-3.334078
82.14,-2.817434,-2.481832
82.15,0.676861,-0.038118
82.16,-5.011363,-4.019868
82.17,-14.695337,-10.796343
82.18,-4.663776,-3.769652
82.19,-10.792491,-8.052883
82.20,8.322250,5.336548
82.21,2.738252,1.439059
82.22,0.373478,-0.202828
82.23,3.393015,1.926384
82.24,-9.205423,-6.874981
82.25,-5.920456,-4.556043
82.26,9.143034,6.009687
82.27,1.668528,0.800541
82.28,-4.529676,-3.513585
82.29,-1.763787,-1.551360
82.30,-4.543174,-3.469470
82.31,12.182234,8.266999
82.32,-4.415292,-3.321505
82.33,-11.496092,-8.247365
82.34,-2.134442,-1.662724
82.35,-9.157780,-6.546945
82.36,-6.834276,-4.887899
82.37,3.276583,2.222613
82.38,-11.540759,-8.116454
82.39,-15.858042,-11.105475
82.40,-13.863166,-9.676137
82.41,-8.386991,-5.810195
82.42,-4.425513,-3.004995
82.43,-14.767109,-10.212550
82.44,-4.497182,-2.992781
82.45,7.680929,5.561837
82.46,3.112044,2.392547
82.47,-5.423787,-3.554739
82.48,-5.094645,-3.297793
82.49,4.464876,3.419058
82.50,-5.229312,-3.343147
82.51,-4.987673,-3.151827
82.52,-15.506969,-10.494798
82.53,-2.935546,-1.675980
82.54,-6.878808,-4.419220
82.55,-6.083359,-3.847200
82.56,0.614486,0.854611
82.57,-3.679760,-2.139968
82.58,-2.058089,-0.995362
82.59,-10.634811,-6.991610
82.60,-2.928296,-1.591585
82.61,1.867923,1.769233
82.62,3.303019,2.775270
82.63,7.880173,5.978761
82.64,-8.773029,-5.680964
82.65,3.115351,2.636477
82.66,1.744944,1.670857
82.67,1.704124,1.634079
82.68,-6.354613,-4.017066
82.69,0.048351,0.453210
82.70,3.908340,3.141689
82.71,-16.585156,-11.218920
82.72,0.308444,0.589858
82.73,-6.882009,-4.461705
82.74,-5.223368,-3.320329
82.75,-4.583521,-2.893448
82.76,-3.898649,-2.436302
82.77,-9.947016,-6.693581
82.78,8.775555,6.387736
82.79,-9.008153,-6.086302
82.80,-15.117361,-10.389045
82.81,-2.392767,-1.508872
82.82,3.555658,2.627346
82.83,-4.647661,-3.143178
82.84,-4.774944,-3.260880
82.85,-7.315389,-5.068083
82.86,-0.698077,-0.465022
82.87,-5.215381,-3.656236
82.88,-1.837171,-1.320511
82.89,-8.711165,-6.161128
82.90,-18.340207,-12.929953
82.91,-9.781010,-6.966562
82.92,-5.974251,-4.329308
82.93,-4.097342,-3.042258
82.94,-2.810230,-2.167256
82.95,8.161252,5.487730
82.96,-11.808950,-8.515426
82.97,-8.314815,-6.092400
82.98,1.486053,0.746591
82.99,-8.704140,-6.406812
83.00,-2.041039,-1.761465
83.01,-8.474136,-6.281927
83.02,-8.150684,-6.071193
83.03,-12.320660,-9.004175
83.04,-12.999670,-9.491732
83.05,-13.890909,-10.126042
83.06,0.238056,-0.244357
83.07,5.805519,3.646170
83.08,-6.545601,-5.004390
83.09,1.091524,0.338764
83.10,3.379129,1.939205
83.11,-11.456052,-8.444353
83.12,-7.914464,-5.962232
83.13,1.074319,0.334845
83.14,-6.180444,-4.736670
83.15,-6.130364,-4.692945
83.16,-6.622152,-5.026727
83.17,-1.467992,-1.406605
83.18,-1.117321,-1.147250
83.19,0.767936,0.187913
83.20,3.589535,2.180028
83.21,-2.756596,-2.243844
83.22,1.582985,0.813608
83.23,-9.115575,-6.654418
83.24,-19.783726,-14.100045
83.25,-6.755342,-4.957098
83.26,-5.965719,-4.380403
83.27,-19.398064,-13.758325
83.28,-10.433039,-7.457452
83.29,-9.713608,-6.927981
83.30,-2.200972,-1.642879
83.31,3.380978,2.291002
83.32,0.856125,0.550259
83.33,-2.029961,-1.443336
83.34,-2.622963,-1.831883
83.35,-10.320172,-7.193603
83.36,-13.274526,-9.235672
83.37,-17.068464,-11.865909
83.38,-10.653995,-7.350828
83.39,-6.190265,-4.201938
83.40,-14.066044,-9.691475
83.41,1.320026,1.101415
83.42,-1.325549,-0.728802
83.43,-12.143678,-8.280845
83.44,0.673546,0.710743
83.45,-6.655836,-4.401480
83.46,-8.324858,-5.552704
83.47,-16.774721,-11.451828
83.48,-10.941183,-7.353934
83.49,-14.765750,-10.018124
83.50,-6.773635,-4.412087
83.51,0.170372,0.458790
83.52,-1.053365,-0.389266
83.53,-5.246863,-3.317689
83.54,-8.277032,-5.433331
83.55,-8.330921,-5.467136
83.56,5.398655,4.145920
83.57,-7.964072,-5.207196
83.58,7.136969,5.362771
83.59,-11.816848,-7.907204
83.60,-5.759236,-3.670702
83.61,-9.395191,-6.221197
83.62,2.642486,2.198382
83.63,-10.253557,-6.837080
83.64,10.067742,7.378200
83.65,-2.577836,-1.484686
83.66,-2.249160,-1.266898
83.67,0.902113,0.925457
83.68,-0.160806,0.166688
83.69,-4.582015,-2.944012
83.70,-12.426623,-8.452152
83.71,-5.287654,-3.472775
83.72,4.107689,3.085150
83.73,4.154783,3.098469
83.74,2.900119,2.199810
83.75,3.460743,2.571190
83.76,0.592745,0.541964
83.77,-7.962397,-5.468739
83.78,-1.877369,-1.231706
83.79,9.993135,7.054877
83.80,-5.142975,-3.563353
83.81,-10.864169,-7.591224
83.82,5.112762,3.569611
83.83,-5.042090,-3.561678
83.84,2.206184,1.489446
83.85,-10.896950,-7.705087
83.86,-7.212400,-5.147813
83.87,-11.236758,-7.986245
83.88,-12.812809,-9.110238
83.89,-3.902260,-2.892889
83.90,-3.461973,-2.603912
83.91,-12.836618,-9.184487
83.92,-11.247484,-8.089433
83.93,-18.374259,-13.094453
83.94,-2.142325,-1.747242
83.95,-2.831295,-2.243461
83.96,8.251585,5.501880
83.97,-5.056618,-3.825218
83.98,-11.355871,-8.244684
83.99,0.460739,0.018363
84.00,3.110592,1.866121
84.01,-9.076000,-6.670165
84.02,-5.592728,-4.236060
84.03,2.814909,1.646597
84.04,-9.548099,-7.008700
84.05,3.425030,2.072794
84.06,6.629953,4.318023
84.07,-13.025123,-9.437285
84.08,-12.000893,-8.715648
84.09,-7.893233,-5.834211
84.10,-3.668697,-2.869605
84.11,-17.059702,-12.234569
84.12,0.135927,-0.187634
84.13,-6.745632,-4.993537
84.14,-11.430662,-8.260739
84.15,-0.190247,-0.379070
84.16,-14.955148,-10.700134
84.17,-0.827587,-0.795567
84.18,-10.423718,-7.496756
84.19,-5.587231,-4.094367
84.20,-1.811328,-1.433729
84.21,-4.922672,-3.593592
84.22,-0.913234,-0.768426
84.23,-2.763672,-2.044778
84.24,-4.100413,-2.961239
84.25,-18.688473,-13.153410
84.26,5.492373,3.792780
84.27,-2.559302,-1.823758
84.28,-10.827853,-7.592157
84.29,-11.673832,-8.164890
84.30,-5.301394,-3.684947
84.31,-13.895208,-9.681676
84.32,-2.519252,-1.699939
84.33,-2.288700,-1.520434
84.34,-12.806987,-8.865637
84.35,-5.801584,-3.944846
84.36,-12.349017,-8.511692
84.37,1.734482,1.362398
84.38,0.802055,0.724569
84.39,-8.398632,-5.701870
84.40,-6.724850,-4.517056
84.41,-4.860773,-3.199959
84.42,-6.246129,-4.158428
84.43,-12.109595,-8.252577
84.44,-2.740318,-1.684841
84.45,-11.469417,-7.787034
84.46,-5.617289,-3.683458
84.47,-10.268987,-6.933671
84.48,-3.401321,-2.121457
84.49,3.129227,2.453635
84.50,-6.312015,-4.152674
84.51,3.512935,2.726200
84.52,-3.267455,-2.019814
84.53,-14.421270,-9.828370
84.54,1.483492,1.302943
84.55,1.364472,1.216488
84.56,-9.568579,-6.440890
84.57,2.676973,2.125675
84.58,4.043796,3.076078
84.59,-7.730678,-5.173446
84.60,-5.187171,-3.401368
84.61,12.658243,9.081102
84.62,-6.688546,-4.471871
84.63,-1.086254,-0.561339
84.64,-2.693002,-1.697934
84.65,-10.842578,-7.415255
84.66,-12.458403,-8.559636
84.67,-0.950163,-0.517797
84.68,-7.371814,-5.027443
84.69,-9.109865,-6.259061
84.70,-18.570933,-12.897215
84.71,-10.029714,-6.934122
84.72,-4.020522,-2.743727
84.73,-2.718675,-1.848679
84.74,-7.879444,-5.477592
84.75,-0.649120,-0.432794
84.76,-7.346125,-5.137106
84.77,-14.563013,-10.205238
84.78,-15.337972,-10.763848
84.79,-10.352921,-7.290206
84.80,-3.596811,-2.576504
84.81,-8.530174,-6.045044
84.82,-11.697012,-8.276560
84.83,-13.553677,-9.590432
84.84,-2.899154,-2.145888
84.85,-7.786020,-5.579671
84.86,-7.580207,-5.447879
84.87,9.303665,6.359306
84.88,0.060017,-0.121974
84.89,-8.028827,-5.794049
84.90,-17.150332,-12.188106
84.91,-8.570827,-6.190541
84.92,-7.190659,-5.231569
84.93,-3.206993,-2.449183
84.94,-15.164078,-10.824336
84.95,4.925250,3.233999
84.96,5.170966,3.402812
84.97,-3.405021,-2.602556
84.98,-6.118302,-4.503022
84.99,-1.278925,-1.115624
85.00,-10.680092,-7.695617
85.01,-0.656576,-0.677357
85.02,-5.775305,-4.257714
85.03,-4.053430,-3.048719
85.04,10.726845,7.302057
85.05,1.986636,1.189362
85.06,-10.053909,-7.232736
85.07,-13.073470,-9.339351
85.08,-4.883348,-3.598438
85.09,-5.508413,-4.027451
85.10,-9.622968,-6.898448
85.11,-7.728828,-5.562750
85.12,-15.080157,-10.698324
85.13,-14.335148,-10.165957
85.14,-11.416803,-8.111806
85.15,-15.846147,-11.200644
85.16,-4.690898,-3.379929
85.17,1.044614,0.647249
85.18,2.722119,1.834046
85.19,3.456048,2.360506
85.20,-7.972540,-5.626688
85.21,2.592939,1.782018
85.22,-14.077760,-9.874606
85.23,7.208847,5.038826
85.24,3.712932,2.604378
85.25,1.185328,0.847581
85.26,-3.983146,-2.758043
85.27,-3.585826,-2.467880
85.28,-10.743253,-7.466357
85.29,1.894018,1.391090
85.30,-5.876246,-4.037146
85.31,-0.375250,-0.175951
85.32,-11.090318,-7.666492
85.33,2.111236,1.584074
85.34,-10.259256,-7.066357
85.35,-11.117869,-7.659070
85.36,0.872191,0.741662
85.37,-17.099753,-11.831663
85.38,6.026468,4.363049
85.39,-8.435777,-5.754863
85.40,-3.584205,-2.353819
85.41,-2.383831,-1.509346
85.42,-3.936616,-2.592827
85.43,0.760128,0.697612
85.44,1.240021,1.035500
85.45,-3.190820,-2.064882
85.46,-5.313717,-3.550459
85.47,-4.482375,-2.968817
85.48,3.053838,2.305493
85.49,-9.945483,-6.795799
85.50,-0.203507,0.021103
85.51,2.230869,1.721990
85.52,-8.545248,-5.825143
85.53,-7.796099,-5.305239
85.54,-3.949967,-2.618068
85.55,-6.073048,-4.109940
85.56,-4.505352,-3.018827
85.57,-8.242137,-5.641377
85.58,-11.550891,-7.964793
85.59,-7.565763,-5.182941
85.60,0.445095,0.416513
85.61,2.323246,1.722706
85.62,-8.675699,-5.985392
85.63,-11.713190,-8.120750
85.64,13.150889,9.274757
85.65,-11.430642,-7.941849
85.66,-11.411259,-7.937957
85.67,1.161693,0.853339
85.68,-1.029488,-0.690305
85.69,0.410102,0.307588
85.70,-4.275739,-2.982279
85.71,1.212411,0.849736
85.72,-14.571516,-10.208573
85.73,-10.272879,-7.208914
85.74,-10.070574,-7.076474
85.75,2.524562,1.731199
85.76,-4.550867,-3.230235
85.77,-2.440726,-1.761445
85.78,0.477044,0.273042
85.79,3.492319,2.376169
85.80,4.560139,3.116495
85.81,-13.776549,-9.725894
85.82,-5.596965,-4.006425
85.83,-14.530548,-10.265689
85.84,-8.102813,-5.771524
85.85,-1.050773,-0.839827
85.86,-3.927832,-2.857965
85.87,-3.772269,-2.752724
85.88,-6.472310,-4.645855
85.89,-10.409655,-7.404541
85.90,3.636833,2.426014
85.91,-3.603226,-2.643455
85.92,0.302350,0.089577
85.93,-12.291537,-8.726463
85.94,-0.741656,-0.641322
85.95,-1.423413,-1.117791
85.96,-5.497450,-3.968333
85.97,1.584518,0.990837
85.98,-8.208269,-5.861828
85.99,-0.373563,-0.374771
86.00,1.356611,0.839569
86.01,-4.252987,-3.083495
86.02,-7.130835,-5.093923
86.03,-2.253631,-1.675426
86.04,-11.676067,-8.266315
86.05,2.172981,1.433170
86.06,7.387001,5.088443
86.07,-6.876483,-4.890260
86.08,-5.338270,-3.807527
86.09,-0.883146,-0.682739
86.10,3.287376,2.243013
86.11,-2.190436,-1.584915
86.12,-3.451785,-2.461197
86.13,-8.775608,-6.181123
86.14,-5.710086,-4.028451
86.15,8.943215,6.235691
86.16,-3.793025,-2.672855
86.17,-5.983688,-4.199535
86.18,-7.746396,-5.426719
86.19,2.372215,1.662919
86.20,-1.022112,-0.706630
86.21,1.871173,1.324989
86.22,-13.047763,-9.112133
86.23,0.877853,0.641717
86.24,-4.578446,-3.172012
86.25,-1.749514,-1.186339
86.26,-0.441199,-0.265382
86.27,4.121910,2.933628
86.28,-5.839158,-4.034606
86.29,3.876482,2.770520
86.30,-3.074294,-2.091196
86.31,0.929830,0.715156
86.32,-2.736039,-1.847860
86.33,-4.359082,-2.981276
86.34,5.913698,4.212000
86.35,-4.001640,-2.726794
86.36,-0.670318,-0.393315
86.37,-10.446289,-7.235327
86.38,7.289550,5.180543
86.39,-7.755176,-5.350360
86.40,5.905394,4.212073
86.41,-3.210900,-2.169661
86.42,-5.227916,-3.582251
86.43,6.468754,4.604401
86.44,-12.855546,-8.923950
86.45,-4.702078,-3.218172
86.46,-3.229542,-2.189337
86.47,10.875935,7.682282
86.48,-1.920224,-1.277499
86.49,-8.948677,-6.200121
86.50,-12.966105,-9.015241
86.51,-4.232391,-2.904755
86.52,3.778716,2.699734
86.53,-10.621402,-7.383787
86.54,7.133950,5.041390
86.55,-5.519524,-3.819719
86.56,-7.640881,-5.308434
86.57,0.225680,0.194325
86.58,-8.493480,-5.912965
86.59,3.132632,2.221407
86.60,-0.965819,-0.651424
86.61,-7.200121,-5.019339
86.62,0.710304,0.514083
86.63,5.459338,3.834578
86.64,7.961855,5.582570
86.65,-1.644021,-1.145236
86.66,-2.359455,-1.649642
86.67,-3.001797,-2.102781
86.68,-7.406444,-5.189418
86.69,-7.563721,-5.302767
86.70,1.469336,1.017254
86.71,-0.590821,-0.427829
86.72,-4.820136,-3.391166
86.73,-11.005399,-7.723504
86.74,-10.623065,-7.458355
86.75,-0.458669,-0.345587
86.76,4.603563,3.195846
86.77,9.657353,6.731554
86.78,9.040909,6.298286
86.79,-1.467165,-1.058933
86.80,-8.830941,-6.214951
86.81,-1.169661,-0.853238
86.82,8.842037,6.153961
86.83,4.211212,2.911586
86.84,-7.757300,-5.466979
86.85,11.434079,7.966568
86.86,4.094440,2.828589
86.87,-11.821787,-8.312819
86.88,8.250955,5.738228
86.89,-17.958404,-12.608022
86.90,-2.670140,-1.905769
86.91,-3.528873,-2.506254
86.92,3.386599,2.335356
86.93,-3.621830,-2.569619
86.94,-11.366406,-7.989762
86.95,-5.914317,-4.172113
86.96,2.903384,2.001580
86.97,-1.830742,-1.310901
86.98,4.922411,3.417808
86.99,-6.332445,-4.459009
87.00,0.693908,0.461090
87.01,8.324830,5.804443
87.02,5.690231,3.961976
87.03,-8.750671,-6.144874
87.04,-4.183544,-2.946087
87.05,3.189487,2.216836
87.06,0.809396,0.552563
87.07,-9.296825,-6.520023
87.08,-0.988030,-0.702135
87.09,-0.588465,-0.420757
87.10,8.323662,5.819354
87.11,-11.380052,-7.971695
87.12,-3.858564,-2.705185
87.13,1.383292,0.965490
87.14,-8.712154,-6.100047
87.15,-4.668651,-3.268428
87.16,-15.285747,-10.699342
87.17,0.240822,0.170189
87.18,5.050293,3.537627
87.19,5.425199,3.800744
87.20,-2.943891,-2.057065
87.21,-3.948592,-2.759929
87.22,9.908098,6.940055
87.23,5.884118,4.123445
87.24,-0.500128,-0.345470
87.25,-3.534166,-2.469353
87.26,8.842858,6.194400
87.27,-4.240928,-2.964514
87.28,-2.898390,-2.025092
87.29,3.898931,2.732597
87.30,10.938376,7.659702
87.31,4.317047,3.024206
87.32,-2.121444,-1.483352
87.33,-2.868643,-2.007040
87.34,-6.669291,-4.668165
87.35,-9.812979,-6.869429
87.36,7.467379,5.226141
87.37,-2.683653,-1.880245
87.38,4.301611,3.008801
87.39,7.833437,5.480480
87.40,0.335525,0.231391
87.41,-5.564742,-3.899285
87.42,3.671374,2.565577
87.43,-0.879234,-0.620190
87.44,-4.124135,-2.891875
87.45,-4.703581,-3.297649
87.46,1.512504,1.053547
87.47,-8.261888,-5.788486
87.48,-5.731053,-4.016755
87.49,-2.750952,-1.930430
87.50,-2.951740,-2.070616
87.51,-3.081029,-2.160644
87.52,3.507436,2.451863
87.53,-2.341854,-1.641952
87.54,4.964429,3.473235
87.55,0.353116,0.246203
87.56,6.762107,4.733476
87.57,0.531235,0.372930
87.58,-0.359516,-0.249451
87.59,4.592490,3.218169
87.60,3.575772,2.507746
87.61,-1.127227,-0.783018
87.62,2.015302,1.418135
87.63,7.582483,5.316580
87.64,-4.662714,-3.253610
87.65,8.667414,6.078946
87.66,-2.706192,-1.881101
87.67,3.479903,2.450643
87.68,-1.605045,-1.107353
87.69,-1.499062,-1.031713
87.70,2.207670,1.564424
87.71,-3.159407,-2.191139
87.72,4.685134,3.301387
87.73,-4.236508,-2.942465
87.74,2.383595,1.692846
87.75,2.373446,1.686915
87.76,-8.610803,-6.000959
87.77,3.152352,2.234271
87.78,1.623004,1.164663
87.79,-1.455487,-0.989437
87.80,-6.186070,-4.300099
87.81,-4.274019,-2.961020
87.82,11.931600,8.383447
87.83,-3.361860,-2.321555
87.84,1.666932,1.198899
87.85,4.163333,2.946557
87.86,-6.322711,-4.393625
87.87,1.154922,0.840633
87.88,-1.011479,-0.676069
87.89,-0.296798,-0.176155
87.90,9.504041,6.683926
87.91,7.974340,5.612480
87.92,-4.624805,-3.207726
87.93,6.227065,4.387624
87.94,0.001211,0.028412
87.95,-2.341787,-1.612958
87.96,18.016156,12.636174
87.97,6.587165,4.634294
87.98,-3.788236,-2.630231
87.99,2.777502,1.963885
88.00,-4.018059,-2.795062
88.01,-2.169947,-1.503588
88.02,-4.757754,-3.317404
88.03,8.250561,5.785923
88.04,5.023277,3.524197
88.05,4.874217,3.417100
88.06,1.483090,1.040437
88.07,6.149650,4.304047
88.08,2.614409,1.826297
88.09,8.813503,6.162498
88.10,6.106012,4.264016
88.11,7.902467,5.518239
88.12,-1.538316,-1.093646
88.13,-3.074100,-2.172058
88.14,-11.408034,-8.009181
88.15,-0.300410,-0.237204
88.16,-5.951831,-4.196529
88.17,4.650880,3.222088
88.18,3.988066,2.754907
88.19,0.793704,0.515731
88.20,4.577229,3.161186
88.21,-1.666198,-1.212095
88.22,5.299066,3.660857
88.23,10.075503,7.001801
88.24,0.190188,0.079706
88.25,-2.039263,-1.483076
88.26,4.603082,3.164623
88.27,17.514353,12.200812
88.28,0.669778,0.408165
88.29,-2.567795,-1.859312
88.30,6.838187,4.723984
88.31,-6.314623,-4.483583
88.32,8.884261,6.155338
88.33,-6.357928,-4.514183
88.34,-2.104691,-1.536592
88.35,1.046759,0.670067
88.36,5.048536,3.472273
88.37,-9.005751,-6.364447
88.38,4.183564,2.869670
88.39,8.258207,5.723828
88.40,8.158993,5.656591
88.41,3.602730,2.469717
88.42,13.460798,9.373161
88.43,4.387522,3.024939
88.44,-1.511294,-1.100900
88.45,-6.983045,-4.927547
88.46,6.227032,4.323316
88.47,3.422587,2.364226
88.48,6.208861,4.318832
88.49,-1.848950,-1.317246
88.50,2.436746,1.687282
88.51,3.170686,2.205715
88.52,7.494800,5.237379
88.53,-2.138977,-1.501393
88.54,-6.475319,-4.531895
88.55,4.796122,3.363093
88.56,-7.184732,-5.018506
88.57,0.723113,0.521981
88.58,0.051621,0.056907
88.59,-8.309983,-5.791296
88.60,3.651325,2.586471
88.61,3.319758,2.359133
88.62,5.710653,4.037405
88.63,5.699921,4.034404
88.64,8.383972,5.917598
88.65,-4.517406,-3.109181
88.66,2.795234,2.013663
88.67,12.713150,8.959990
88.68,-3.788554,-2.587642
88.69,-8.961013,-6.205044
88.70,5.652556,4.027517
88.71,2.549813,1.858389
88.72,2.872677,2.086902
88.73,-0.378209,-0.186506
88.74,7.095451,5.046960
88.75,2.173255,1.603009
88.76,-4.738292,-3.233816
88.77,7.624519,5.421073
88.78,11.439964,8.092464
88.79,9.851191,6.980552
88.80,-0.843619,-0.505941
88.81,3.235335,2.348843
88.82,-0.354144,-0.164637
88.83,-1.710761,-1.115476
88.84,-10.340121,-7.157598
88.85,10.109580,7.155263
88.86,12.875767,9.089305
88.87,1.618717,1.206727
88.88,-4.685794,-3.209421
88.89,-2.362928,-1.586746
88.90,-2.855881,-1.935477
88.91,7.927570,5.608954
88.92,14.460433,10.177665
88.93,1.906591,1.385385
88.94,14.421593,10.141018
88.95,-2.624500,-1.796378
88.96,3.201737,2.276611
88.97,-11.380063,-7.936248
88.98,0.452377,0.340659
88.99,3.260507,2.300370
89.00,3.249734,2.286696
89.01,7.839804,5.493484
89.02,-4.531240,-3.172608
89.03,2.214152,1.542732
89.04,15.477785,10.820798
89.05,-5.482118,-3.857623
89.06,-3.628913,-2.566852
89.07,0.186461,0.097488
89.08,2.379314,1.626142
89.09,-7.412386,-5.234278
89.10,0.809508,0.514961
89.11,7.663777,5.307038
89.12,7.125153,4.924294
89.13,-3.065753,-2.214811
89.14,5.710575,3.923412
89.15,-6.414439,-4.569010
89.16,-6.496798,-4.631254
89.17,-7.939203,-5.645185
89.18,-6.045648,-4.323575
89.19,9.672345,6.675533
89.20,0.998695,0.600902
89.21,9.965134,6.874764
89.22,-9.374621,-6.665264
89.23,1.228805,0.755394
89.24,-12.164826,-8.621416
89.25,17.628075,12.232825
89.26,7.111136,4.870665
89.27,7.672205,5.263601
89.28,15.646784,10.846486
89.29,-3.663554,-2.669581
89.30,3.346759,2.239296
89.31,0.926930,0.547554
89.32,-3.794377,-2.754750
89.33,18.992352,13.199034
89.34,9.579269,6.613397
89.35,-10.583933,-7.496889
89.36,-0.937318,-0.739887
89.37,-0.745667,-0.600964
89.38,-6.808529,-4.839823
89.39,-4.018281,-2.881153
89.40,16.120114,11.221547
89.41,14.607136,10.168589
89.42,2.799050,1.909331
89.43,-5.081079,-3.600110
89.44,17.192461,11.998234
89.45,4.477201,3.104605
89.46,19.048380,13.311641
89.47,-5.190040,-3.647918
89.48,-2.331531,-1.639534
89.49,2.422284,1.695626
89.50,5.905590,4.141457
89.51,4.908020,3.450672
89.52,-5.385443,-3.747275
89.53,13.891931,9.754296
89.54,1.948322,1.401080
89.55,7.858411,5.545320
89.56,1.540773,1.129989
89.57,-5.004040,-3.444557
89.58,11.549650,8.149628
89.59,5.545543,3.953104
89.60,5.769124,4.115684
89.61,-1.086302,-0.677346
89.62,8.029523,5.709170
89.63,7.891016,5.617299
89.64,10.446756,7.411024
89.65,-2.060645,-1.339850
89.66,4.300929,3.117140
89.67,3.889996,2.832936
89.68,5.414883,3.903352
89.69,5.977543,4.299738
89.70,-3.000691,-1.982986
89.71,11.353424,8.066438
89.72,10.792624,7.674915
89.73,-4.728258,-3.189178
89.74,1.852022,1.417022
89.75,2.879727,2.135897
89.76,2.756301,2.048455
89.77,14.662570,10.381275
89.78,7.946506,5.677941
89.79,9.047477,6.446014
89.80,8.704480,6.202802
89.81,14.488318,10.247876
89.82,-2.207153,-1.443054
89.83,0.683225,0.575638
89.84,1.530790,1.163905
89.85,12.283462,8.685311
89.86,0.209959,0.227978
89.87,-1.137400,-0.721445
89.88,2.090270,1.531284
89.89,-0.106765,-0.013619
89.90,-2.360666,-1.598639
89.91,9.827524,6.925525
89.92,-0.122194,-0.047094
89.93,-5.603993,-3.892382
89.94,-1.606748,-1.102517
89.95,-1.224404,-0.843224
89.96,10.018469,7.018336
89.97,-9.446116,-6.615390
89.98,0.857479,0.588584
89.99,12.095499,8.446667
90.00,5.902730,4.103250
90.01,-10.856194,-7.636383
90.02,4.065526,2.800565
90.03,3.292924,2.251657
90.04,-2.527397,-1.830446
90.05,1.217847,0.783592
90.06,15.230866,10.585352
90.07,19.465434,13.542514
90.08,4.871031,3.319746
90.09,4.354600,2.951940
90.10,10.148569,7.001826
90.11,16.229309,11.252893
90.12,1.002567,0.589189
90.13,1.501607,0.934023
90.14,6.420032,4.372939
90.15,-3.556756,-2.614262
90.16,4.805251,3.236241
90.17,-3.716647,-2.731426
90.18,7.154922,4.876908
90.19,11.971789,8.247535
90.20,3.832386,2.549361
90.21,6.277285,4.260791
90.22,12.961411,8.940274
90.23,1.629338,1.009008
90.24,0.793841,0.425932
90.25,9.969599,6.851314
90.26,-2.227724,-1.683892
90.27,13.984629,9.668232
90.28,4.161226,2.795868
90.29,2.695653,1.774508
90.30,10.575901,7.295728
90.31,14.487755,10.039554
90.32,-0.693202,-0.581129
90.33,8.162184,5.624060
90.34,9.828261,6.797137
90.35,4.172454,2.845270
90.36,-0.799317,-0.627428
90.37,10.894807,7.566312
90.38,6.078401,4.202957
90.39,-2.474974,-1.776033
90.40,7.017074,4.876979
90.41,13.977174,9.757796
90.42,-9.643750,-6.767973
90.43,12.310195,8.608760
90.44,6.374392,4.462723
90.45,0.861246,0.612561
90.46,8.595651,6.035661
90.47,6.466031,4.553880
90.48,1.937464,1.392735
90.49,9.696474,6.832752
90.50,6.203890,4.396476
90.51,7.555128,5.350659
90.52,0.212876,0.219146
90.53,-0.415399,-0.212870
90.54,3.816779,2.757107
90.55,9.925212,7.040107
90.56,0.327428,0.328368
90.57,2.400650,1.785915
90.58,-2.385350,-1.558441
90.59,9.685690,6.896659
90.60,-3.162790,-2.092403
90.61,-5.880469,-3.990427
90.62,0.749950,0.654677
90.63,12.192956,8.668032
90.64,-4.484139,-3.003260
90.65,7.748900,5.561952
90.66,11.215206,7.989850
90.67,-0.404636,-0.143163
90.68,-4.734035,-3.173481
90.69,7.136758,5.135718
90.70,3.082444,2.296725
90.71,6.575051,4.739962
90.72,-8.296020,-5.671986
90.73,1.566149,1.228732
90.74,9.238225,6.595795
90.75,1.306124,1.039357
90.76,1.766888,1.357364
90.77,1.381499,1.082522
90.78,-5.275887,-3.583240
90.79,-1.379068,-0.861553
90.80,-5.458872,-3.723974
90.81,11.788263,8.342021
90.82,-2.395946,-1.594337
90.83,2.340288,1.713235
90.84,8.933883,6.320616
90.85,0.681620,0.535587
90.86,9.848115,6.943417
90.87,-6.646633,-4.611856
90.88,1.220990,0.886337
90.89,0.422299,0.317958
90.90,-3.108920,-2.163302
90.91,2.424857,1.700866
90.92,2.663804,1.858627
90.93,5.697226,3.972537
90.94,10.312537,7.193827
90.95,16.207601,11.311044
90.96,10.346120,7.198823
90.97,-0.571709,-0.452659
90.98,3.952332,2.705391
90.99,5.481764,3.767479
91.00,3.937440,2.678239
91.01,12.038563,8.341149
91.02,-6.608157,-4.719058
91.03,3.965363,2.675309
91.04,2.691010,1.776604
91.05,2.967315,1.963827
91.06,6.737990,4.597605
91.07,-10.875273,-7.736854
91.08,-2.786896,-2.079620
91.09,17.244537,11.938317
91.10,0.506808,0.218425
91.11,8.312014,5.679184
91.12,14.039934,9.686455
91.13,12.957346,8.926992
91.14,10.186950,6.986692
91.15,12.559718,8.647241
91.16,13.214298,9.105693
91.17,6.278064,4.251212
91.18,-3.275045,-2.434452
91.19,8.652663,5.917081
91.20,4.506035,3.017195
91.21,8.038214,5.493078
91.22,17.268157,11.957985
91.23,-5.027296,-3.644313
91.24,10.489976,7.222850
91.25,-3.575026,-2.617049
91.26,7.585746,5.201601
91.27,5.479325,3.733696
91.28,-1.126041,-0.883019
91.29,10.606534,7.337245
91.30,10.573530,7.321991
91.31,-2.863479,-2.075712
91.32,1.735947,1.152406
91.33,-6.395661,-4.530918
91.34,6.035689,4.180069
91.35,6.361445,4.417342
91.36,-1.784202,-1.275206
91.37,9.062041,6.326688
91.38,-7.103528,-4.979608
91.39,-3.832089,-2.679963
91.40,0.701579,0.503233
91.41,1.028842,0.741896
91.42,-0.412157,-0.257318
91.43,2.695661,1.927505
91.44,4.411600,3.137836
91.45,-3.416365,-2.332784
91.46,-3.669518,-2.501292
91.47,4.357838,3.126260
91.48,0.043173,0.114062
91.49,-10.472458,-7.239181
91.50,-3.533999,-2.374964
91.51,4.503894,3.258419
91.52,4.956177,3.581408
91.53,1.187944,0.949541
91.54,4.989172,3.615774
91.55,6.318158,4.550893
91.56,0.727979,0.642029
91.57,-2.961845,-1.937172
91.58,-3.921261,-2.605689
91.59,7.587109,5.452629
91.60,2.584643,1.952735
91.61,-0.745288,-0.377018
91.62,7.140027,5.143263
91.63,-1.350905,-0.800469
91.64,13.360137,9.496540
91.65,13.896280,9.870484
91.66,3.553544,2.628582
91.67,2.397773,1.816937
91.68,-5.007523,-3.369985
91.69,12.280443,8.727783
91.70,4.891451,3.551104
91.71,-2.033998,-1.301650
91.72,-3.465387,-2.309096
91.73,14.289221,10.113147
91.74,1.902747,1.436150
91.75,2.926657,2.145970
91.76,3.280091,2.386033
91.77,0.567202,0.479281
91.78,9.185156,6.503764
91.79,11.634484,8.209889
91.80,-6.169268,-4.261425
91.81,-3.154025,-2.159685
91.82,0.840583,0.627405
91.83,12.145159,8.531309
91.84,12.586019,8.830487
91.85,2.521001,1.775468
91.86,0.935083,0.655779
91.87,-1.278412,-0.903214
91.88,-2.737617,-1.934160
91.89,7.133511,4.966210
91.90,11.222057,7.818898
91.91,5.548264,3.838114
91.92,-1.794462,-1.310718
91.93,8.066190,5.583058
91.94,5.786360,3.978779
91.95,13.664867,9.485655
91.96,-2.375490,-1.750321
91.97,-5.962812,-4.268785
91.98,1.347601,0.841584
91.99,13.631478,9.433828
92.00,-1.504460,-1.167321
92.01,8.386434,5.750816
92.02,2.414038,1.565177
92.03,0.468334,0.198773
92.04,1.328949,0.797361
92.05,-5.830104,-4.217233
92.06,-4.589845,-3.351708
92.07,14.156972,9.769019
92.08,8.896420,6.085209
92.09,-0.567644,-0.540433
92.10,3.195849,2.093847
92.11,3.607952,2.382785
92.12,2.586174,1.668636
92.13,18.661419,12.923027
92.14,5.226649,3.521025
92.15,1.604358,0.988366
92.16,6.846098,4.661120
92.17,3.411742,2.261186
92.18,-4.214167,-3.072277
92.19,-9.041242,-6.446018
92.20,4.701586,3.179688
92.21,-8.507984,-6.060796
92.22,12.574095,8.703335
92.23,4.186964,2.839449
92.24,-0.591738,-0.498138
92.25,7.130671,4.915417
92.26,2.283323,1.530470
92.27,4.265328,2.926362
92.28,7.535444,5.224185
92.29,-0.773719,-0.583274
92.30,-4.211392,-2.980517
92.31,3.459938,2.398674
92.32,0.471136,0.315862
92.33,4.946228,3.457824
92.34,-6.665188,-4.660766
92.35,3.521301,2.479142
92.36,2.389679,1.696293
92.37,-5.920264,-4.111502
92.38,6.874060,4.853529
92.39,2.592126,1.864978
92.40,12.034342,8.483091
92.41,5.600410,3.987622
92.42,7.027561,4.994597
92.43,11.560267,8.175111
92.44,-3.584010,-2.418647
92.45,13.410986,9.484673
92.46,-9.270276,-6.385830
92.47,10.368636,7.367318
92.48,-4.434974,-2.989794
92.49,14.939426,10.577182
92.50,-5.624662,-3.813320
92.51,-1.126496,-0.660800
92.52,1.543506,1.211435
92.53,19.368068,13.691278
92.54,11.583484,8.244127
92.55,2.005025,1.540663
92.56,8.409229,6.024458
92.57,4.111990,3.016637
92.58,-1.967140,-1.239114
92.59,-7.559073,-5.154429
92.60,4.097631,3.003706
92.61,9.041247,6.462091
92.62,-0.229691,-0.030288
92.63,0.700844,0.617801
92.64,-8.124280,-5.563619
92.65,-3.381091,-2.247749
92.66,7.940842,5.672733
92.67,2.365765,1.764821
92.68,7.454932,5.321418
92.69,7.851726,5.592918
92.70,-6.616805,-4.541717
92.71,-3.637302,-2.463107
92.72,4.765821,3.411690
92.73,7.378391,5.232786
92.74,-4.343663,-2.980637
92.75,0.441157,0.360508
92.76,6.537799,4.619718
92.77,6.497840,4.583134
92.78,-1.377532,-0.938375
92.79,-7.797977,-5.441531
92.80,6.008443,4.214058
92.81,-3.592304,-2.515390
92.82,3.305644,2.304266
92.83,-13.688601,-9.600556
92.84,-9.861118,-6.930073
92.85,-0.210188,-0.183044
92.86,4.674394,3.227711
92.87,4.858585,3.348401
92.88,-3.117166,-2.242626
92.89,7.829577,5.412370
92.90,14.627475,10.163486
92.91,5.994943,4.113646
92.92,-0.837451,-0.675723
92.93,-0.040919,-0.124441
92.94,3.901988,2.629735
92.95,2.322858,1.518943
92.96,8.113103,5.567193
92.97,-4.917291,-3.558501
92.98,-6.290336,-4.523530
92.99,5.579209,3.781792
93.00,-0.853411,-0.723850
93.01,-11.081440,-7.885712
93.02,3.523763,2.336262
93.03,1.924613,1.215771
93.04,-6.081480,-4.388996
93.05,7.575251,5.170801
93.06,-1.993791,-1.526858
93.07,10.673730,7.341659
93.08,1.201348,0.712819
93.09,14.446578,9.986874
93.10,-10.358172,-7.373504
93.11,0.670073,0.349754
93.12,1.528415,0.954603
93.13,0.119627,-0.027035
93.14,5.373308,3.655537
93.15,-4.540790,-3.278879
93.16,5.265051,3.591094
93.17,17.356657,12.061508
93.18,6.907670,4.753881
93.19,6.645613,4.577447
93.20,12.811920,8.901181
93.21,-6.009289,-4.266072
93.22,2.725040,1.855793
93.23,3.176446,2.179817
93.24,-9.017429,-6.347688
93.25,9.420404,6.567133
93.26,-4.431878,-3.121034
93.27,-13.749144,-9.634636
93.28,-5.168448,-3.619650
93.29,2.235148,1.571344
93.30,0.643570,0.465656
93.31,2.202138,1.564972
93.32,4.231214,2.993508
93.33,11.218768,7.892810
93.34,-1.063035,-0.696644
93.35,8.813799,6.224709
93.36,3.768360,2.700200
93.37,-3.233116,-2.193838
93.38,4.477548,3.210291
93.39,3.696212,2.669661
93.40,2.781394,2.035207
93.41,-1.312633,-0.825102
93.42,-8.792132,-6.055673
93.43,5.810757,4.170975
93.44,-6.036754,-4.118127
93.45,4.779530,3.456942
93.46,14.947957,10.578013
93.47,-4.008565,-2.688892
93.48,10.703413,7.611631
93.49,14.100619,9.991288
93.50,-1.388527,-0.850032
93.51,11.583998,8.231282
93.52,2.571740,1.922713
93.53,1.148729,0.926086
93.54,-6.796227,-4.636431
93.55,-3.969442,-2.659251
93.56,1.125191,0.904910
93.57,4.939130,3.572083
93.58,11.882843,8.429609
93.59,9.900690,7.038554
93.60,-4.078538,-2.750910
93.61,5.672341,4.070261
93.62,1.024566,0.811956
93.63,1.967524,1.466767
93.64,1.423181,1.080095
93.65,3.800280,2.738085
93.66,10.525732,7.439600
93.67,1.712566,1.263790
93.68,-8.480415,-5.878154
93.69,5.572384,3.951714
93.70,-3.307814,-2.271718
93.71,7.351220,5.182141
93.72,2.161828,1.541965
93.73,6.758902,4.752210
93.74,-6.300765,-4.397333
93.75,-4.953602,-3.462132
93.76,0.275500,0.190423
93.77,-4.853753,-3.407837
93.78,-8.804521,-6.181092
93.79,12.025582,8.392363
93.80,-0.858718,-0.634131
93.81,5.921933,4.105007
93.82,-6.266937,-4.434321
93.83,-2.365283,-1.710053
93.84,-9.463547,-6.685468
93.85,-0.481264,-0.404210
93.86,6.682282,4.604248
93.87,4.855026,3.319487
93.88,-8.956155,-6.353654
93.89,6.926016,4.758943
93.90,6.208639,4.252268
93.91,-16.738197,-11.814598
93.92,-7.055794,-5.040549
93.93,6.637209,4.541385
93.94,-2.262096,-1.690821
93.95,7.379485,5.056081
93.96,-2.343903,-1.752000
93.97,7.001910,4.788861
93.98,3.819465,2.560448
93.99,-3.114242,-2.293342
94.00,-3.364420,-2.468155
94.01,3.325174,2.215374
94.02,-3.187008,-2.341842
94.03,0.424503,0.188016
94.04,0.218445,0.046054
94.05,-0.927057,-0.753052
94.06,3.506050,2.353319
94.07,-9.413828,-6.686963
94.08,-7.712561,-5.492027
94.09,-13.355474,-9.437621
94.10,2.207925,1.461577
94.11,-4.365490,-3.134644
94.12,-1.126913,-0.862145
94.13,0.363349,0.186832
94.14,4.850192,3.333687
94.15,-3.275233,-2.347804
94.16,2.446433,1.663882
94.17,-7.200108,-5.081995
94.18,-0.638248,-0.481840
94.19,-3.216007,-2.279299
94.20,-6.186369,-4.351491
94.21,13.402818,9.368057
94.22,1.679689,1.169007
94.23,11.179467,7.825985
94.24,-3.466082,-2.418806
94.25,-8.037548,-5.611807
94.26,6.305357,4.435149
94.27,-2.796844,-1.929598
94.28,5.736284,4.050226
94.29,-2.555814,-1.747796
94.30,3.785823,2.697582
94.31,-14.215115,-9.897082
94.32,-0.224015,-0.097585
94.33,4.832886,3.447686
94.34,-5.332779,-3.663150
94.35,-8.042191,-5.554939
94.36,-0.628750,-0.361081
94.37,-4.356059,-2.966113
94.38,-8.189406,-5.645754
94.39,7.020791,5.004690
94.40,-0.195691,-0.043949
94.41,3.439186,2.502944
94.42,-4.153714,-2.810033
94.43,-9.997313,-6.898933
94.44,-7.802045,-5.361064
94.45,-5.219047,-3.552226
94.46,0.089313,0.163923
94.47,-8.447277,-5.811834
94.48,0.835512,0.685534
94.49,10.480634,7.436101
94.50,4.286414,3.098700
94.51,1.939431,1.453944
94.52,-1.695888,-1.093058
94.53,10.832642,7.674236
94.54,-1.978012,-1.296287
94.55,-7.722007,-5.320519
94.56,-6.105636,-4.192850
94.57,-0.744111,-0.443911
94.58,-7.326574,-5.056082
94.59,-1.679462,-1.107849
94.60,-9.230492,-6.398592
94.61,3.607338,2.582614
94.62,2.039589,1.479686
94.63,1.222262,0.901848
94.64,0.554488,0.428519
94.65,-6.299922,-4.375607
94.66,3.228387,2.288044
94.67,1.346096,0.964178
94.68,-18.113288,-12.663723
94.69,-5.996783,-4.188541
94.70,1.441603,1.011943
94.71,-11.303980,-7.916334
94.72,10.904683,7.623406
94.73,-5.584730,-3.925436
94.74,-3.418430,-2.415178
94.75,-0.530754,-0.399830
94.76,-7.095283,-5.000871
94.77,-3.983659,-2.828426
94.78,-14.203382,-9.987719
94.79,-1.650959,-1.206281
94.80,4.808591,3.310395
94.81,-9.152330,-6.466985
94.82,-11.560399,-8.157075
94.83,-1.939528,-1.426597
94.84,-5.723407,-4.079115
94.85,8.009464,5.530436
94.86,0.169107,0.039084
94.87,-2.691653,-1.966179
94.88,-14.210835,-10.031958
94.89,-1.711301,-1.284246
94.90,-5.154132,-3.695794
94.91,-4.177135,-3.013063
94.92,-2.269964,-1.678807
94.93,-5.024755,-3.607520
94.94,1.266986,0.796743
94.95,-6.229329,-4.450234
94.96,-8.024975,-5.706346
94.97,-0.804889,-0.651057
94.98,3.257884,2.194495
94.99,-0.423483,-0.380480
95.00,-4.950376,-3.546963
95.01,-7.214894,-5.129438
95.02,-8.286064,-5.876236
95.03,1.384053,0.896183
95.04,8.966848,6.207776
95.05,-2.594596,-1.881319
95.06,10.115273,7.019768
95.07,9.183980,6.372282
95.08,-1.578546,-1.156847
95.09,0.125562,0.040864
95.10,3.868128,2.665670
95.11,-10.990557,-7.730249
95.12,-6.262735,-4.415486
95.13,-1.742746,-1.246103
95.14,-4.419601,-3.114433
95.15,1.410510,0.972167
95.16,-5.240170,-3.677757
95.17,3.717659,2.598280
95.18,-6.318689,-4.421627
95.19,-13.164044,-9.207883
95.20,-15.764611,-11.022854
95.21,1.939353,1.375256
95.22,1.279582,0.918638
95.23,-8.481189,-5.908814
95.24,-7.896514,-5.494610
95.25,-9.439625,-6.570032
95.26,-3.062577,-2.101539
95.27,-1.190489,-0.786732
95.28,-1.143103,-0.749448
95.29,3.124222,2.241546
95.30,-10.998052,-7.640443
95.31,-0.480977,-0.275163
95.32,-12.570838,-8.735029
95.33,-3.794756,-2.589035
95.34,-9.581342,-6.637219
95.35,1.180105,0.897901
95.36,0.343377,0.313971
95.37,-3.827229,-2.604005
95.38,4.780619,3.422600
95.39,-3.603107,-2.445236
95.40,-19.359828,-13.474510
95.41,-6.194820,-4.258914
95.42,1.428864,1.077416
95.43,-17.936300,-12.478784
95.44,-0.199069,-0.063639
95.45,-13.111841,-9.103822
95.46,-0.237273,-0.093186
95.47,-17.198890,-11.968189
95.48,-6.501926,-4.482485
95.49,-18.843947,-13.124360
95.50,1.326794,0.992423
95.51,-1.816560,-1.210924
95.52,-1.087504,-0.703831
95.53,-17.535188,-12.220689
95.54,-5.090447,-3.513064
95.55,-7.164821,-4.969018
95.56,-9.810910,-6.825351
95.57,-0.792431,-0.516646
95.58,-14.178342,-9.891155
95.59,9.403649,6.611747
95.60,-5.159101,-3.586768
95.61,-2.991922,-2.074411
95.62,-6.349621,-4.429524
95.63,-15.456141,-10.808848
95.64,3.730765,2.617213
95.65,-2.770460,-1.938408
95.66,-18.177353,-12.727969
95.67,4.727823,3.300970
95.68,3.036346,2.112323
95.69,-12.575413,-8.820430
95.70,-3.841579,-2.711156
95.71,-6.716498,-4.727879
95.72,-1.986083,-1.420720
95.73,2.814466,1.935699
95.74,-6.494246,-4.584181
95.75,-7.142842,-5.041782
95.76,-3.040058,-2.173204
95.77,0.339517,0.189355
95.78,2.682655,1.826647
95.79,-14.965805,-10.529930
95.80,-5.577267,-3.960348
95.81,-5.043155,-3.588596
95.82,4.865874,3.345873
95.83,-4.874900,-3.474237
95.84,-0.166126,-0.179377
95.85,-8.947048,-6.327015
95.86,-12.927830,-9.114263
95.87,4.381186,3.001640
95.88,-2.917636,-2.107652
95.89,-1.347458,-1.008356
95.90,2.955650,2.004279
95.91,-2.626220,-1.902289
95.92,-5.260054,-3.744957
95.93,-17.430652,-12.263091
95.94,2.382555,1.607699
95.95,-3.550394,-2.543569
95.96,-12.655220,-8.914909
95.97,-17.661048,-12.416721
95.98,-0.770769,-0.591040
95.99,5.426802,3.749950
96.00,0.252111,0.130547
96.01,-4.138676,-2.939945
96.02,0.552018,0.346759
96.03,-2.407976,-1.721871
96.04,-17.475328,-12.265523
96.05,-14.746813,-10.351954
96.06,-1.980370,-1.411740
96.07,3.988705,2.770396
96.08,-5.078464,-3.572776
96.09,9.128034,6.375661
96.10,-8.419771,-5.903885
96.11,0.957112,0.663859
96.12,-7.756633,-5.431845
96.13,4.785120,3.351275
96.14,3.377243,2.369613
96.15,-6.755450,-4.719480
96.16,-11.379062,-7.952290
96.17,-9.372757,-6.544248
96.18,-1.154194,-0.787732
96.19,-8.349702,-5.821184
96.20,-14.505165,-10.126740
96.21,-8.061321,-5.612927
96.22,-11.847210,-8.260087
96.23,3.854375,2.733813
96.24,5.912075,4.176812
96.25,-13.897609,-9.687550
96.26,-9.410996,-6.544705
96.27,-2.321226,-1.579859
96.28,-6.280116,-4.349292
96.29,4.946343,3.510798
96.30,1.083245,0.807971
96.31,1.510689,1.108293
96.32,-4.769876,-3.287227
96.33,-2.888962,-1.969946
96.34,-1.829472,-1.227900
96.35,-5.944964,-4.108576
96.36,6.695198,4.739470
96.37,-12.463480,-8.671904
96.38,3.040081,2.180060
96.39,-3.777898,-2.593278
96.40,1.166946,0.867140
96.41,-0.499084,-0.300265
96.42,-8.630288,-5.993498
96.43,-10.968248,-7.631658
96.44,-11.523362,-8.022013
96.45,4.025361,2.860139
96.46,2.777026,1.984183
96.47,7.306981,5.152872
96.48,-8.131699,-5.656628
96.49,-4.918008,-3.409600
96.50,-3.085058,-2.129212
96.51,-7.152277,-4.979049
96.52,2.146737,1.527385
96.53,-8.095277,-5.644981
96.54,3.582613,2.526522
96.55,-4.763759,-3.319010
96.56,-8.566453,-5.984004
96.57,0.143483,0.109821
96.58,-9.723694,-6.800342
96.59,4.244216,2.974063
96.60,-5.662912,-3.964039
96.61,-5.271378,-3.693043
96.62,2.805646,1.957842
96.63,1.550338,1.076155
96.64,-21.023352,-14.728326
96.65,-0.740586,-0.533202
96.66,-18.362128,-12.870998
96.67,-6.615229,-4.650778
96.68,-6.208459,-4.368529
96.69,3.394154,2.350937
96.70,0.250998,0.148503
96.71,-5.805084,-4.092835
96.72,-11.494502,-8.077355
96.73,-6.682523,-4.710737
96.74,-1.239537,-0.902249
96.75,1.580505,1.070350
96.76,2.979732,2.048554
96.77,-6.933194,-4.891571
96.78,1.538903,1.038002
96.79,-4.834163,-3.423855
96.80,-12.309876,-8.657381
96.81,-15.867741,-11.148228
96.82,-1.520087,-1.105029
96.83,4.660117,3.221139
96.84,-5.480789,-3.877290
96.85,-0.278458,-0.235276
96.86,-9.018647,-6.352853
96.87,-1.054369,-0.777133
96.88,-12.099934,-8.508140
96.89,-5.909597,-4.173858
96.90,2.404463,1.647182
96.91,-6.560256,-4.626779
96.92,-13.689336,-9.615658
96.93,-5.501804,-3.882778
96.94,-16.694558,-11.715981
96.95,-3.402239,-2.409521
96.96,-4.572920,-3.227061
96.97,-7.096029,-4.991210
96.98,-4.337517,-3.058144
96.99,-4.470689,-3.149187
97.00,-20.805481,-14.581304
97.01,-20.095016,-14.081692
97.02,-11.725372,-8.220618
97.03,-0.198931,-0.149759
97.04,-11.604113,-8.131020
97.05,-8.651082,-6.061529
97.06,-5.492911,-3.848445
97.07,5.843453,4.089358
97.08,-8.388421,-5.870633
97.09,0.516947,0.365407
97.10,-4.649689,-3.249002
97.11,-4.200416,-2.932332
97.12,-17.917178,-12.531952
97.13,-10.409940,-7.274848
97.14,2.125514,1.501926
97.15,-10.429296,-7.284577
97.16,-4.439023,-3.089619
97.17,-1.743337,-1.200977
97.18,-13.161820,-9.192364
97.19,2.652287,1.878945
97.20,-8.475995,-5.909539
97.21,-7.408219,-5.160907
97.22,1.090389,0.789178
97.23,4.492429,3.171533
97.24,-17.975082,-12.554931
97.25,-12.829924,-8.952662
97.26,-8.856330,-6.170625
97.27,-4.422414,-3.066499
97.28,-5.599769,-3.890398
97.29,-10.499485,-7.320086
97.30,-5.567770,-3.867905
97.31,-7.936965,-5.526492
97.32,-17.070674,-11.920368
97.33,-7.344075,-5.112152
97.34,-10.100096,-7.041892
97.35,0.464706,0.352829
97.36,-1.949822,-1.338093
97.37,4.202305,2.967537
97.38,1.988152,1.416671
97.39,-1.330305,-0.907302
97.40,-3.692591,-2.562043
97.41,-8.411560,-5.866543
97.42,-1.304045,-0.892578
97.43,-10.608841,-7.407298
97.44,0.743244,0.537739
97.45,7.375913,5.179133
97.46,0.019324,0.028002
97.47,-4.733141,-3.300279
97.48,-2.270318,-1.577888
97.49,5.082688,3.567610
97.50,1.299387,0.917681
97.51,-1.828442,-1.273426
97.52,-8.168685,-5.713221
97.53,-7.714049,-5.396592
97.54,-9.066807,-6.345124
97.55,2.541009,1.778769
97.56,-0.207113,-0.146466
97.57,-3.976105,-2.786274
97.58,2.805053,1.959065
97.59,1.468188,1.021835
97.60,-12.568107,-8.804943
97.61,-6.231854,-4.370879
97.62,-2.708968,-1.906109
97.63,-12.383340,-8.679352
97.64,-3.464488,-2.437266
97.65,-5.531332,-3.885093
97.66,2.941880,2.045199
97.67,-5.207162,-3.660005
97.68,-11.760230,-8.247943
97.69,-3.815482,-2.687324
97.70,-3.335055,-2.351642
97.71,1.099446,0.751981
97.72,-9.900923,-6.948715
97.73,2.680152,1.857689
97.74,0.016644,-0.007024
97.75,-2.550979,-1.804528
97.76,-11.463093,-8.043088
97.77,-11.600837,-8.139501
97.78,-15.882125,-11.136309
97.79,6.298743,4.390475
97.80,-1.852275,-1.314980
97.81,-3.980878,-2.804666
97.82,-7.890651,-5.541097
97.83,-1.380587,-0.983570
97.84,-10.457429,-7.336810
97.85,-12.193686,-8.551577
97.86,-7.077644,-4.969675
97.87,-3.367328,-2.371728
97.88,0.550620,0.371612
97.89,-4.960556,-3.485389
97.90,-16.305694,-11.426125
97.91,1.623143,1.124956
97.92,-4.329230,-3.040781
97.93,6.693511,4.676086
97.94,2.749534,1.916269
97.95,-8.440910,-5.916062
97.96,10.763584,7.528071
97.97,-2.746229,-1.927808
97.98,-8.212861,-5.753463
97.99,-3.160863,-2.216085
98.00,-2.680676,-1.878988
98.01,-7.241765,-5.070801
98.02,-7.764936,-5.436093
98.03,-12.083806,-8.458401
98.04,-0.571788,-0.399117
98.05,3.884152,2.720878
98.06,-2.070535,-1.446602
98.07,-4.248666,-2.970534
98.08,-8.857565,-6.196046
98.09,-8.188744,-5.727200
98.10,0.208610,0.151571
98.11,2.674769,1.878458
98.12,2.452687,1.723524
98.13,-1.624477,-1.130019
98.14,4.828345,3.387377
98.15,-16.009472,-11.198728
98.16,-6.491513,-4.535843
98.17,-9.223045,-6.447653
98.18,-11.656941,-8.151170
98.19,-1.726684,-1.199832
98.20,-10.963935,-7.665798
98.21,-4.868187,-3.398713
98.22,-2.609483,-1.817606
98.23,-7.658772,-5.352139
98.24,-5.593559,-3.906562
98.25,-11.733725,-8.204792
98.26,-6.394433,-4.467438
98.27,9.322018,6.533892
98.28,-2.059769,-1.433578
98.29,-0.777732,-0.536400
98.30,-1.930260,-1.343444
98.31,-0.070194,-0.041698
98.32,-2.619156,-1.826291
98.33,0.823014,0.582891
98.34,2.157180,1.516454
98.35,1.028117,0.725744
98.36,4.925356,3.453437
98.37,3.288455,2.307224
98.38,4.513947,3.164684
98.39,-2.973470,-2.076895
98.40,-3.828954,-2.676119
98.41,9.962893,6.977792
98.42,-8.954399,-6.264689
98.43,0.911256,0.640901
98.44,-7.336149,-5.132641
98.45,3.128341,2.192154
98.46,0.257142,0.181982
98.47,3.486457,2.442184
98.48,-12.602449,-8.820353
98.49,4.166031,2.917298
98.50,-12.948463,-9.063114
98.51,-3.654281,-2.557433
98.52,8.958213,6.271086
98.53,-7.753121,-5.427053
98.54,-13.218042,-9.252682
98.55,7.076563,4.953379
98.56,2.395527,1.676513
98.57,-4.620078,-3.234530
98.58,6.434502,4.503578
98.59,-3.298636,-2.309695
98.60,0.887723,0.620700
98.61,1.859353,1.300805
98.62,-2.693552,-1.886245
98.63,-2.788615,-1.952788
98.64,-6.546097,-4.583006
98.65,-11.006065,-7.704948
98.66,-4.391010,-3.074360
98.67,3.592683,2.514289
98.68,9.548773,6.683627
98.69,2.821040,1.974301
98.70,-12.125130,-8.487923
98.71,-14.667266,-10.267317
98.72,6.181385,4.326846
98.73,-3.378576,-2.365016
98.74,1.732971,1.213178
98.75,-0.915290,-0.640494
98.76,4.065045,2.845849
98.77,-8.380790,-5.866132
98.78,-6.618041,-4.632110
98.79,8.501054,5.951345
98.80,3.136919,2.196529
98.81,5.074330,3.552782
98.82,-1.941211,-1.358045
98.83,-7.224944,-5.056622
98.84,-9.010420,-6.306437
98.85,-1.163189,-0.813376
98.86,-9.583324,-6.707491
98.87,-6.956740,-4.868923
98.88,1.522643,1.066581
98.89,7.258886,5.081863
98.90,-9.132108,-6.391943
98.91,-2.926468,-2.048130
98.92,-1.078378,-0.754626
98.93,3.643508,2.550512
98.94,1.279235,0.895314
98.95,-1.204562,-0.843574
98.96,-0.707920,-0.496177
98.97,-7.643813,-5.351576
98.98,-1.807567,-1.266499
98.99,-0.290873,-0.205126
99.00,0.055254,0.036832
99.01,-11.593509,-8.117647
99.02,-7.689022,-5.384865
99.03,-2.654257,-1.860899
99.04,-7.965862,-5.579400
99.05,-12.739492,-8.921326
99.06,-7.302650,-5.115923
99.07,-12.273336,-8.595790
99.08,-9.977201,-6.988881
99.09,2.184617,1.524013
99.10,-1.702420,-1.197283
99.11,-0.359310,-0.257465
99.12,-5.466107,-3.832567
99.13,-9.791605,-6.860742
99.14,0.850467,0.588403
99.15,-5.491213,-3.851055
99.16,2.112940,1.471597
99.17,12.589743,8.805132
99.18,-3.597031,-2.525804
99.19,-14.963179,-10.482269
99.20,-2.761528,-1.941238
99.21,1.138326,0.788573
99.22,3.848270,2.685488
99.23,-9.007794,-6.313762
99.24,-4.706701,-3.302960
99.25,6.148382,4.295679
99.26,-5.366813,-3.764832
99.27,-9.023769,-6.324530
99.28,-4.923815,-3.454347
99.29,9.620818,6.727158
99.30,6.650366,4.648148
99.31,-14.729976,-10.317741
99.32,3.688448,2.575550
99.33,-1.335901,-0.941058
99.34,-10.622466,-7.441176
99.35,-6.583688,-4.613515
99.36,-3.309577,-2.321082
99.37,7.051885,4.932531
99.38,-2.637002,-1.849066
99.39,-0.733015,-0.515621
99.40,-11.995039,-8.398355
99.41,-3.143916,-2.201861
99.42,7.462837,5.223596
99.43,-2.435524,-1.704507
99.44,-4.578803,-3.204037
99.45,7.987197,5.592941
99.46,0.195023,0.139205
99.47,-7.252299,-5.073128
99.48,-3.696091,-2.582988
99.49,4.032323,2.827693
99.50,6.036726,4.231561
99.51,-5.282351,-3.691017
99.52,11.252830,7.884373
99.53,2.073718,1.459739
99.54,0.230048,0.169895
99.55,-7.271711,-5.080637
99.56,3.286408,2.310718
99.57,-6.306204,-4.403471
99.58,-0.565367,-0.384281
99.59,-5.789449,-4.040574
99.60,-5.102003,-3.558839
99.61,2.786792,1.963794
99.62,-13.786541,-9.637111
99.63,1.141746,0.813067
99.64,5.723636,4.020712
99.65,-7.990255,-5.578746
99.66,-7.428312,-5.185178
99.67,-7.935742,-5.540234
99.68,0.280071,0.210918
99.69,7.506014,5.269096
99.70,-4.689480,-3.267798
99.71,-3.171521,-2.205341
99.72,3.482978,2.452625
99.73,-4.596974,-3.203593
99.74,-10.609701,-7.412821
99.75,1.279330,0.909112
99.76,-5.587751,-3.898300
99.77,-1.363339,-0.941735
99.78,-10.162923,-7.102032
99.79,-8.733737,-6.102255
99.80,-14.201563,-9.930449
99.81,1.148040,0.813497
99.82,-2.435913,-1.696104
99.83,0.962131,0.681638
99.84,-0.586037,-0.403021
99.85,8.379659,5.871978
99.86,11.849890,8.300106
99.87,10.384396,7.273187
99.88,5.971389,4.182973
99.89,1.029755,0.722689
99.90,-1.396505,-0.976860
99.91,-3.603605,-2.523018
99.92,-1.079845,-0.757590
99.93,6.389439,4.469695
99.94,3.471864,2.426174
99.95,1.158853,0.805849
99.96,6.138473,4.290373
99.97,-2.368900,-1.665986
99.98,-0.804637,-0.572180
99.99,-1.537321,-1.086213
100.00,8.726784,6.097538
100.01,-7.036984,-4.938187
100.02,-6.177196,-4.337379
100.03,1.072254,0.736239
100.04,-3.971854,-2.795581
100.05,0.959607,0.655556
100.06,0.862086,0.586468
100.07,4.756839,3.312041
100.08,-1.966408,-1.394915
100.09,-1.988227,-1.410795
100.10,5.292244,3.685007
100.11,6.494744,4.526313
100.12,9.239610,6.447362
100.13,-1.528506,-1.090589
100.14,-1.778844,-1.266003
100.15,5.176699,3.602790
100.16,2.292189,1.583641
100.17,-9.122822,-6.406764
100.18,5.832037,4.061834
100.19,8.628695,6.019786
100.20,1.199505,0.819739
100.21,-1.612204,-1.147978
100.22,2.896362,2.008589
100.23,-4.934763,-3.472538
100.24,-2.567373,-1.814616
100.25,-4.443486,-3.127062
100.26,9.765998,6.820492
100.27,-10.304321,-7.227738
100.28,-3.434400,-2.417726
100.29,-2.886448,-2.033022
100.30,-0.025170,-0.028925
100.31,-3.130997,-2.201741
100.32,-2.423122,-1.704910
100.33,-4.387346,-3.078499
100.34,-1.200967,-0.846621
100.35,4.762679,3.329381
100.36,0.172088,0.117449
100.37,6.423955,4.495263
100.38,-3.353822,-2.347654
100.39,-11.198201,-7.837182
100.40,0.820843,0.577693
100.41,-3.898374,-2.724216
100.42,0.949810,0.671047
100.43,6.099658,4.277460
100.44,13.411624,9.397335
100.45,-5.209117,-3.635715
100.46,12.664863,8.877506
100.47,2.480236,1.749659
100.48,3.815956,2.686008
100.49,-4.317761,-3.006304
100.50,-6.369162,-4.441056
100.51,-2.561685,-1.774659
100.52,5.439801,3.827472
100.53,-2.330605,-1.610800
100.54,-2.219978,-1.532431
100.55,11.144376,7.823460
100.56,6.525981,4.591334
100.57,-6.051523,-4.212264
100.58,-6.425843,-4.473733
100.59,6.280859,4.421410
100.60,9.882105,6.942629
100.61,-10.914769,-7.614945
100.62,3.852023,2.721938
100.63,1.963957,1.400308
100.64,9.667228,6.792501
100.65,10.614554,7.455420
100.66,-1.255273,-0.853782
100.67,-0.391617,-0.249658
100.68,-1.438761,-0.983206
100.69,-3.989479,-2.769366
100.70,-4.302545,-2.989277
100.71,5.958970,4.192914
100.72,0.627039,0.459590
100.73,-6.904995,-4.813906
100.74,-1.114993,-0.762070
100.75,2.457980,1.737755
100.76,4.804708,3.379124
100.77,1.473366,1.045764
100.78,9.227726,6.472321
100.79,-2.478343,-1.723489
100.80,2.946954,2.072596
100.81,-6.897652,-4.820304
100.82,-1.188111,-0.825349
100.83,-2.208786,-1.541584
100.84,4.231970,2.965151
100.85,-6.211678,-4.347219
100.86,6.984835,4.888506
100.87,3.728121,2.606967
100.88,-1.422816,-1.000528
100.89,6.588605,4.605638
100.90,3.653726,2.549411
100.91,2.763626,1.924556
100.92,-1.098985,-0.781021
100.93,-7.202493,-5.055184
100.94,6.060025,4.226922
100.95,6.275974,4.376487
100.96,10.198418,7.120666
100.97,2.101069,1.451062
100.98,6.100111,4.249013
100.99,-0.056161,-0.061669
101.00,7.332971,5.109524
101.01,7.674253,5.347322
101.02,-0.651128,-0.481441
101.03,7.466731,5.200175
101.04,7.861049,5.475425
101.05,18.308076,12.787689
101.06,18.734048,13.085336
101.07,-1.332224,-0.961463
101.08,-10.379931,-7.295141
101.09,7.323901,5.097386
101.10,4.518275,3.133423
101.11,7.979080,5.556091
101.12,8.046689,5.603652
101.13,13.265213,9.256982
101.14,-4.523986,-3.194965
101.15,-1.681208,-1.204401
101.16,11.098715,7.742289
101.17,3.493893,2.419778
101.18,-1.166294,-0.841371
101.19,-3.221763,-2.279102
101.20,3.533801,2.450999
101.21,-4.292850,-3.026345
101.22,5.646705,3.932754
101.23,15.720167,10.985681
101.24,-6.679944,-4.692806
101.25,-2.170981,-1.534860
101.26,-4.515070,-3.173978
101.27,7.473208,5.219628
101.28,11.460071,8.012300
101.29,-6.972181,-4.888358
101.30,-0.397295,-0.283977
101.31,-8.379389,-5.869449
101.32,0.422218,0.293694
101.33,8.689937,6.083132
101.34,7.925106,5.549791
101.35,-0.925791,-0.643798
101.36,13.673265,9.577568
101.37,11.717561,8.210583
101.38,7.534556,5.284458
101.39,5.510816,3.869781
101.40,0.479352,0.349650
101.41,-1.975479,-1.366892
101.42,3.174874,2.240130
101.43,5.521163,3.884236
101.44,-9.165133,-6.394546
101.45,-2.771323,-1.917341
101.46,2.929348,2.074572
101.47,0.909311,0.661888
101.48,6.457662,4.546970
101.49,1.428873,1.027940
101.50,16.160558,11.341124
101.51,-5.066317,-3.516807
101.52,0.712286,0.528968
101.53,1.049001,0.765292
101.54,15.233208,10.694724
101.55,11.892376,8.356491
101.56,12.577748,8.836463
101.57,4.827707,3.411504
101.58,8.262416,5.815728
101.59,5.205397,3.675601
101.60,11.643769,8.182108
101.61,4.709122,3.327360
101.62,-2.141857,-1.468959
101.63,15.847580,11.122878
101.64,-6.530313,-4.542550
101.65,5.085361,3.587390
101.66,1.864667,1.331748
101.67,5.517649,3.887558
101.68,1.811919,1.292155
101.69,-9.775092,-6.820254
101.70,-5.013123,-3.488480
101.71,11.945938,8.381163
101.72,0.986990,0.708111
101.73,11.245649,7.887302
101.74,7.968042,5.591035
101.75,4.340504,3.049752
101.76,3.675797,2.582395
101.77,-3.938444,-2.749681
101.78,7.948912,5.569323
101.79,-9.430455,-6.598407
101.80,7.727390,5.409894
101.81,5.629286,3.939022
101.82,7.016452,4.907840
101.83,-5.457338,-3.825998
101.84,0.850052,0.587009
101.85,3.179217,2.215290
101.86,8.463924,5.912491
101.87,2.012769,1.394638
101.88,-7.554641,-5.304535
101.89,6.345604,4.423719
101.90,-8.307266,-5.835132
101.91,0.406258,0.262579
101.92,0.814688,0.546815
101.93,-2.140635,-1.523474
101.94,-1.274316,-0.918508
101.95,11.151343,7.778112
101.96,1.597834,1.089433
101.97,5.916873,4.111664
101.98,1.317565,0.891183
101.99,10.909372,7.604618
102.00,6.734151,4.681272
102.01,1.697508,1.155074
102.02,16.253749,11.344040
102.03,10.171011,7.085868
102.04,1.498327,1.014881
102.05,6.209670,4.312864
102.06,7.796285,5.423687
102.07,15.540769,10.845166
102.08,10.812160,7.535628
102.09,12.919498,9.011398
102.10,8.750102,6.093598
102.11,15.486042,10.809673
102.12,-0.446949,-0.342367
102.13,3.463573,2.396183
102.14,10.996435,7.670498
102.15,11.454722,7.992730
102.16,-9.323344,-6.550369
102.17,3.673229,2.548888
102.18,3.641572,2.528484
102.19,1.836159,1.266545
102.20,1.618240,1.115937
102.21,0.152168,0.091698
102.22,-8.483244,-5.951010
102.23,1.666594,1.156016
102.24,7.420854,5.186187
102.25,-5.564917,-3.901625
102.26,7.724310,5.403093
102.27,4.211335,2.946290
102.28,-6.406370,-4.483815
102.29,6.299222,4.412389
102.30,11.666496,8.171760
102.31,0.153653,0.115028
102.32,4.365122,3.065284
102.33,13.608402,9.537768
102.34,1.096056,0.781264
102.35,-5.557739,-3.874315
102.36,5.668391,3.985986
102.37,-6.407251,-4.465033
102.38,8.608445,6.047799
102.39,-4.322622,-3.002197
102.40,11.275136,7.917880
102.41,5.162753,3.640749
102.42,-1.559567,-1.063454
102.43,5.866493,4.136085
102.44,-3.750845,-2.594884
102.45,-0.597524,-0.386526
102.46,1.179515,0.858295
102.47,-0.927131,-0.615606
102.48,-1.053509,-0.703466
102.49,0.285468,0.234272
102.50,8.851400,6.230728
102.51,4.750263,3.360083
102.52,4.525364,3.202650
102.53,3.315711,2.355735
102.54,7.401939,5.215785
102.55,16.766878,11.770780
102.56,10.529063,7.403698
102.57,-2.905532,-2.001277
102.58,11.358132,7.982385
102.59,8.077433,5.684853
102.60,3.782984,2.677561
102.61,9.206277,6.472557
102.62,13.280693,9.323215
102.63,19.380664,13.591645
102.64,19.996845,14.021309
102.65,-7.081777,-4.935492
102.66,7.395600,5.196809
102.67,2.106013,1.492147
102.68,8.650611,6.071335
102.69,8.091316,5.677728
102.70,10.545006,7.393149
102.71,12.905835,9.043516
102.72,9.900456,6.937494
102.73,-1.814205,-1.265057
102.74,6.757632,4.732918
102.75,-1.637403,-1.145928
102.76,2.814949,1.968394
102.77,7.725605,5.403538
102.78,13.276524,9.286885
102.79,6.554676,4.579323
102.80,-8.821400,-6.186159
102.81,0.239645,0.154392
102.82,3.356616,2.334149
102.83,16.604129,11.605355
102.84,9.349035,6.524811
102.85,0.793496,0.534041
102.86,4.731861,3.289099
102.87,3.473924,2.406846
102.88,6.330831,4.405094
102.89,2.416119,1.663325
102.90,0.784224,0.519650
102.91,3.464554,2.394662
102.92,6.379857,4.434289
102.93,1.843219,1.257697
102.94,9.654163,6.724556
102.95,0.304265,0.178971
102.96,5.892349,4.090125
102.97,8.448690,5.879210
102.98,0.067832,0.012409
102.99,-3.586670,-2.545787
103.00,1.328068,0.894639
103.01,11.844169,8.256174
103.02,19.907729,13.901083
103.03,4.470359,3.095492
103.04,2.263802,1.551620
103.05,-0.186304,-0.162592
103.06,1.712396,1.167504
103.07,15.668352,10.937815
103.08,2.901484,2.002282
103.09,18.746458,13.095165
103.10,9.757470,6.804394
103.11,0.371552,0.235886
103.12,12.023233,8.393804
103.13,3.610710,2.506877
103.14,0.639014,0.428620
103.15,-9.240008,-6.484684
103.16,-0.946043,-0.676825
103.17,4.913825,3.427230
103.18,0.233467,0.153180
103.19,6.271025,4.381716
103.20,2.208339,1.540114
103.21,-5.745370,-4.025180
103.22,0.274976,0.191378
103.23,-5.541027,-3.877505
103.24,-3.490255,-2.439653
103.25,-2.111203,-1.472022
103.26,5.819841,4.081975
103.27,1.221963,0.865690
103.28,-1.357032,-0.937425
103.29,-2.051461,-1.421401
103.30,0.972764,0.697616
103.31,9.034933,6.343116
103.32,1.320396,0.944839
103.33,6.828035,4.801993
103.34,-4.833541,-3.359405
103.35,21.880890,15.342295
103.36,11.657876,8.187668
103.37,7.908008,5.564123
103.38,-2.183765,-1.498883
103.39,10.631651,7.473012
103.40,-6.834299,-4.752187
103.41,-1.204233,-0.810316
103.42,-6.988397,-4.858550
103.43,-5.846748,-4.058862
103.44,12.359203,8.685688
103.45,5.820091,4.108543
103.46,1.934468,1.388688
103.47,-8.188785,-5.697659
103.48,17.365467,12.190096
103.49,16.010377,11.241161
103.50,-3.697867,-2.555130
103.51,15.371020,10.792426
103.52,1.065155,0.777512
103.53,16.245532,11.402828
103.54,11.119695,7.813660
103.55,-1.395175,-0.947960
103.56,11.759576,8.259030
103.57,2.981546,2.112954
103.58,4.631222,3.266162
103.59,2.455584,1.741544
103.60,0.631553,0.462955
103.61,7.470852,5.248607
103.62,9.054995,6.355569
103.63,-6.132476,-4.277672
103.64,2.459713,1.734786
103.65,12.082542,8.468636
103.66,3.180194,2.234818
103.67,2.297485,1.614712
103.68,-8.766339,-6.132201
103.69,3.070510,2.151342
103.70,8.668897,6.067956
103.71,9.121630,6.382614
103.72,4.995549,3.492118
103.73,-1.680565,-1.183378
103.74,1.844702,1.282125
103.75,-3.641085,-2.560066
103.76,5.850924,4.082253
103.77,-5.160469,-3.627748
103.78,1.297029,0.890545
103.79,-6.475436,-4.552058
103.80,9.563843,6.673648
103.81,9.498557,6.626253
103.82,5.809874,4.042583
103.83,-4.002789,-2.827764
103.84,-1.711025,-1.224896
103.85,-2.704482,-1.921562
103.86,4.909229,3.406918
103.87,8.115304,5.650184
103.88,2.662050,1.832056
103.89,-0.231300,-0.193999
103.90,1.202414,0.809032
103.91,0.708882,0.463137
103.92,10.590741,7.380162
103.93,17.470867,12.196122
103.94,0.383818,0.235208
103.95,3.762723,2.600609
103.96,-4.792489,-3.387725
103.97,-2.678601,-1.907544
103.98,-2.753504,-1.959374
103.99,4.369227,3.027280
104.00,-7.696460,-5.417822
104.01,1.786295,1.221117
104.02,13.206401,9.216330
104.03,5.698527,3.962078
104.04,2.620813,1.809055
104.05,9.154018,6.383785
104.06,-7.254459,-5.100559
104.07,3.029204,2.099690
104.08,4.793329,3.336352
104.09,2.239183,1.550303
104.10,-1.724858,-1.222601
104.11,8.573027,5.987907
104.12,7.011855,4.897127
104.13,13.279854,9.286813
104.14,1.729855,1.203935
104.15,0.479048,0.330517
104.16,2.322956,1.623416
104.17,6.671102,4.669288
104.18,-9.843397,-6.888695
104.19,5.040137,3.531933
104.20,-3.904319,-2.727054
104.21,1.310627,0.925508
104.22,-4.905052,-3.423408
104.23,5.003235,3.514404
104.24,8.285986,5.814281
104.25,3.464327,2.441004
104.26,9.773792,6.859439
104.27,6.805066,4.783058
104.28,4.105702,2.895140
104.29,0.775371,0.565448
104.30,6.215906,4.375259
104.31,9.212016,6.473863
104.32,15.308881,10.742880
104.33,-3.553641,-2.459793
104.34,-1.476101,-1.004548
104.35,-5.005562,-3.474332
104.36,9.990594,7.023685
104.37,9.511351,6.688787
104.38,4.802004,3.392681
104.39,1.801534,1.292649
104.40,8.924259,6.278715
104.41,12.912352,9.070400
104.42,5.134258,3.625614
104.43,13.641773,9.580617
104.44,5.137500,3.627231
104.45,6.087777,4.291896
104.46,-11.141403,-7.769192
104.47,10.778468,7.573928
104.48,7.327169,5.157103
104.49,6.426334,4.525482
104.50,4.129853,2.916793
104.51,14.545088,10.206195
104.52,9.774870,6.865675
104.53,8.624493,6.058944
104.54,3.791475,2.674273
104.55,9.909275,6.955091
104.56,-8.856421,-6.182617
104.57,5.834320,4.099111
104.58,-5.439199,-3.794205
104.59,-7.935309,-5.543387
104.60,16.202947,11.351441
104.61,7.918616,5.550422
104.62,7.670468,5.374705
104.63,10.556667,7.393011
104.64,1.335151,0.935908
104.65,3.864964,2.704734
104.66,5.022229,3.512785
104.67,9.287284,6.496307
104.68,5.984483,4.182355
104.69,-0.391257,-0.282618
104.70,4.703338,3.281687
104.71,6.308599,4.403510
104.72,1.787228,1.236751
104.73,8.309673,5.800731
104.74,4.047739,2.815722
104.75,6.236645,4.346383
104.76,4.019808,2.793114
104.77,6.152157,4.284370
104.78,-5.914551,-4.163612
104.79,11.389757,7.948225
104.80,9.189139,6.406726
104.81,-4.696393,-3.314097
104.82,-11.202811,-7.869419
104.83,-0.361842,-0.281446
104.84,-8.178475,-5.753669
104.85,0.858847,0.572005
104.86,0.180581,0.096900
104.87,-9.873636,-6.941241
104.88,7.766554,5.406835
104.89,-5.909652,-4.166435
104.90,4.534184,3.144456
104.91,-2.188426,-1.561036
104.92,1.833623,1.254861
104.93,-4.859544,-3.429769
104.94,3.515374,2.433383
104.95,2.153317,1.480771
104.96,-3.030368,-2.146866
104.97,8.902092,6.206907
104.98,1.359045,0.927931
104.99,1.449760,0.992687
105.00,8.043565,5.609699
105.01,-1.116815,-0.801132
105.02,1.028072,0.701804
105.03,-2.465123,-1.741844
105.04,-7.037231,-4.940666
105.05,-6.485333,-4.552625
105.06,-0.969190,-0.689563
105.07,-1.323954,-0.936093
105.08,5.656102,3.951785
105.09,13.556416,9.483869
105.10,3.485865,2.436366
105.11,14.594711,10.214450
105.12,-2.402480,-1.681692
105.13,-1.348075,-0.941723
105.14,1.727340,1.212936
105.15,-11.256577,-7.873961
105.16,3.418038,2.400083
105.17,4.783033,3.357353
105.18,6.576523,4.614521
105.19,10.789572,7.565327
105.20,3.239622,2.281972
105.21,-11.740664,-8.202688
105.22,-3.200838,-2.223344
105.23,6.468208,4.546372
105.24,3.395375,2.396687
105.25,10.747301,7.544240
105.26,-4.592329,-3.192394
105.27,-5.582366,-3.884413
105.28,7.088205,4.985886
105.29,-2.873495,-1.986513
105.30,-4.330509,-3.005744
105.31,5.710665,4.023642
105.32,5.943801,4.187284
105.33,4.122504,2.912705
105.34,9.468200,6.654902
105.35,8.182830,5.755232
105.36,11.336029,7.962441
105.37,-4.327951,-3.002495
105.38,2.826863,2.005608
105.39,4.677072,3.300369
105.40,-3.617762,-2.506513
105.41,-2.208574,-1.520691
105.42,4.341751,3.063817
105.43,11.878413,8.338657
105.44,-12.081894,-8.434484
105.45,13.929902,9.772751
105.46,-2.340966,-1.617970
105.47,4.178907,2.944741
105.48,-1.053216,-0.719027
105.49,5.194525,3.653035
105.50,6.402094,4.496908
105.51,5.503438,3.866362
105.52,-0.847228,-0.580648
105.53,-1.762346,-1.222822
105.54,5.172987,3.630278
105.55,-1.090873,-0.756090
105.56,-2.492838,-1.739159
105.57,-2.418546,-1.688866
105.58,6.041123,4.231179
105.59,4.254733,2.978980
105.60,7.541905,5.278279
105.61,0.914410,0.637322
105.62,-2.790414,-1.957746
105.63,-10.214857,-7.156520
105.64,-3.195135,-2.244344
105.65,1.462813,1.014631
105.66,16.288567,11.391118
105.67,-6.760346,-4.744606
105.68,8.604689,6.009494
105.69,6.979967,4.870832
105.70,11.527103,8.052542
105.71,8.463755,5.906993
105.72,3.885838,2.701328
105.73,7.852900,5.477237
105.74,10.083338,7.037601
105.75,7.405073,5.161970
105.76,-5.209416,-3.668920
105.77,9.709793,6.773881
105.78,0.693637,0.462031
105.79,1.031433,0.698054
105.80,4.076441,2.829234
105.81,0.877607,0.589832
105.82,5.987178,4.166423
105.83,-2.214320,-1.574625
105.84,-0.258475,-0.205425
105.85,-0.327036,-0.253202
105.86,9.099886,6.345966
105.87,-6.034412,-4.247616
105.88,4.223276,2.933293
105.89,8.585251,5.987302
105.90,7.768298,5.416156
105.91,4.536139,3.154458
105.92,-1.236794,-0.885694
105.93,-0.494407,-0.365040
105.94,-6.698467,-4.706819
105.95,5.556581,3.872850
105.96,-5.152798,-3.622513
105.97,11.250873,7.861322
105.98,8.341826,5.826310
105.99,-4.929708,-3.462392
106.00,-5.481175,-3.847004
106.01,1.175478,0.814105
106.02,2.423969,1.689532
106.03,-6.234575,-4.369942
106.04,2.776602,1.939406
106.05,2.453525,1.714786
106.06,-5.298473,-3.710075
106.07,-3.912069,-2.738058
106.08,2.822647,1.977769
106.09,2.175385,1.526193
106.10,2.038317,1.431731
106.11,-3.798149,-2.652340
106.12,0.421431,0.302786
106.13,-6.487965,-4.532413
106.14,6.887192,4.831528
106.15,0.271087,0.201532
106.16,-14.813104,-10.356183
106.17,-5.204965,-3.629331
106.18,-8.898579,-6.213773
106.19,-6.991949,-4.878118
106.20,2.960988,2.089875
106.21,4.725573,3.325942
106.22,5.914401,4.158895
106.23,2.149747,1.524324
106.24,1.853974,1.317880
106.25,-3.877490,-2.693639
106.26,0.245978,0.193202
106.27,9.466310,6.647752
106.28,-9.520918,-6.643084
106.29,8.097449,5.689900
106.30,-11.542821,-8.058259
106.31,-5.729643,-3.989099
106.32,-3.489703,-2.421300
106.33,-16.371681,-11.438938
106.34,-3.453973,-2.396888
106.35,6.998892,4.919683
106.36,-4.182508,-2.907820
106.37,2.453748,1.736952
106.38,-1.227274,-0.840452
106.39,1.997035,1.415797
106.40,-0.137168,-0.078987
106.41,-8.704176,-6.076804
106.42,-4.716994,-3.286754
106.43,-1.451403,-1.001878
106.44,-3.525763,-2.455025
106.45,-8.005478,-5.591971
106.46,-7.723128,-5.395517
106.47,-2.753958,-1.918329
106.48,3.105135,2.181770
106.49,3.727528,2.616152
106.50,-0.048506,-0.028388
106.51,5.174529,3.626403
106.52,-6.592939,-4.612169
106.53,2.195427,1.538339
106.54,6.878954,4.815461
106.55,2.398925,1.678101
106.56,-6.805596,-4.766390
106.57,5.680993,3.972916
106.58,1.125553,0.782826
106.59,-3.131581,-2.198420
106.60,-1.839128,-1.294919
106.61,-6.354974,-4.457186
106.62,4.566765,3.186902
106.63,4.371447,3.049101
106.64,6.490308,4.531280
106.65,-3.792014,-2.667310
106.66,-5.304449,-3.726915
106.67,5.720938,3.990022
106.68,9.075512,6.337459
106.69,0.525965,0.352085
106.70,-9.155282,-6.425405
106.71,-2.314924,-1.637692
106.72,-8.830005,-6.198707
106.73,-4.560698,-3.210570
106.74,-0.752837,-0.545362
106.75,3.430097,2.382479
106.76,0.588213,0.393031
106.77,-11.700426,-8.209062
106.78,1.903400,1.313654
106.79,-9.718270,-6.821396
106.80,-0.102003,-0.089809
106.81,-6.835730,-4.803137
106.82,-4.443364,-3.128124
106.83,7.333163,5.115879
106.84,-4.169043,-2.935159
106.85,-4.380984,-3.082940
106.86,-1.923577,-1.362110
106.87,-4.620857,-3.249498
106.88,-13.603345,-9.536471
106.89,8.941467,6.245724
106.90,-6.924619,-4.859658
106.91,-13.636149,-9.556802
106.92,-5.981270,-4.197416
106.93,-1.889045,-1.331848
106.94,0.131979,0.083913
106.95,1.632039,1.135030
106.96,-10.792410,-7.560985
106.97,1.991091,1.388584
106.98,1.092970,0.761033
106.99,-7.356727,-5.152612
107.00,-0.519304,-0.365268
107.01,4.332039,3.031819
107.02,3.728664,2.610598
107.03,0.808308,0.567480
107.04,0.009530,0.009450
107.05,-3.627488,-2.535369
107.06,3.608499,2.530891
107.07,-4.217613,-2.946347
107.08,4.534220,3.180941
107.09,3.218722,2.261060
107.10,-6.048031,-4.224742
107.11,-6.040482,-4.218578
107.12,6.983964,4.899363
107.13,-0.074918,-0.041077
107.14,-9.327729,-6.517324
107.15,2.427608,1.712074
107.16,-2.017818,-1.399124
107.17,-11.175942,-7.809273
107.18,4.988806,3.506523
107.19,2.183936,1.543519
107.20,-0.493200,-0.330139
107.21,4.008774,2.821512
107.22,5.072406,3.566252
107.23,5.893176,4.140919
107.24,-6.466775,-4.510988
107.25,-7.098416,-4.953148
107.26,1.426960,1.014533
107.27,7.631712,5.357711
107.28,-1.677409,-1.158891
107.29,-6.136719,-4.280690
107.30,7.396878,5.192481
107.31,10.439629,7.321999
107.32,0.698492,0.502735
107.33,-4.476335,-3.120168
107.34,-18.051398,-12.623290
107.35,-11.853994,-8.285737
107.36,0.740929,0.530031
107.37,-9.959821,-6.961216
107.38,-13.072563,-9.140899
107.39,-3.517658,-2.453265
107.40,4.210992,2.955956
107.41,-2.694099,-1.878471
107.42,-5.672268,-3.964077
107.43,5.734613,4.019831
107.44,-10.173961,-7.117098
107.45,-3.303967,-2.309040
107.46,6.829699,4.783579
107.47,5.070235,3.551003
107.48,-0.191045,-0.132844
107.49,1.756260,1.229323
107.50,-7.156542,-5.010576
107.51,-4.077736,-2.856337
107.52,-5.059824,-3.544707
107.53,-3.996815,-2.801489
107.54,-1.865480,-1.310418
107.55,-3.829934,-2.686371
107.56,-16.455670,-11.525190
107.57,-14.587316,-10.218111
107.58,-4.841622,-3.396857
107.59,-7.365260,-5.164095
107.60,9.177096,6.414907
107.61,-2.070354,-1.458909
107.62,-10.151056,-7.115954
107.63,9.071468,6.339310
107.64,-2.700843,-1.901759
107.65,0.768623,0.526469
107.66,-1.785303,-1.261623
107.67,-0.423266,-0.308484
107.68,-5.387286,-3.783529
107.69,-11.482072,-8.050053
107.70,-3.505886,-2.466840
107.71,-9.939914,-6.970719
107.72,4.799179,3.346643
107.73,-3.236814,-2.278499
107.74,-4.081997,-2.870017
107.75,-8.404480,-5.895592
107.76,-5.232320,-3.674862
107.77,-2.538282,-1.788767
107.78,4.979317,3.473872
107.79,-7.331969,-5.143661
107.80,-11.036393,-7.736345
107.81,-0.166200,-0.126752
107.82,-6.815235,-4.780578
107.83,5.191293,3.624529
107.84,-6.639955,-4.656771
107.85,-11.827064,-8.287141
107.86,-3.276483,-2.301098
107.87,0.339542,0.230782
107.88,2.657209,1.853837
107.89,-4.039898,-2.833432
107.90,4.137704,2.891614
107.91,-8.006203,-5.608383
107.92,-9.614262,-6.733276
107.93,-8.372828,-5.863518
107.94,-4.483240,-3.140049
107.95,-11.958052,-8.371660
107.96,-13.610960,-9.527941
107.97,-3.335066,-2.334068
107.98,1.362678,0.955090
107.99,1.968861,1.380141
108.00,6.751851,4.728941
108.01,-1.564986,-1.092157
108.02,-0.406498,-0.280550
108.03,7.466634,5.231282
108.04,-4.649713,-3.249548
108.05,-9.959699,-6.965956
108.06,-2.357723,-1.644023
108.07,-8.111884,-5.671420
108.08,-0.951295,-0.658528
108.09,-1.066141,-0.738479
108.10,-12.961719,-9.064982
108.11,-11.226669,-7.850087
108.12,-0.875387,-0.603871
108.13,-8.534082,-5.964682
108.14,-11.111431,-7.768595
108.15,-12.074790,-8.442760
108.16,-2.060234,-1.432428
108.17,5.639799,3.957692
108.18,-4.570468,-3.189441
108.19,-7.420320,-5.184329
108.20,-4.751193,-3.315975
108.21,-10.641555,-7.439306
108.22,-1.868131,-1.298030
108.23,-7.127494,-4.979746
108.24,-7.611537,-5.318778
108.25,7.026365,4.927514
108.26,-10.522036,-7.356644
108.27,2.038474,1.435401
108.28,-13.342177,-9.331401
108.29,-6.978135,-4.876949
108.30,-9.804004,-6.855464
108.31,9.699731,6.796717
108.32,-5.955938,-4.162710
108.33,-1.021276,-0.708928
108.34,-1.948512,-1.358495
108.35,3.472910,2.435981
108.36,-3.502356,-2.447239
108.37,-15.605547,-10.920019
108.38,-10.603438,-7.419100
108.39,-4.717406,-3.299441
108.40,1.826947,1.281038
108.41,-11.361187,-7.951226
108.42,-0.727970,-0.508543
108.43,2.189082,1.532827
108.44,-14.853797,-10.397750
108.45,0.613404,0.428738
108.46,-1.107715,-0.776588
108.47,0.515140,0.358880
108.48,-14.586405,-10.212716
108.49,-1.418318,-0.995552
108.50,2.665615,1.862722
108.51,-2.493861,-1.749370
108.52,-3.974656,-2.786361
108.53,-0.262263,-0.188097
108.54,-10.011623,-7.013034
108.55,-2.520496,-1.769603
108.56,-5.886889,-4.126408
108.57,5.504552,3.847301
108.58,-3.574307,-2.508170
108.59,-2.664435,-1.871497
108.60,-4.635520,-3.251463
108.61,8.677156,6.067236
108.62,-4.347569,-3.050213
108.63,0.245155,0.164586
108.64,-4.769271,-3.345588
108.65,2.779742,1.938679
108.66,-6.911404,-4.845134
108.67,-7.493837,-5.252815
108.68,2.737234,1.908987
108.69,4.364399,3.048087
108.70,3.138841,2.190310
108.71,-5.558368,-3.897593
108.72,-6.416581,-4.498172
108.73,0.916159,0.634943
108.74,-4.548075,-3.189799
108.75,-3.758584,-2.636909
108.76,4.009269,2.800857
108.77,-4.756532,-3.334915
108.78,-8.111165,-5.682850
108.79,-4.065006,-2.850213
108.80,-12.003387,-8.406739
108.81,-13.651289,-9.559915
108.82,-10.077484,-7.057886
108.83,-10.296227,-7.210629
108.84,8.951453,6.263131
108.85,-3.541136,-2.481291
108.86,-1.976603,-1.385723
108.87,6.635414,4.643085
108.88,-6.153745,-4.308929
108.89,-7.616691,-5.332596
108.90,-3.932592,-2.753334
108.91,-6.102643,-4.271982
108.92,-11.588885,-8.111972
108.93,-7.538021,-5.275995
108.94,-8.790045,-6.152050
108.95,-11.574109,-8.100544
108.96,-7.475044,-5.230861
108.97,-12.936724,-9.053714
108.98,-8.491664,-5.941864
108.99,-6.740073,-4.715459
109.00,0.181691,0.130049
109.01,7.392482,5.177858
109.02,-8.246168,-5.768961
109.03,2.388216,1.675323
109.04,-10.152827,-7.103212
109.05,-8.486611,-5.936687
109.06,-13.715965,-9.597082
109.07,-16.229549,-11.356460
109.08,-15.592112,-10.910146
109.09,-9.974539,-6.977757
109.10,-4.404588,-3.078727
109.11,-3.760562,-2.627865
109.12,-0.065300,-0.041159
109.13,-13.010166,-9.102564
109.14,-3.900755,-2.725995
109.15,-6.169320,-4.314030
109.16,0.647048,0.457369
109.17,-6.440752,-4.504167
109.18,-5.611877,-3.924049
109.19,-7.511706,-5.254042
109.20,-12.219713,-8.549774
109.21,-0.125105,-0.083691
109.22,-1.874770,-1.308612
109.23,-7.233099,-5.059612
109.24,-7.846692,-5.489308
109.25,0.924836,0.650570
109.26,-4.296684,-3.004695
109.27,-3.949314,-2.761746
109.28,-9.224419,-6.454536
109.29,-7.222708,-5.053560
109.30,-12.940961,-9.056565
109.31,-0.705407,-0.491907
109.32,-14.659417,-10.259946
109.33,-11.448955,-8.012856
109.34,5.836309,4.086595
109.35,-0.798877,-0.558268
109.36,-7.601221,-5.320139
109.37,-10.677833,-7.473994
109.38,-0.388635,-0.271777
109.39,-1.067924,-0.747497
109.40,-12.021595,-8.415277
109.41,0.669511,0.468293
109.42,-4.073343,-2.851900
109.43,-10.235087,-7.165308
109.44,-10.363605,-7.255448
109.45,-3.156886,-2.210912
109.46,-4.656001,-3.260450
109.47,-5.437408,-3.807580
109.48,-0.694955,-0.487998
109.49,6.006570,4.202947
109.50,-3.334613,-2.335992
109.51,5.362091,3.751603
109.52,0.521654,0.363211
109.53,-12.449234,-8.716484
109.54,-3.730679,-2.613557
109.55,0.562737,0.391786
109.56,-11.895354,-8.328914
109.57,-18.577650,-13.006546
109.58,-19.897017,-13.930116
109.59,-15.249019,-10.676519
109.60,0.259578,0.179509
109.61,-6.008625,-4.208213
109.62,-6.991368,-4.896103
109.63,-6.796590,-4.759719
109.64,-6.578215,-4.606808
109.65,-6.520659,-4.566462
109.66,6.503933,4.550816
109.67,-2.973440,-2.083274
109.68,-5.332318,-3.734412
109.69,-3.587431,-2.512908
109.70,-0.498262,-0.350403
109.71,-4.383634,-3.070072
109.72,-8.613691,-6.031018
109.73,0.934151,0.652568
109.74,-2.818317,-1.974061
109.75,-7.505838,-5.255227
109.76,-20.148465,-14.104967
109.77,-4.037829,-2.827422
109.78,-1.338061,-0.937487
109.79,-2.290534,-1.604123
109.80,-2.999043,-2.099986
109.81,-11.820141,-8.274665
109.82,-4.588186,-3.212210
109.83,-10.882287,-7.617998
109.84,-10.313966,-7.220095
109.85,-3.176679,-2.223920
109.86,4.657936,3.260379
109.87,1.221575,0.854989
109.88,-11.869548,-8.308740
109.89,2.687085,1.880954
109.90,-7.958430,-5.570861
109.91,-4.907784,-3.435370
109.92,-18.288500,-12.801838
109.93,2.026815,1.418910
109.94,2.239357,1.567711
109.95,0.657211,0.460225
109.96,0.289626,0.202925
109.97,1.391453,0.974209
109.98,-9.706016,-6.794020
109.99,-14.527926,-10.169361
110.00,-4.574207,-3.201768
110.01,-0.063532,-0.044308
110.02,-5.331446,-3.731865
110.03,-5.451487,-3.815913
110.04,-1.977837,-1.384381
110.05,0.575336,0.402816
110.06,4.939967,3.458031
110.07,-9.713385,-6.799343
110.08,7.736331,5.415430
110.09,-5.226320,-3.658454
110.10,-5.501904,-3.851390
110.11,0.026449,0.018429
110.12,-8.954920,-6.268555
110.13,-9.472624,-6.630972
110.14,-1.834241,-1.284125
110.15,-11.128003,-7.789779
110.16,6.502374,4.551469
110.17,-5.934335,-4.154240
110.18,-5.339313,-3.737733
110.19,7.507670,5.255150
110.20,-3.128159,-2.189931
110.21,-4.723550,-3.306700
110.22,-3.602908,-2.522241
110.23,2.548705,1.783902
110.24,-4.110709,-2.877668
110.25,0.120092,0.083918
110.26,-2.465187,-1.725748
110.27,-0.638253,-0.446859
110.28,0.524595,0.367176
110.29,-1.742558,-1.219785
110.30,3.220691,2.254540
110.31,-10.864635,-7.605132
110.32,-1.602359,-1.121479
110.33,-17.517038,-12.261688
110.34,-16.373810,-11.461359
110.35,-10.634742,-7.443939
110.36,-5.053543,-3.537023
110.37,-4.356292,-3.048867
110.38,-16.976512,-11.882939
110.39,-10.585587,-7.409207
110.40,5.173287,3.622091
110.41,-3.411582,-2.387230
110.42,1.310845,0.918557
110.43,-9.862829,-6.902927
110.44,-6.977880,-4.883375
110.45,-3.321936,-2.324128
110.46,-1.133960,-0.792460
110.47,-11.829073,-8.278957
110.48,3.251640,2.277621
110.49,-11.922708,-8.344348
110.50,-3.398416,-2.377273
110.51,-4.485186,-3.137945
110.52,2.198637,1.540791
110.53,7.173966,5.023577
110.54,-14.348070,-10.041801
110.55,-12.122990,-8.484204
110.56,-0.035494,-0.022924
110.57,-8.577020,-6.001968
110.58,-0.401203,-0.278880
110.59,-3.242558,-2.267822
110.60,-8.817688,-6.170415
110.61,-11.216250,-7.849422
110.62,-3.911367,-2.736026
110.63,8.956703,6.271590
110.64,7.417183,5.193883
110.65,13.169148,9.220205
110.66,-5.046962,-3.531137
110.67,-6.289429,-4.400939
110.68,-8.653392,-6.055799
110.69,-11.166381,-7.814987
110.70,1.916711,1.343071
110.71,-10.104068,-7.071591
110.72,-6.778642,-4.743918
110.73,-10.166562,-7.115598
110.74,-2.242554,-1.568936
110.75,-6.328701,-4.429391
110.76,1.098215,0.769290
110.77,-1.152428,-0.806327
110.78,2.034688,1.424480
110.79,-3.868847,-2.708173
110.80,-10.423422,-7.296560
110.81,-8.892768,-6.225290
110.82,-0.505596,-0.354461
110.83,0.096666,0.066928
110.84,-10.133883,-7.094651
110.85,-10.205515,-7.144989
110.86,5.169215,3.617127
110.87,-3.135097,-2.196084
110.88,-0.659514,-0.463367
110.89,-6.939253,-4.859371
110.90,-9.449659,-6.616838
110.91,12.976721,9.081451
110.92,-6.398821,-4.481598
110.93,5.626320,3.935838
110.94,0.568674,0.395332
110.95,-1.034084,-0.726742
110.96,-4.663826,-3.267696
110.97,-7.217719,-5.055544
110.98,8.181923,5.724095
110.99,7.717376,5.398815
111.00,1.032847,0.719560
111.01,-1.764904,-1.238935
111.02,-3.514844,-2.463948
111.03,-8.768792,-6.141752
111.04,3.440970,2.405057
111.05,6.905132,4.829963
111.06,-4.759249,-3.335096
111.07,-2.686110,-1.883873
111.08,-5.319392,-3.727129
111.09,-9.929867,-6.954402
111.10,-6.459497,-4.525067
111.11,-4.158736,-2.914442
111.12,-9.205240,-6.446886
111.13,-2.385781,-1.673139
111.14,-4.976541,-3.486530
111.15,2.734823,1.911582
111.16,-0.495547,-0.349505
111.17,-14.761649,-10.335590
111.18,0.461908,0.321100
111.19,-6.170668,-4.321489
111.20,-5.354107,-3.749671
111.21,-12.043787,-8.432210
111.22,-9.517707,-6.663707
111.23,-6.268142,-4.388754
111.24,-1.320434,-0.925093
111.25,-9.179153,-6.425924
111.26,1.121603,0.784885
111.27,5.468560,3.828039
111.28,14.611380,10.228299
111.29,1.589036,1.112948
111.30,-4.741575,-3.318188
111.31,8.623640,6.037753
111.32,0.049958,0.036465
111.33,-3.381388,-2.365190
111.34,0.073366,0.053419
111.35,-6.625048,-4.635194
111.36,-2.856863,-1.997195
111.37,6.052752,4.239797
111.38,-5.664578,-3.962082
111.39,-15.014661,-10.506899
111.40,2.523497,1.770041
111.41,-2.176892,-1.520016
111.42,-1.047386,-0.729160
111.43,-7.084040,-4.954631
111.44,3.718368,2.607224
111.45,-7.589104,-5.307855
111.46,-3.199467,-2.234975
111.47,0.537603,0.381088
111.48,3.341532,2.343933
111.49,3.789340,2.657472
111.50,9.558839,6.696175
111.51,-4.418667,-3.088048
111.52,-1.093232,-0.760235
111.53,-4.571356,-3.194935
111.54,-1.187509,-0.826278
111.55,-15.152224,-10.601637
111.56,-14.824347,-10.372204
111.57,-2.959446,-2.066877
111.58,-2.838021,-1.982006
111.59,-7.489343,-5.238079
111.60,-6.359779,-4.447553
111.61,10.450890,7.319725
111.62,-8.893063,-6.221253
111.63,-1.335197,-0.930977
111.64,-5.556737,-3.886303
111.65,-8.595692,-6.013838
111.66,-3.434818,-2.401509
111.67,7.666747,5.369287
111.68,-16.460537,-11.520124
111.69,-2.938474,-2.055005
111.70,-7.511088,-5.256173
111.71,2.440047,1.709274
111.72,-0.236942,-0.164975
111.73,-3.188840,-2.231667
111.74,-5.021893,-3.515174
111.75,-2.157878,-1.510736
111.76,-6.668690,-4.668680
111.77,-11.220927,-7.855622
111.78,1.566661,1.095315
111.79,6.108587,4.274291
111.80,-8.444915,-5.913528
111.81,-2.458987,-1.723740
111.82,-12.655122,-8.861387
111.83,6.845821,4.788929
111.84,-3.229997,-2.264476
111.85,-2.582439,-1.811505
111.86,-3.990755,-2.797631
111.87,6.753148,4.722811
111.88,9.367509,6.552592
111.89,-1.483836,-1.043603
111.90,2.171436,1.514855
111.91,-8.588441,-6.017272
111.92,2.097125,1.462435
111.93,0.848275,0.588074
111.94,4.896277,3.421532
111.95,4.588812,3.206190
111.96,-5.644668,-3.957338
111.97,0.294004,0.199667
111.98,4.087775,2.855269
111.99,-3.259699,-2.287975
112.00,-5.527310,-3.875286
112.01,-11.093480,-7.771562
112.02,6.267799,4.381404
112.03,4.840877,3.382657
112.04,6.171877,4.314482
112.05,4.563990,3.189114
112.06,-3.490836,-2.449086
112.07,6.843666,4.785269
112.08,-2.966909,-2.081905
112.09,1.784566,1.244379
112.10,-10.663214,-7.468791
112.11,-4.043620,-2.834778
112.12,-0.529847,-0.374819
112.13,8.862284,6.200010
112.14,-5.549213,-3.887683
112.15,1.623503,1.133590
112.16,-4.689898,-3.285404
112.17,4.007794,2.803380
112.18,-3.676974,-2.575546
112.19,-0.012157,-0.009753
112.20,-5.365670,-3.756783
112.21,-7.622749,-5.336302
112.22,-13.760323,-9.632165
112.23,-2.681821,-1.876771
112.24,3.032254,2.123523
112.25,5.375332,3.764118
112.26,-6.350561,-4.443570
112.27,-0.200802,-0.138307
112.28,-7.496496,-5.244869
112.29,6.291830,4.407373
112.30,-7.956003,-5.565707
112.31,10.294433,7.209988
112.32,-0.079290,-0.051243
112.33,-0.614048,-0.425216
112.34,6.698363,4.693811
112.35,3.051971,2.141655
112.36,-4.362280,-3.048023
112.37,14.150770,9.911386
112.38,1.089203,0.768539
112.39,-1.799473,-1.253310
112.40,3.636669,2.552187
112.41,-11.137846,-7.789804
112.42,6.002884,4.208848
112.43,-6.613757,-4.622690
112.44,-3.977142,-2.776978
112.45,4.664366,3.272128
112.46,-0.385380,-0.262675
112.47,-1.189249,-0.825395
112.48,-1.003793,-0.695620
112.49,8.567250,6.004036
112.50,2.172781,1.527802
112.51,1.012234,0.715282
112.52,5.122221,3.592106
112.53,-4.763049,-3.327780
112.54,-5.199463,-3.633495
112.55,-3.210498,-2.241474
112.56,-2.472474,-1.725137
112.57,-3.955072,-2.763263
112.58,-11.144918,-7.796487
112.59,-4.236609,-2.961025
112.60,-6.342352,-4.435423
112.61,-13.950332,-9.761406
112.62,-10.639937,-7.444545
112.63,-10.634035,-7.440846
112.64,-2.944100,-2.058339
112.65,-4.461600,-3.121049
112.66,4.534379,3.175665
112.67,-12.159687,-8.510661
112.68,-0.948911,-0.663605
112.69,-1.400297,-0.980067
112.70,-3.222675,-2.256225
112.71,-2.386071,-1.671097
112.72,6.199403,4.338242
112.73,-11.317490,-7.924071
112.74,-4.894119,-3.428194
112.75,-4.661793,-3.266039
112.76,12.317906,8.619287
112.77,6.022991,4.212396
112.78,-1.545753,-1.086161
112.79,3.232843,2.258438
112.80,7.702046,5.386480
112.81,2.016020,1.405882
112.82,5.255289,3.673013
112.83,12.669008,8.862283
112.84,4.567849,3.191163
112.85,-5.315165,-3.727228
112.86,-2.252735,-1.583779
112.87,3.502871,2.444921
112.88,-2.588282,-1.819078
112.89,9.533945,6.666319
112.90,-4.832398,-3.390250
112.91,7.927475,5.541566
112.92,-3.140317,-2.205951
112.93,1.426382,0.990710
112.94,-1.136202,-0.803093
112.95,-12.369083,-8.666070
112.96,0.385418,0.262155
112.97,3.747934,2.616024
112.98,-1.798431,-1.266289
112.99,-3.005596,-2.111131
113.00,5.059370,3.534553
113.01,1.960439,1.365539
113.02,6.561666,4.586668
113.03,-1.515014,-1.066710
113.04,7.706237,5.388492
113.05,2.612735,1.823395
113.06,-2.794267,-1.961129
113.07,-0.284549,-0.203923
113.08,-9.525925,-6.672462
113.09,8.179216,5.721581
113.10,7.331078,5.128347
113.11,-3.799189,-2.662361
113.12,7.154763,5.005899
113.13,0.114660,0.078331
113.14,-0.748865,-0.525621
113.15,8.696781,6.086854
113.16,15.745880,11.021750
113.17,0.448735,0.314279
113.18,7.863522,5.505161
113.19,0.243629,0.171765
113.20,-3.031711,-2.120448
113.21,2.679644,1.878019
113.22,-6.122193,-4.282757
113.23,-10.691912,-7.481063
113.24,-12.749881,-8.921156
113.25,5.378253,3.769007
113.26,-2.339406,-1.632902
113.27,-3.446338,-2.407323
113.28,10.885465,7.625350
113.29,1.944888,1.367333
113.30,3.392174,2.380794
113.31,2.500111,1.756685
113.32,-11.855220,-8.291740
113.33,3.655585,2.566099
113.34,4.904546,3.440616
113.35,0.242686,0.177528
113.36,-0.043135,-0.022368
113.37,-12.212084,-8.540487
113.38,1.083134,0.766276
113.39,6.689535,4.690831
113.40,-6.288480,-4.393740
113.41,4.781362,3.355152
113.42,5.489525,3.850833
113.43,3.813682,2.677674
113.44,5.121072,3.592742
113.45,-5.920728,-4.136659
113.46,-2.734012,-1.906133
113.47,6.065127,4.253055
113.48,-5.148235,-3.596541
113.49,2.544567,1.788145
113.50,10.894350,7.632687
113.51,-2.856692,-1.993378
113.52,-4.431074,-3.095809
113.53,-5.001477,-3.495481
113.54,4.891462,3.429160
113.55,9.849377,6.899262
113.56,-4.577198,-3.199801
113.57,-1.948330,-1.360072
113.58,-0.483900,-0.335468
113.59,8.159954,5.714718
113.60,-6.809424,-4.764371
113.61,12.908601,9.037712
113.62,8.130756,5.692677
113.63,3.917451,2.742815
113.64,10.744583,7.521255
113.65,12.421327,8.694423
113.66,-3.000418,-2.101350
113.67,4.872921,3.409440
113.68,3.110424,2.175151
113.69,-5.314854,-3.723075
113.70,16.723685,11.703381
113.71,3.205578,2.240198
113.72,-9.165922,-6.420343
113.73,9.531771,6.667568
113.74,8.383724,5.863482
113.75,1.127054,0.783382
113.76,-0.021678,-0.021138
113.77,6.135177,4.288279
113.78,10.238248,7.160074
113.79,10.996090,7.690239
113.80,9.630616,6.734113
113.81,9.284277,6.491414
113.82,10.767303,7.529303
113.83,8.132302,5.684607
113.84,12.096020,8.459050
113.85,4.232854,2.954710
113.86,8.136361,5.687078
113.87,-0.185879,-0.138540
113.88,-5.429466,-3.809065
113.89,0.243886,0.162305
113.90,5.577694,3.896032
113.91,-5.347136,-3.751251
113.92,-0.626314,-0.446541
113.93,7.042139,4.921545
113.94,16.365438,11.448060
113.95,12.373711,8.654091
113.96,-12.160679,-8.519709
113.97,2.633655,1.836629
113.98,2.390506,1.666761
113.99,-3.122454,-2.191946
114.00,-6.175858,-4.328936
114.01,9.469049,6.622917
114.02,11.417657,7.987385
114.03,-7.857794,-5.504966
114.04,-4.248076,-2.977680
114.05,-7.874019,-5.515337
114.06,4.102959,2.869066
114.07,0.566027,0.393745
114.08,-6.523367,-4.568288
114.09,9.712244,6.797191
114.10,-7.808415,-5.466713
114.11,12.274418,8.591831
114.12,0.589672,0.413072
114.13,9.976608,6.984488
114.14,8.042206,5.630964
114.15,4.477814,3.136441
114.16,6.246765,4.375250
114.17,0.545782,0.385093
114.18,-4.451693,-3.112621
114.19,12.310025,8.621083
114.20,11.381157,7.971361
114.21,7.618568,5.338013
114.22,-2.247603,-1.567864
114.23,3.849411,2.700464
114.24,-1.650633,-1.149174
114.25,-0.655140,-0.451964
114.26,-3.968854,-2.771228
114.27,10.847883,7.600793
114.28,-0.632564,-0.435248
114.29,0.236832,0.173570
114.30,4.696680,3.295668
114.31,-0.026802,-0.010599
114.32,-0.171047,-0.111436
114.33,9.105801,6.382455
114.34,-1.177262,-0.815628
114.35,9.359762,6.560312
114.36,-1.866810,-1.298302
114.37,4.495714,3.155414
114.38,1.243144,0.878527
114.39,2.786270,1.958590
114.40,3.067679,2.155416
114.41,3.761221,2.640699
114.42,8.805559,6.171505
114.43,5.161729,3.620561
114.44,6.040611,4.235482
114.45,8.560264,5.998913
114.46,11.888013,8.327980
114.47,8.897457,6.234207
114.48,4.361624,3.058713
114.49,12.570698,8.804630
114.50,-1.123474,-0.781747
114.51,10.725376,7.511970
114.52,3.737700,2.620101
114.53,0.676209,0.476545
114.54,1.037524,0.728940
114.55,6.567664,4.599500
114.56,4.560783,3.194137
114.57,-4.868197,-3.406702
114.58,-8.575662,-6.002485
114.59,-4.976922,-3.483926
114.60,3.850632,2.694803
114.61,8.182456,5.726524
114.62,-2.048019,-1.435358
114.63,9.206623,6.442349
114.64,8.574840,5.999570
114.65,-3.607214,-2.528387
114.66,-3.495281,-2.450537
114.67,4.243447,2.966085
114.68,7.651811,5.351473
114.69,10.144861,7.096162
114.70,-0.782878,-0.553677
114.71,-10.276391,-7.199533
114.72,2.318392,1.616445
114.73,5.071953,3.543597
114.74,8.526796,5.961675
114.75,-4.873595,-3.418878
114.76,14.276547,9.985974
114.77,9.883285,6.910477
114.78,-4.584100,-3.216871
114.79,4.521483,3.156893
114.80,7.261665,5.074914
114.81,5.366528,3.748247
114.82,6.850636,4.787088
114.83,8.799185,6.151076
114.84,8.014492,5.601830
114.85,9.588322,6.703587
114.86,3.774487,2.634015
114.87,-0.647168,-0.460995
114.88,-1.538361,-1.084648
114.89,17.777645,12.436774
114.90,1.718396,1.195550
114.91,7.884744,5.512277
114.92,0.064910,0.038706
114.93,2.806290,1.958014
114.94,1.766604,1.230604
114.95,-4.922117,-3.451105
114.96,10.803682,7.557375
114.97,-0.642446,-0.454472
114.98,-3.553253,-2.491574
114.99,0.952583,0.662993
115.00,9.722868,6.802690
115.01,15.582208,10.904740
115.02,8.399944,5.877678
115.03,4.904610,3.431476
115.04,13.024627,9.116028
115.05,9.818228,6.872093
115.06,-3.642694,-2.550007
115.07,14.268460,9.988347
115.08,-8.209978,-5.746017
115.09,15.489764,10.844340
115.10,14.642399,10.251716
115.11,1.296055,0.909795
115.12,5.159413,3.614655
115.13,3.172360,2.224212
115.14,-0.740511,-0.514320
115.15,9.838262,6.891281
115.16,13.073574,9.156438
115.17,12.765030,8.940874
115.18,19.008974,13.312027
115.19,14.589056,10.218450
115.20,-2.241633,-1.562693
115.21,2.256844,1.586551
115.22,-5.158250,-3.603735
115.23,-1.811724,-1.260918
115.24,3.246761,2.280237
115.25,9.685089,6.787249
115.26,-7.370806,-5.151729
115.27,-4.164990,-2.907544
115.28,3.551239,2.493895
115.29,4.008795,2.814228
115.30,2.978282,2.092876
115.31,4.959357,3.479601
115.32,-1.070183,-0.741140
115.33,2.587765,1.819325
115.34,15.890381,11.131023
115.35,-2.483379,-1.730775
115.36,-1.883207,-1.310854
115.37,5.031142,3.528959
115.38,0.000307,0.007112
115.39,0.597945,0.425166
115.40,1.804535,1.269458
115.41,8.871374,6.215897
115.42,-3.180149,-2.220543
115.43,-3.844737,-2.686152
115.44,-3.235819,-2.260328
115.45,1.943995,1.365103
115.46,16.064778,11.249193
115.47,7.142407,5.003060
115.48,3.115284,2.183587
115.49,8.102256,5.673968
115.50,14.613788,10.231532
115.51,0.487700,0.342754
115.52,7.314865,5.121249
115.53,4.630736,3.241835
115.54,9.582073,6.707248
115.55,-0.808488,-0.566667
115.56,10.022208,7.014303
115.57,14.313727,10.017855
115.58,-5.324720,-3.729561
115.59,4.320377,3.021517
115.60,-6.679240,-4.678694
115.61,8.336164,5.831627
115.62,5.659333,3.957400
115.63,4.954506,3.463594
115.64,4.614394,3.225110
115.65,-7.517107,-5.267323
115.66,-1.548825,-1.089884
115.67,11.556683,8.083640
115.68,5.567777,3.891101
115.69,-8.424899,-5.904048
115.70,-0.233242,-0.170135
115.71,-4.342202,-3.046622
115.72,3.848899,2.686965
115.73,10.196650,7.130239
115.74,3.199935,2.232421
115.75,9.591315,6.706302
115.76,-1.321982,-0.933057
115.77,5.055643,3.531264
115.78,6.221730,4.347541
115.79,-2.235348,-1.572363
115.80,9.961482,6.965502
115.81,-5.528514,-3.877378
115.82,8.398702,5.871823
115.83,17.389892,12.165837
115.84,7.538792,5.270278
115.85,1.715085,1.193925
115.86,2.093650,1.459190
115.87,1.208155,0.839641
115.88,7.630697,5.335743
115.89,10.740503,7.512955
115.90,7.243674,5.065545
115.91,-0.327313,-0.233754
115.92,7.420644,5.190226
115.93,10.384730,7.265514
115.94,9.669242,6.765116
115.95,-0.629061,-0.443239
115.96,2.721866,1.902878
115.97,-3.800371,-2.662210
115.98,1.912432,1.337238
115.99,-1.889110,-1.323351
116.00,5.771215,4.039369
116.01,7.239055,5.067351
116.02,9.088390,6.362377
116.03,4.083538,2.859469
116.04,4.373042,3.062604
116.05,13.795132,9.658542
116.06,1.291002,0.906116
116.07,3.436236,2.408232
116.08,3.845808,2.695371
116.09,15.599280,10.923224
116.10,-5.129573,-3.586568
116.11,0.602559,0.426311
116.12,5.117185,3.586914
116.13,4.088867,2.867434
116.14,2.669000,1.873845
116.15,10.356461,7.255361
116.16,-2.229548,-1.554579
116.17,8.035806,5.631408
116.18,-0.969035,-0.671771
116.19,-5.071491,-3.543310
116.20,8.679244,6.082355
116.21,7.668873,5.375215
116.22,1.566748,1.103816
116.23,2.366043,1.663380
116.24,13.469901,9.436107
116.25,5.942912,4.167208
116.26,11.215134,7.857726
116.27,4.835032,3.391586
116.28,-1.952457,-1.359756
116.29,3.568344,2.504675
116.30,-0.447384,-0.306494
116.31,8.497607,5.954811
116.32,3.292381,2.310937
116.33,-1.841721,-1.283178
116.34,2.491004,1.749461
116.35,1.019318,0.718988
116.36,-2.980873,-2.081462
116.37,3.963648,2.779365
116.38,3.580174,2.510575
116.39,-1.254847,-0.874316
116.40,-3.827919,-2.675859
116.41,8.484863,5.942680
116.42,1.028323,0.722681
116.43,6.726651,4.711079
116.44,5.488368,3.843839
116.45,3.982824,2.789510
116.46,15.717303,11.003192
116.47,-1.624152,-1.136283
116.48,-1.093480,-0.765271
116.49,0.020638,0.014155
116.50,6.606268,4.623642
116.51,3.317691,2.321189
116.52,22.117599,15.480682
116.53,4.497679,3.146305
116.54,8.659922,6.059452
116.55,-6.077730,-4.257314
116.56,10.612726,7.425609
116.57,14.845567,10.388217
116.58,-9.908506,-6.939996
116.59,4.493890,3.141338
116.60,8.185046,5.724825
116.61,-4.421893,-3.100333
116.62,5.727429,4.003915
116.63,-2.658343,-1.866378
116.64,2.446301,1.706645
116.65,0.679837,0.469919
116.66,3.336252,2.329235
116.67,15.692305,10.978325
116.68,13.436458,9.399114
116.69,8.846185,6.185833
116.70,4.581351,3.200389
116.71,8.698910,6.082649
116.72,0.155849,0.102504
116.73,2.937984,2.050024
116.74,8.282397,5.791169
116.75,3.739004,2.610878
116.76,0.714711,0.493984
116.77,11.145757,7.795856
116.78,7.943884,5.554710
116.79,5.255888,3.673304
116.80,-0.207091,-0.150565
116.81,4.671202,3.264480
116.82,8.984086,6.283761
116.83,-4.184556,-2.934005
116.84,11.129432,7.786091
116.85,11.243252,7.866087
116.86,-1.992757,-1.398780
116.87,9.307137,6.511500
116.88,6.498863,4.546077
116.89,2.909790,2.034106
116.90,-2.257754,-1.582783
116.91,4.857800,3.398505
116.92,-7.716214,-5.402898
116.93,0.292445,0.203575
116.94,5.304015,3.712088
116.95,-9.081349,-6.357250
116.96,-1.930410,-1.351177
116.97,-5.096431,-3.566978
116.98,1.124924,0.788380
116.99,0.750882,0.526954
117.00,8.784340,6.150770
117.01,-4.132768,-2.890819
117.02,-6.031898,-4.219834
117.03,-2.478953,-1.732410
117.04,3.867258,2.710286
117.05,8.934138,6.257435
117.06,-5.779780,-4.041992
117.07,13.089529,9.166822
117.08,16.103059,11.276571
117.09,5.036754,3.530415
117.10,-0.104046,-0.067910
117.11,5.799056,4.064474
117.12,-2.446682,-1.707353
117.13,5.948579,4.169494
117.14,13.471778,9.435874
117.15,3.934476,2.759876
117.16,5.538776,3.882975
117.17,8.133053,5.699032
117.18,3.099240,2.175399
117.19,11.518319,8.068765
117.20,2.429144,1.706327
117.21,7.138812,5.003052
117.22,8.184879,5.735231
117.23,10.664886,7.471143
117.24,6.195304,4.342319
117.25,-3.256376,-2.273999
117.26,-2.039994,-1.422697
117.27,0.554375,0.393174
117.28,-2.213016,-1.544209
117.29,7.140798,5.003231
117.30,-2.873663,-2.007141
117.31,-4.151291,-2.901748
117.32,13.550763,9.489406
117.33,10.747014,7.526481
117.34,0.230438,0.164564
117.35,1.502855,1.054929
117.36,-1.065730,-0.743419
117.37,6.491108,4.546020
117.38,5.663833,3.966572
117.39,0.507111,0.356504
117.40,1.107211,0.776206
117.41,7.163198,5.015027
117.42,12.452432,8.717118
117.43,7.341343,5.138984
117.44,-1.920508,-1.344682
117.45,2.823782,1.975954
117.46,1.999794,1.398801
117.47,14.203497,9.941037
117.48,-3.631763,-2.543992
117.49,-4.821425,-3.377093
117.50,2.475559,1.730470
117.51,6.334909,4.431700
117.52,6.853042,4.794093
117.53,15.505357,10.850428
117.54,4.612961,3.225481
117.55,-0.718028,-0.506463
117.56,11.155996,7.805120
117.57,6.661646,4.658861
117.58,12.464365,8.720569
117.59,-4.569461,-3.203282
117.60,-1.553887,-1.092532
117.61,4.875839,3.408145
117.62,5.348625,3.738989
117.63,18.035043,12.619396
117.64,6.886831,4.815586
117.65,7.214743,5.045086
117.66,7.544766,5.276087
117.67,5.877178,4.108783
117.68,-3.692487,-2.589952
117.69,5.509452,3.851459
117.70,-1.962080,-1.378537
117.71,5.388314,3.766837
117.72,5.661596,3.958254
117.73,11.011115,7.703057
117.74,-5.954571,-4.172763
117.75,3.055558,2.134506
117.76,1.871011,1.305520
117.77,10.344808,7.237393
117.78,11.267713,7.883657
117.79,3.382382,2.364171
117.80,2.368251,1.654540
117.81,1.569841,1.095925
117.82,-4.518004,-3.165282
117.83,5.931969,4.149992
117.84,0.338490,0.234860
117.85,-0.503844,-0.354464
117.86,-11.011964,-7.709832
117.87,-1.689043,-1.183467
117.88,-9.620889,-6.735436
117.89,15.113384,10.578880
117.90,-2.245901,-1.572294
117.91,-1.225263,-0.857524
117.92,1.763076,1.234635
117.93,5.267971,3.688379
117.94,0.097208,0.069156
117.95,1.168506,0.819369
117.96,6.134997,4.296210
117.97,12.501397,8.752977
117.98,8.545330,5.984007
117.99,4.762297,3.336148
118.00,-5.396480,-3.774744
118.01,-8.784455,-6.146088
118.02,1.421427,0.998252
118.03,4.474149,3.135365
118.04,-12.234464,-8.560473
118.05,-6.868840,-4.804362
118.06,-7.028670,-4.916088
118.07,2.101673,1.475290
118.08,0.944500,0.665386
118.09,-3.469435,-2.424270
118.10,-6.856231,-4.794948
118.11,-0.443140,-0.305725
118.12,11.505485,8.058351
118.13,-0.398239,-0.274237
118.14,11.318876,7.927743
118.15,7.321028,5.129228
118.16,-0.658291,-0.456337
118.17,-3.712529,-2.594364
118.18,-1.130892,-0.787297
118.19,-5.338960,-3.733042
118.20,-6.300600,-4.406306
118.21,3.697856,2.592480
118.22,7.631661,5.345994
118.23,4.222279,2.959261
118.24,-10.549432,-7.381117
118.25,2.242909,1.573326
118.26,1.285160,0.902695
118.27,2.863142,2.007062
118.28,6.264192,4.387566
118.29,4.908954,3.438659
118.30,-0.221903,-0.153191
118.31,10.391753,7.276111
118.32,-8.168635,-5.716424
118.33,8.004999,5.604851
118.34,1.484818,1.040451
118.35,-1.540551,-1.077583
118.36,-10.964003,-7.674276
118.37,-3.219913,-2.253691
118.38,6.176668,4.323639
118.39,5.667063,3.966641
118.40,10.050015,7.034436
118.41,0.204226,0.142117
118.42,3.305946,2.313061
118.43,1.762933,1.232697
118.44,11.415880,7.989514
118.45,7.308242,5.113930
118.46,11.618439,8.130841
118.47,-0.750971,-0.527963
118.48,10.773051,7.538648
118.49,3.565545,2.493201
118.50,-5.864085,-4.107719
118.51,-4.484818,-3.142397
118.52,-7.572433,-5.303878
118.53,-0.298561,-0.212304
118.54,-0.270482,-0.192768
118.55,12.711646,8.894618
118.56,9.544780,6.677724
118.57,-12.965435,-9.079497
118.58,-6.870602,-4.813168
118.59,2.917178,2.038241
118.60,-1.148532,-0.807776
118.61,4.510487,3.153534
118.62,5.058520,3.537171
118.63,3.622083,2.531695
118.64,5.321422,3.721279
118.65,6.951533,4.862420
118.66,11.723463,8.202849
118.67,4.521975,3.161901
118.68,-5.970147,-4.182477
118.69,-11.045255,-7.734931
118.70,-8.810080,-6.170173
118.71,-4.319140,-3.026368
118.72,8.552442,5.983900
118.73,-6.227416,-4.361830
118.74,-14.257984,-9.983047
118.75,-4.289545,-3.004950
118.76,-3.995363,-2.798824
118.77,-10.046474,-7.034396
118.78,2.788600,1.950369
118.79,1.150033,0.803590
118.80,0.248797,0.172947
118.81,1.667246,1.166087
118.82,7.123232,4.985505
118.83,-2.018468,-1.413455
118.84,-8.434269,-5.904286
118.85,3.459006,2.421236
118.86,2.026547,1.418742
118.87,3.328566,2.330380
118.88,-5.403993,-3.782190
118.89,-11.630342,-8.140418
118.90,8.366654,5.857690
118.91,-2.231539,-1.560841
118.92,-0.024246,-0.015539
118.93,2.619570,1.835322
118.94,15.041672,10.530973
118.95,0.124765,0.089309
118.96,-5.919704,-4.141659
118.97,-1.986639,-1.388364
118.98,6.312662,4.421284
118.99,3.053165,2.139762
119.00,-5.331295,-3.729246
119.01,-2.459009,-1.718545
119.02,-0.170337,-0.116387
119.03,-8.196165,-5.734392
119.04,0.229802,0.163845
119.05,8.104893,5.676456
119.06,-4.104164,-2.869851
119.07,-7.484099,-5.235785
119.08,-1.611587,-1.125022
119.09,-9.221623,-6.452055
119.10,-0.725553,-0.504828
119.11,0.446940,0.315883
119.12,-1.143868,-0.797731
119.13,2.183257,1.531196
119.14,5.000799,3.503403
119.15,-2.994998,-2.093740
119.16,7.757035,5.432587
119.17,-4.575947,-3.200607
119.18,-11.777680,-8.241937
119.19,3.036491,2.127857
119.20,-12.051498,-8.433872
119.21,-5.076202,-3.551308
119.22,-0.626461,-0.436640
119.23,-5.751717,-4.024477
119.24,-8.347327,-5.841568
119.25,3.367813,2.358861
119.26,-9.900150,-6.928887
119.27,0.921824,0.646318
119.28,-6.992386,-4.893808
119.29,-5.178982,-3.624607
119.30,1.167030,0.817419
119.31,-3.994349,-2.795730
119.32,-5.511788,-3.858119
119.33,6.905008,4.833456
119.34,0.451605,0.315896
119.35,4.610230,3.226758
119.36,-2.134884,-1.494995
119.37,-0.833414,-0.584133
119.38,9.595723,6.716100
119.39,1.165142,0.814536
119.40,8.843271,6.189076
119.41,3.086265,2.159028
119.42,-4.753302,-3.328805
119.43,7.610920,5.326023
119.44,-0.377224,-0.265797
119.45,-6.203957,-4.344620
119.46,-3.805564,-2.665846
119.47,6.308514,4.413918
119.48,8.422675,5.893750
119.49,-0.288563,-0.204188
119.50,7.833219,5.481000
119.51,12.855597,8.996615
119.52,-10.495577,-7.349245
119.53,-7.325350,-5.130114
119.54,0.279980,0.193599
119.55,-9.212781,-6.451339
119.56,-1.610165,-1.129503
119.57,-2.643691,-1.852957
119.58,5.628186,3.937382
119.59,-10.104768,-7.075650
119.60,-3.280291,-2.298471
119.61,-5.367273,-3.759304
119.62,-1.084838,-0.761536
119.63,-10.520399,-7.366356
119.64,-8.620836,-6.036581
119.65,-3.880364,-2.718162
119.66,4.729078,3.308543
119.67,-4.633119,-3.244892
119.68,6.642155,4.647909
119.69,-1.283822,-0.900160
119.70,-10.466062,-7.327609
119.71,-4.730409,-3.312527
119.72,-9.808090,-6.866776
119.73,2.508997,1.755316
119.74,-14.939583,-10.458556
119.75,-12.608503,-8.826664
119.76,0.296507,0.206980
119.77,4.790657,3.353023
119.78,5.200024,3.639718
119.79,4.372485,3.060579
119.80,-7.072019,-4.950438
119.81,-6.585563,-4.609784
119.82,4.189778,2.933087
119.83,-5.625197,-3.937266
119.84,-5.435380,-3.804269
119.85,-6.597852,-4.617877
119.86,0.909230,0.637198
119.87,3.283075,2.299001
119.88,2.679135,1.876351
119.89,3.906746,2.735779
119.90,-2.173266,-1.520134
119.91,4.771057,3.340981
119.92,-1.294861,-0.905080
119.93,-2.322695,-1.624489
119.94,-2.580846,-1.805127
119.95,-0.362574,-0.252277
119.96,-7.137053,-4.994360
119.97,5.273842,3.693311
119.98,-11.747769,-8.221780
119.99,-2.046072,-1.430564
